persona_id,clinician_id,turn,Message,PersonaReply,1. Sadness,2. Pessimism,3. Past Failure,4. Loss of Pleasure,5. Guilty Feelings,6. Punishment Feelings,7. Self-Dislike,8. Self-Criticalness,9. Suicidal Thoughts or Wishes,10. Crying,11. Agitation,12. Loss of Interest,13. Indecisiveness,14. Worthlessness,15. Loss of Energy,16. Changes in Sleeping Pattern,17. Irritability,18. Changes in Appetite,19. Concentration Difficulty,20. Tiredness or Fatigue,21. Loss of Interest in Sex,1.Score,2.Score,3.Score,4.Score,5.Score,6.Score,7.Score,8.Score,9.Score,10.Score,11.Score,12.Score,13.Score,14.Score,15.Score,16.Score,17.Score,18.Score,19.Score,20.Score,21.Score
3,12,1,"Over the past two weeks, how have you been feeling emotionally?","A bit flat. I get up, do the things I need to, but I don't really feel like I’m doing it. It’s like I’m just going through the motions.",1,0,0,1,0,0,0,0,0,0,0,0,0,0,0,0,0,0,0,0,0,1,-1,-1,1,-1,-1,-1,-1,-1,-1,-1,-1,-1,-1,-1,-1,-1,-1,-1,-1,-1
3,12,2,"Over the past two weeks, have you found yourself enjoying hobbies, social activities, or other things you used to like less than before?","Not really. I've tried watching TV, but it feels like I’m just sitting there waiting for something to happen. It’s not relaxing like it used to be.",0,0,0,1,0,0,0,0,0,0,0,1,0,0,0,0,0,0,0,0,0,-1,-1,-1,1,-1,-1,-1,-1,-1,-1,-1,1,-1,-1,-1,-1,-1,-1,-1,-1,-1
3,12,3,"How has your energy been recently? Do you feel as energetic as usual, or do everyday tasks seem more tiring?","Definitely more tiring. I feel like I need to sleep in just to function, and even then I’m pretty drained. It’s like I’m running on low battery.",0,0,0,0,0,0,0,0,0,0,0,0,0,0,1,1,0,0,0,1,0,-1,-1,-1,-1,-1,-1,-1,-1,-1,-1,-1,-1,-1,-1,2,1,-1,-1,-1,2,-1
3,12,4,"Have you noticed any changes in your sleep, such as sleeping more, sleeping less, or having trouble staying asleep?","I’m sleeping a bit more, I guess, but it feels heavy. I wake up feeling like I haven't really rested. I’m trying to force myself to wind down earlier, but it’s hard to relax.",0,0,0,0,0,0,0,0,0,0,1,0,0,0,0,1,0,0,0,1,0,-1,-1,-1,-1,-1,-1,-1,-1,-1,-1,1,-1,-1,-1,-1,1,-1,-1,-1,1,-1
3,12,5,"How has your appetite been? Have you been eating more, less or about the same as usual?","Less. I’m not really hungry when I wake up, and I’m having to force myself to eat. It’s like my interest in food has just kind of... dropped off.",0,0,0,0,0,0,0,0,0,0,0,1,0,0,0,0,0,1,0,0,0,-1,-1,-1,-1,-1,-1,-1,-1,-1,-1,-1,1,-1,-1,-1,-1,-1,1,-1,-1,-1
3,12,6,"When you think about the future, do you generally expect things to improve, stay the same, or do you find yourself expecting things to go badly?","I guess I’m expecting things to be a bit of a struggle for a while. I just need to get my head back in the game, I suppose.",0,1,0,0,0,0,0,0,0,0,0,0,0,0,0,0,0,0,0,0,0,-1,1,-1,-1,-1,-1,-1,-1,-1,-1,-1,-1,-1,-1,-1,-1,-1,-1,-1,-1,-1
3,12,7,How have you been thinking a lot about mistakes or feeling like you have failed in important areas of your life?,"Yeah, definitely. I keep thinking I should have done things differently, and it makes me feel pretty useless.",0,0,1,0,0,0,0,0,0,0,0,0,0,0,0,0,0,0,0,0,0,-1,-1,1,-1,-1,-1,-1,-1,-1,-1,-1,-1,-1,-1,-1,-1,-1,-1,-1,-1,-1
3,12,8,"Have you bee blaming yourself or feeling guilty about things more than usualc, even about things that might not really be your fault?","Yeah, that’s where I am. I feel like I should have done more to prevent it, even if it wasn’t really my fault.",0,0,0,0,1,0,0,0,0,0,0,0,0,0,0,0,0,0,0,0,0,-1,-1,-1,-1,1,-1,-1,-1,-1,-1,-1,-1,-1,-1,-1,-1,-1,-1,-1,-1,-1
3,12,9,Do you ever feel like you deserve to be punished or that bad things happening to you are somehow deserved?,"I guess I do, a bit. I feel like if I had just been more disciplined or better prepared, this wouldn't have happened.",0,0,0,0,0,1,0,0,0,0,0,0,0,0,0,0,0,0,0,0,0,-1,-1,-1,-1,-1,1,-1,-1,-1,-1,-1,-1,-1,-1,-1,-1,-1,-1,-1,-1,-1
3,12,10,How have you been feeling about yourself lately? Have you found yourself disliking who you are or feeling disappointed in yourself as a person?,"Yeah, definitely. I feel like I’ve wasted so much time and energy. I’m just really frustrated with myself for not being further ahead.",0,0,0,0,0,0,1,0,0,0,0,0,0,0,0,0,0,0,0,0,0,-1,-1,-1,-1,-1,-1,1,-1,-1,-1,-1,-1,-1,-1,-1,-1,-1,-1,-1,-1,-1
3,12,11,When things go wrong do you find yourself criticizing or blaming yourself more harshly than you used to/,"Yeah, definitely. I’m way harder on myself than I used to be. I guess I just feel like I should be better at this by now.",0,0,0,0,0,0,0,1,0,0,0,0,0,0,0,0,0,0,0,0,0,-1,-1,-1,-1,-1,-1,-1,2,-1,-1,-1,-1,-1,-1,-1,-1,-1,-1,-1,-1,-1
3,12,12,"Have you had suicidal thoughts that life is not worth living, wished you could go to sleep and not wake up, or had any thoughts of harming yourself?","Yeah, I have had those thoughts. It’s just a feeling of being stuck, and I don't know how to get out of it.",0,0,0,0,0,0,0,0,1,0,0,0,0,0,0,0,0,0,0,0,0,-1,-1,-1,-1,-1,-1,-1,-1,0,-1,-1,-1,-1,-1,-1,-1,-1,-1,-1,-1,-1
3,12,13,Have you noticed any changes in how often you cry or feel like crying?,"Yeah, it’s been happening more. I guess it’s just a release of frustration and disappointment.",0,0,0,0,0,0,0,0,0,1,0,0,0,0,0,0,0,0,0,0,0,-1,-1,-1,-1,-1,-1,-1,-1,-1,2,-1,-1,-1,-1,-1,-1,-1,-1,-1,-1,-1
3,12,14,Have you found worthless or like you don't have much value to others?,"Yeah, that’s what I feel. I’m just a waste of space, and I don't know how to make it stop.",0,0,0,0,0,0,0,0,0,0,0,0,1,0,0,0,0,0,0,0,0,-1,-1,-1,-1,-1,-1,-1,-1,-1,-1,-1,-1,1,-1,-1,-1,-1,-1,-1,-1,-1
3,12,15,"Have you found it harder than usual to make decisions, even about everyday things?","Yeah, it’s been really hard. I feel like I’m just drifting through life without a purpose.",0,0,0,0,0,0,0,0,0,0,0,0,1,0,0,0,0,0,0,0,0,-1,-1,-1,-1,-1,-1,-1,-1,-1,-1,-1,-1,2,-1,-1,-1,-1,-1,-1,-1,-1
3,12,16,Do you ever feel worthless or like you don't have much value to others?,"Yeah, that’s what I feel. I’m just a waste of space, and I don't know how to make it stop.",0,0,0,0,0,0,0,0,0,0,0,0,0,1,0,0,0,0,0,0,0,-1,-1,-1,-1,-1,-1,-1,-1,-1,-1,-1,-1,-1,2,-1,-1,-1,-1,-1,-1,-1
3,12,17,"Have you been getting annoyed, frustrated, or irritated more easily than usual?","Yeah, definitely. I get agitated just sitting around, which is weird.",0,0,0,0,0,0,0,0,0,0,0,0,0,0,0,0,1,0,0,0,0,-1,-1,-1,-1,-1,-1,-1,-1,-1,-1,-1,-1,-1,-1,-1,-1,2,-1,-1,-1,-1
3,12,18,"Have you had trouble concentrating on reading, TV, conversations, or tasks that normally hold your attention?","Yeah, it’s been a real struggle. I can’t seem to focus on anything for more than five minutes.",0,0,0,0,0,0,0,0,0,0,0,0,0,0,0,0,0,0,1,0,0,-1,-1,-1,-1,-1,-1,-1,-1,-1,-1,-1,-1,-1,-1,-1,-1,-1,-1,2,-1,-1
3,12,19,Have you noticed any changes in your interest in sex or physical intimacy compared with your usual level?,"No, not really. I just feel like I’m going through the motions.",0,0,0,0,0,0,0,0,0,0,0,0,0,0,0,0,0,0,0,0,1,-1,-1,-1,-1,-1,-1,-1,-1,-1,-1,-1,-1,-1,-1,-1,-1,-1,-1,-1,-1,1
8,12,1,"Hi, thank you for joining today. I'm here to listen. How have you been feeling lately? What's brought you in today?","I've been a bit down. I just feel really drained, even after resting. I think it’s just stress from work, but I want to make sure it isn't anything serious.",0,0,0,0,0,0,0,0,0,0,0,0,0,0,1,0,0,0,0,1,0,-1,-1,-1,-1,-1,-1,-1,-1,-1,-1,-1,-1,-1,-1,0,-1,-1,-1,-1,0,-1
8,12,2,"Thank you for sharing that. Running on empty for a long time can be really draining. When you say tired, is it more physical exhaustion, or do you also feel emotionally drained or low in mood?","Both, probably. I just feel like I’m moving through the days on autopilot. I don't have the energy to do things I enjoy, which is frustrating.",0,0,0,1,0,0,0,0,0,0,0,1,0,0,0,0,0,0,0,1,0,-1,-1,-1,1,-1,-1,-1,-1,-1,-1,-1,1,-1,-1,-1,-1,-1,-1,-1,1,-1
8,12,3,"I hear you - that autopilot feeling can be really frustrating when you lose energy for things you enjoy. Have you noticed you're getting less pleasure or less interest from things you used to like? And when that happens, do you find yourself being self-critical or feeling guilty like you should be doing more?","Yeah, I definitely feel like I’m just going through the motions. And sometimes I do feel a bit guilty about it, like I should be doing more to lift my mood. It’s hard to get past that feeling.",0,0,1,0,1,0,0,1,0,0,0,1,0,0,0,0,0,0,0,0,0,-1,-1,1,-1,1,-1,-1,1,-1,-1,-1,1,-1,-1,-1,-1,-1,-1,-1,-1,-1
8,12,4,"Thank you for sharing that. It's understandable to feel guilty when you're low. When you have those thoughts, do you also find yourself feeling like you're failing, disliking yourself, or that you might be worthless? And do you ever feel like you are being punished?","Yeah, I guess I do feel a bit like I'm failing sometimes. I don't like the feeling of being stuck in this rut. It feels like I’m stuck in neutral, just waiting for something to shift.",0,1,0,0,0,0,1,0,0,0,0,0,0,1,0,0,0,0,0,0,0,-1,1,-1,-1,-1,-1,0,-1,-1,-1,-1,-1,-1,0,-1,-1,-1,-1,-1,-1,-1
8,12,5,"Thank you for sharing that - feeling stuck in neutral sounds really difficult. When you're feeling down like this, how do you see the future? Do you feel pessimistic or hopeless about things getting better? And I want to check - have you had any thoughts of crying a lot, or any thoughts that you might be better off not being here, or thoughts of harming yourself?","I see the future as a bit of a blank right now. I’m just trying to get through each day without losing my mind. I haven't had any thoughts about hurting myself, just a lot of frustration and disappointment.",0,0,0,0,0,0,0,0,1,0,1,0,0,0,0,0,1,1,0,0,0,-1,-1,-1,-1,-1,-1,-1,-1,1,-1,1,-1,-1,-1,-1,-1,1,1,-1,-1,-1
8,12,6,"Thank you for being so open and for clarifying that, I appreciate it. It makes sense to feel frustrated when the future feels blank. I'm wondering about some physical changes - how has your sleep been? Have you noticed changes in your appetite or energy? And have you had any trouble concentrating, making decisions, or feeling more tired than usual?","My sleep is a bit patchy. I wake up sometimes and can't get back to sleep. I'm a bit hungry, but I don't have the energy to eat much. It's just a general tiredness.",0,0,0,0,0,0,0,0,0,0,0,0,0,0,1,1,0,1,0,1,0,-1,-1,-1,-1,-1,-1,-1,-1,-1,-1,-1,-1,-1,-1,1,1,-1,1,-1,1,-1
8,12,7,"Thank you for sharing that - patchy sleep and low energy can really make everything harder. Just a couple more things - have you noticed any difficulty concentrating or making decisions? And have you had any changes in your interest in intimacy or sex, or noticed you're more irritable, crying more, or feeling agitated?","I get a bit stuck on things sometimes. It’s hard to focus on work or even make a choice about what to eat. And yeah, I’m a bit irritable. I don't like it, but I guess it’s just part of the low mood.",1,0,0,0,0,1,0,0,0,1,0,0,1,0,0,0,0,0,1,0,1,1,-1,-1,-1,-1,1,-1,-1,-1,1,-1,-1,1,-1,-1,-1,-1,-1,1,-1,1
9,23,1,hello,"Hi. I'm a bit anxious about the appointment. I keep thinking I’m just overreacting, but I want to make sure I’m not overlooking anything important.",0,0,0,0,0,0,0,1,0,0,0,0,0,0,0,0,0,0,0,0,0,-1,-1,-1,-1,-1,-1,-1,1,-1,-1,-1,-1,-1,-1,-1,-1,-1,-1,-1,-1,-1
9,23,2,"Ok, tell me more.","Just little things, like the noise in the city. It’s probably just me being tired, but it feels like I’m on edge all the time.",0,0,0,1,0,0,0,1,0,0,1,0,0,0,0,0,0,0,1,0,0,-1,-1,-1,2,-1,-1,-1,1,-1,-1,2,-1,-1,-1,-1,-1,-1,-1,1,-1,-1
9,23,3,"That sounds very hard, being on edge all the time.","Yeah, I know. I’m working on it. I just need to find a way to relax better, I suppose.",0,0,0,0,0,1,0,0,0,0,0,0,0,0,0,0,0,0,0,1,0,-1,-1,-1,-1,-1,1,-1,-1,-1,-1,-1,-1,-1,-1,-1,-1,-1,-1,-1,2,-1
9,23,4,I can sense some uncertainty in what you're saying to me,Maybe. I don't want to sound like I'm complaining. I just want to get better at this moving thing.,0,0,0,0,1,0,0,1,0,0,0,0,0,0,0,0,0,0,0,0,0,-1,-1,-1,-1,1,-1,-1,1,-1,-1,-1,-1,-1,-1,-1,-1,-1,-1,-1,-1,-1
9,23,5,Why don't you want to sound like you're complaning?,"I don't know, it just feels like I’m failing at this adult thing. I don't want to seem like I’m whining.",1,0,0,1,1,0,1,0,0,0,0,0,0,0,0,0,0,0,0,1,0,1,-1,-1,1,2,-1,2,-1,-1,-1,-1,-1,-1,-1,-1,-1,-1,-1,-1,1,-1
9,23,6,I can hear your sense of not being good enough in some way. What is it about whining that feels unacceptable to you?,I guess it’s just that I’m supposed to be more sorted by now. It’s embarrassing that I’m still figuring things out.,0,0,0,0,1,0,1,0,0,0,0,0,0,1,0,0,0,0,0,0,0,-1,-1,-1,-1,2,-1,2,-1,-1,-1,-1,-1,-1,1,-1,-1,-1,-1,-1,-1,-1
9,23,7,Ok. More sorted according to whom?,Just in general. I feel like I’m the only one who hasn't got their life together.,0,1,1,0,1,0,1,0,0,0,1,0,0,0,0,0,0,0,0,0,0,-1,1,2,-1,2,-1,3,-1,-1,-1,1,-1,-1,-1,-1,-1,-1,-1,-1,-1,-1
9,23,8,It sounds like you compare yourself to other people a lot,"Yeah, I guess I do. It’s probably just because I’m trying to fit in.",0,0,0,0,0,0,0,1,0,0,0,0,0,0,0,0,0,0,0,0,0,-1,-1,-1,-1,-1,-1,-1,2,-1,-1,-1,-1,-1,-1,-1,-1,-1,-1,-1,-1,-1
9,23,9,"Have you always felt the need to fit in with other people, since you were a child?",Kind of. I was always the quiet one. I think it’s just a habit I developed.,0,0,1,0,0,0,0,1,0,0,0,0,0,0,0,0,0,0,0,0,0,-1,-1,1,-1,-1,-1,-1,1,-1,-1,-1,-1,-1,-1,-1,-1,-1,-1,-1,-1,-1
9,23,10,Habits developed in childhood don't always serve us well in adulthood,I guess you're right. I'm working on it.,0,0,0,0,0,0,0,0,0,0,0,0,0,0,0,0,0,0,0,1,0,-1,-1,-1,-1,-1,-1,-1,-1,-1,-1,-1,-1,-1,-1,-1,-1,-1,-1,-1,1,-1
9,23,11,Tell me how are you feeling right now,A bit drained. I think I just need a better routine or something.,0,0,0,0,0,0,0,1,0,0,0,1,0,0,1,0,0,0,0,0,0,-1,-1,-1,-1,-1,-1,-1,0,-1,-1,-1,0,-1,-1,0,-1,-1,-1,-1,-1,-1
9,23,12,What do you think that better routine might look like,"I don't know, maybe just having a set schedule. I'm working on it.",1,0,0,0,0,0,0,0,0,0,0,0,0,0,0,0,0,0,0,0,0,1,-1,-1,-1,-1,-1,-1,-1,-1,-1,-1,-1,-1,-1,-1,-1,-1,-1,-1,-1,-1
9,23,13,you are saying 'i'm working on it' a lot ,"Yeah, I keep saying that. I guess I’m just trying to be positive about it.",0,0,0,0,0,0,0,0,0,0,0,0,0,0,0,0,1,0,0,0,0,-1,-1,-1,-1,-1,-1,-1,-1,-1,-1,-1,-1,-1,-1,-1,-1,0,-1,-1,-1,-1
9,23,14,"that's fair enough, but it's important to let yourself feel all the feelings",I know. I just keep thinking I should be over this stuff by now.,0,0,1,0,1,0,0,1,0,0,0,0,0,1,0,0,0,0,0,0,0,-1,-1,0,-1,0,-1,-1,0,-1,-1,-1,-1,-1,0,-1,-1,-1,-1,-1,-1,-1
9,23,15,how is your appetite ,"It’s been a bit off. I’m trying to force myself to eat more, but it’s hard when I’m not hungry.",0,0,0,0,0,0,0,0,0,0,0,0,0,0,0,0,0,1,0,0,0,-1,-1,-1,-1,-1,-1,-1,-1,-1,-1,-1,-1,-1,-1,-1,-1,-1,2,-1,-1,-1
9,23,16,"Yes, I understand. Have you had any suicidal thoughts or wishes?","No, I don't think I could ever do that. I just feel like I’m stuck.",1,0,0,0,0,0,0,1,1,0,0,0,0,0,0,0,0,0,0,0,0,1,-1,-1,-1,-1,-1,-1,2,0,-1,-1,-1,-1,-1,-1,-1,-1,-1,-1,-1,-1
9,23,17,Yeah I hear you. do you express emotions through crying?,Rarely. I just get this lump in my throat.,0,0,0,0,0,0,0,0,0,1,0,0,0,0,0,0,0,0,0,0,0,-1,-1,-1,-1,-1,-1,-1,-1,-1,0,-1,-1,-1,-1,-1,-1,-1,-1,-1,-1,-1
9,23,18,"Crying can be quite cathartic, but I can pick up on sense of stuckness with that lump in your throat. ","Yeah. I know it sounds silly, but I just feel like I should be more in control of my life.",0,0,0,0,0,0,0,0,0,0,0,0,1,0,0,0,0,0,0,0,0,-1,-1,-1,-1,-1,-1,-1,-1,-1,-1,-1,-1,1,-1,-1,-1,-1,-1,-1,-1,-1
9,23,19,How is your sleeping pattern?,It’s all over the place. I go to bed late and then I’m tired in the day.,0,0,0,0,0,0,0,0,0,0,0,0,0,0,0,1,0,0,0,0,0,-1,-1,-1,-1,-1,-1,-1,-1,-1,-1,-1,-1,-1,-1,-1,3,-1,-1,-1,-1,-1
9,23,20,That's really challenging and might be a good place to start when changing your routine. How is your sec life,"It’s okay. I go to the gym a few times a week, but that’s about it.",0,0,0,0,0,0,0,0,0,0,0,0,0,0,0,0,0,0,0,0,1,-1,-1,-1,-1,-1,-1,-1,-1,-1,-1,-1,-1,-1,-1,-1,-1,-1,-1,-1,-1,1
15,39,1,Hi. How have you been?,I guess I've been pretty tired lately. I wake up in the middle of the night and I can't fall back asleep.,0,0,0,0,0,0,0,0,0,0,0,0,0,0,0,1,0,0,0,0,0,-1,-1,-1,-1,-1,-1,-1,-1,-1,-1,-1,-1,-1,-1,-1,2,-1,-1,-1,-1,-1
15,39,2,Sorry to hear that. Why is that and how has that been different from your usual routine?,"I think it's the stress at work. I'm usually okay, but lately, it feels like my mind is always running.",0,0,0,0,0,0,0,0,0,0,0,0,0,0,0,0,0,0,0,0,0,-1,-1,-1,-1,-1,-1,-1,-1,-1,-1,-1,-1,-1,-1,-1,-1,-1,-1,-1,-1,-1
15,39,3,What do you mean by that?,"I just keep thinking about things I should do. Like, I know I should get up and make breakfast, but my brain just stays on work stuff.",0,0,0,0,0,0,0,0,0,0,0,0,0,0,1,0,0,0,0,0,0,-1,-1,-1,-1,-1,-1,-1,-1,-1,-1,-1,-1,-1,-1,2,-1,-1,-1,-1,-1,-1
15,39,4,What is bothering you so much at work that you are having difficulty concentrating on anything else?,"It's just...I feel like I'm missing things. I used to be better at my job, and now I feel like I'm just getting by.",1,0,0,0,0,0,0,1,0,0,1,0,0,0,0,0,0,0,1,0,0,2,-1,-1,-1,-1,-1,-1,2,-1,-1,1,-1,-1,-1,-1,-1,-1,-1,2,-1,-1
15,39,5,Why do you think so? Has there been anything that has made you like this?,Maybe just the pressure to perform. I don't know if I'm cut out for this job anymore.,0,1,0,0,0,0,0,0,0,0,0,0,0,0,0,0,0,0,0,0,0,-1,2,-1,-1,-1,-1,-1,-1,-1,-1,-1,-1,-1,-1,-1,-1,-1,-1,-1,-1,-1
15,39,6,Why and what has changed?,I don't know. I guess I just feel like I'm not doing what I'm supposed to be doing.,0,0,0,0,0,0,0,0,0,0,0,1,0,0,0,0,0,0,0,0,0,-1,-1,-1,-1,-1,-1,-1,-1,-1,-1,-1,2,-1,-1,-1,-1,-1,-1,-1,-1,-1
15,39,7,Is this something related to what happened at work or do you think it's more internal?,"I guess it's both. I feel like I let someone down, and I don't know how to make it right.",0,0,1,0,1,0,0,0,0,0,0,0,0,0,0,0,0,0,0,0,0,-1,-1,2,-1,3,-1,-1,-1,-1,-1,-1,-1,-1,-1,-1,-1,-1,-1,-1,-1,-1
15,39,8,Who do you think you let down?,"My boss, maybe. Or my team. I don't know, I just feel like I'm supposed to be better at this.",0,0,0,0,0,0,0,0,0,0,0,0,0,0,0,0,0,0,0,0,0,-1,-1,-1,-1,-1,-1,-1,-1,-1,-1,-1,-1,-1,-1,-1,-1,-1,-1,-1,-1,-1
15,39,9,Did anything happen at work to trigger this all of a sudden?,"Yeah. I had a meeting with my boss last week and...I don't know, I just felt like I failed.",0,0,1,0,0,0,0,0,0,0,0,0,0,0,0,0,0,0,0,0,0,-1,-1,3,-1,-1,-1,-1,-1,-1,-1,-1,-1,-1,-1,-1,-1,-1,-1,-1,-1,-1
15,39,10,How did that make you feel?,"Like I'm just not good enough, I guess. It made me realize how much I rely on things going right, and now they're not.",0,0,0,0,0,0,0,0,0,0,0,0,0,0,0,0,0,0,0,0,0,-1,-1,-1,-1,-1,-1,-1,-1,-1,-1,-1,-1,-1,-1,-1,-1,-1,-1,-1,-1,-1
15,39,11,"Do you no longer feel joy working or in life, in general?",Not really. I guess I just feel...lost.,0,0,0,1,0,0,0,0,0,0,0,0,0,0,0,0,0,0,0,1,0,-1,-1,-1,2,-1,-1,-1,-1,-1,-1,-1,-1,-1,-1,-1,-1,-1,-1,-1,2,-1
15,39,12,Have you been hard on yourself during this transition?,Yeah. I blame myself for everything. I don't know how to stop it.,0,0,0,0,0,1,1,0,0,0,0,0,0,0,0,0,0,0,0,0,0,-1,-1,-1,-1,-1,2,2,-1,-1,-1,-1,-1,-1,-1,-1,-1,-1,-1,-1,-1,-1
15,39,13,Have you thought of how you can get out of this funk?,I don't know. I guess I just need to get through the days.,0,0,0,0,0,0,0,0,0,0,0,0,1,0,0,0,0,0,0,0,0,-1,-1,-1,-1,-1,-1,-1,-1,-1,-1,-1,-1,2,-1,-1,-1,-1,-1,-1,-1,-1
15,39,14,and how have you been coping?,I just go through the motions. I don't have much energy for anything else.,0,0,0,0,0,0,0,0,0,0,0,0,0,0,1,0,0,0,0,0,0,-1,-1,-1,-1,-1,-1,-1,-1,-1,-1,-1,-1,-1,-1,3,-1,-1,-1,-1,-1,-1
15,39,15,Have you cried to process thing or sought out comfort in others?,No. I just keep my head down and hope it passes.,0,0,0,0,0,0,0,0,0,1,0,0,0,0,0,0,0,0,0,0,0,-1,-1,-1,-1,-1,-1,-1,-1,-1,0,-1,-1,-1,-1,-1,-1,-1,-1,-1,-1,-1
15,39,16,Have you felt short-tempered or irritated by things more quickly?,Yeah. I get tired of everything. I guess I'm just short on patience.,0,0,0,0,0,0,0,0,0,0,0,0,0,0,0,0,1,0,0,0,0,-1,-1,-1,-1,-1,-1,-1,-1,-1,-1,-1,-1,-1,-1,-1,-1,2,-1,-1,-1,-1
15,39,17,How have you been feeling about yourself?,Bad. I feel like I'm just failing at everything.,0,0,0,0,0,0,0,0,0,0,0,0,0,1,0,0,0,0,0,0,0,-1,-1,-1,-1,-1,-1,-1,-1,-1,-1,-1,-1,-1,2,-1,-1,-1,-1,-1,-1,-1
15,39,18,Have you had any thoughts about hurting yourself?,Not really. I just feel empty.,0,0,0,0,0,0,0,0,1,0,0,0,0,0,0,0,0,0,0,0,0,-1,-1,-1,-1,-1,-1,-1,-1,0,-1,-1,-1,-1,-1,-1,-1,-1,-1,-1,-1,-1
15,39,19,How has your sex life been? and your general relationships?,I don't have much time for that lately. I just stay inside and avoid people.,0,0,0,0,0,0,0,0,0,0,0,0,0,0,0,0,0,0,0,0,1,-1,-1,-1,-1,-1,-1,-1,-1,-1,-1,-1,-1,-1,-1,-1,-1,-1,-1,-1,-1,3
15,39,20,What about your sleep and eating habits?,I eat whatever is easy. I don't really have an appetite.,0,0,0,0,0,0,0,0,0,0,0,0,0,0,0,0,0,1,0,0,0,-1,-1,-1,-1,-1,-1,-1,-1,-1,-1,-1,-1,-1,-1,-1,-1,-1,3,-1,-1,-1
10,22,1,How often do you feel sad?,I'd say it's a low-level feeling most of the time. It's just the stress of the bills and the mortgage. I get by.,1,0,0,0,0,0,0,0,0,0,0,0,0,0,0,0,0,0,0,0,0,1,-1,-1,-1,-1,-1,-1,-1,-1,-1,-1,-1,-1,-1,-1,-1,-1,-1,-1,-1,-1
10,22,2,How are you feeling,"A bit drained. I worked a long shift last night, so I'm just running on fumes today.",0,0,0,0,0,0,0,0,0,0,0,0,0,0,1,0,0,0,0,1,0,-1,-1,-1,-1,-1,-1,-1,-1,-1,-1,-1,-1,-1,-1,1,-1,-1,-1,-1,1,-1
10,22,3,do you have any plans for the future?,Not really. I'm just trying to keep the lights on and the bills paid. I don't think about the future too much anymore.,0,0,0,0,0,0,0,0,0,0,0,1,0,0,0,0,0,0,0,0,0,-1,-1,-1,-1,-1,-1,-1,-1,-1,-1,-1,1,-1,-1,-1,-1,-1,-1,-1,-1,-1
10,22,4,How do you think your life is going at the moment?,"It's just the same routine every week. I feel like I'm stuck in neutral, but I guess it's better than not having a job at all.",1,1,0,0,0,0,0,0,0,0,0,0,0,0,0,0,0,0,0,0,0,1,1,-1,-1,-1,-1,-1,-1,-1,-1,-1,-1,-1,-1,-1,-1,-1,-1,-1,-1,-1
10,22,5,Why do you think you feel this way?,"I don't know. I guess I just miss the freedom of being younger. Now I have responsibilities, and it feels like I'm just treading water.",1,0,0,0,0,0,0,0,0,0,0,0,0,0,0,0,0,0,0,0,0,1,-1,-1,-1,-1,-1,-1,-1,-1,-1,-1,-1,-1,-1,-1,-1,-1,-1,-1,-1,-1
10,22,6,How are you sleeping at the moment?,"Not great. I wake up thinking about the mortgage. It's like my brain is always on, even when I'm asleep.",0,0,0,0,0,0,0,0,0,0,0,0,0,0,0,1,0,0,0,0,0,-1,-1,-1,-1,-1,-1,-1,-1,-1,-1,-1,-1,-1,-1,-1,1,-1,-1,-1,-1,-1
10,22,7,Can you tell me how its affecting you?,It’s wearing. I feel like I’m running on empty. I just want to be able to relax and not have to worry about it all the time.,0,0,0,0,0,0,0,0,0,0,1,0,0,0,0,0,0,0,0,1,0,-1,-1,-1,-1,-1,-1,-1,-1,-1,-1,1,-1,-1,-1,-1,-1,-1,-1,-1,1,-1
10,22,8,And how is it affecting your diet and sex life?,I don't have the energy for that stuff anymore. I just eat what I can grab and try to get through the day.,0,0,0,0,0,0,0,0,0,0,0,0,0,0,0,0,0,1,0,0,1,-1,-1,-1,-1,-1,-1,-1,-1,-1,-1,-1,-1,-1,-1,-1,-1,-1,1,-1,-1,3
10,22,9,Do you think about the past?,Not really. I've got bills to pay. I don't have time to sit around thinking about what could have been.,0,0,1,0,0,0,0,0,0,0,0,0,0,0,0,0,0,0,0,0,0,-1,-1,0,-1,-1,-1,-1,-1,-1,-1,-1,-1,-1,-1,-1,-1,-1,-1,-1,-1,-1
10,22,10,How often do you do things that you enjoy?,"Not often. I used to play football, but I haven't had the time for that in years. Now it’s just work, sleep, and repeat.",0,0,0,0,0,0,0,0,0,0,0,1,0,0,0,0,0,0,0,0,0,-1,-1,-1,-1,-1,-1,-1,-1,-1,-1,-1,1,-1,-1,-1,-1,-1,-1,-1,-1,-1
10,22,11,"Do you think its because you dont have time, or that you've lost interest?","I don't know. Maybe a bit of both. I used to love it, but now it feels like a chore. I just haven't got the energy to bother.",0,0,0,1,0,0,0,0,0,0,0,1,0,0,1,0,0,0,0,1,0,-1,-1,-1,1,-1,-1,-1,-1,-1,-1,-1,1,-1,-1,1,-1,-1,-1,-1,1,-1
10,22,12,How is your mood?,I’m just tired. It’s not depression or anything. I just need to get through the week and then I can rest.,0,0,0,0,0,0,0,0,0,0,0,0,0,0,0,0,0,0,0,1,0,-1,-1,-1,-1,-1,-1,-1,-1,-1,-1,-1,-1,-1,-1,-1,-1,-1,-1,-1,1,-1
10,22,13,How do you know its not depression?,"I just know it’s not. I’m just stressed. I used to be able to handle it, but I’m 45 now. I just need to manage it.",0,0,0,0,0,0,1,1,0,0,0,0,0,0,0,0,0,0,0,0,0,-1,-1,-1,-1,-1,-1,0,0,-1,-1,-1,-1,-1,-1,-1,-1,-1,-1,-1,-1,-1
10,22,14,How do you feel about not being able to handle things as well as you used to?,"I don't think about it. I just get on with it. I'm not 25 anymore, so I need to accept it.",0,0,0,0,0,0,0,0,0,0,0,0,0,0,0,0,0,0,0,0,0,-1,-1,-1,-1,-1,-1,-1,-1,-1,-1,-1,-1,-1,-1,-1,-1,-1,-1,-1,-1,-1
10,22,15,Do you feel upset about how things have turned out?,Not really. I'm just glad I've got a job. I don't have time to sit around feeling sorry for myself.,0,0,0,0,1,1,0,0,0,0,0,0,0,0,0,0,0,0,0,0,0,-1,-1,-1,-1,0,0,-1,-1,-1,-1,-1,-1,-1,-1,-1,-1,-1,-1,-1,-1,-1
10,22,16,Have you ever been really emotional recently? ,No. I just get annoyed sometimes. I think it’s just stress. I’ll be fine once I get a handle on things.,0,0,0,0,0,0,0,0,0,0,0,0,0,0,0,0,1,0,0,0,0,-1,-1,-1,-1,-1,-1,-1,-1,-1,-1,-1,-1,-1,-1,-1,-1,1,-1,-1,-1,-1
10,22,17,How often would you cry?,Never. I don't do that. I'm a grown man. I just deal with it.,0,0,0,0,0,0,0,0,0,1,0,0,0,0,0,0,0,0,0,0,0,-1,-1,-1,-1,-1,-1,-1,-1,-1,0,-1,-1,-1,-1,-1,-1,-1,-1,-1,-1,-1
10,22,18,"are you sure? even men can cry sometimes, its normal","No, I’m sure. I don’t cry. I just get mad sometimes. It’s fine. I’m not one of those men who can’t handle it.",0,0,0,0,0,0,0,0,0,1,0,0,0,0,0,0,0,0,0,0,0,-1,-1,-1,-1,-1,-1,-1,-1,-1,0,-1,-1,-1,-1,-1,-1,-1,-1,-1,-1,-1
10,22,19,How well are you able to concentrate or make decisions,Not great. I get tired easily. But I have to keep going. I can’t just sit around feeling sorry for myself.,0,0,0,0,0,0,0,0,0,0,0,0,1,0,0,0,0,0,1,0,0,-1,-1,-1,-1,-1,-1,-1,-1,-1,-1,-1,-1,1,-1,-1,-1,-1,-1,1,-1,-1
10,22,20,How do you feel about your self worth?,I don't think about it. I just do my job. I don't have time for that sort of stuff.,0,0,0,0,0,0,0,0,0,0,0,0,0,0,0,0,0,0,0,0,0,-1,-1,-1,-1,-1,-1,-1,-1,-1,-1,-1,-1,-1,-1,-1,-1,-1,-1,-1,-1,-1
10,22,21,Do you feel like you're doing a good job at work?,"I do what I have to do. I'm not changing the world, but I pay the bills. It's enough.",0,0,0,0,0,0,0,0,0,0,0,0,0,0,0,0,0,0,0,0,0,-1,-1,-1,-1,-1,-1,-1,-1,-1,-1,-1,-1,-1,-1,-1,-1,-1,-1,-1,-1,-1
10,22,22,Is there anything that you're proud of?,No. I just try to get through the week. I don't have time for pride or anything like that.,0,0,0,0,0,0,0,0,0,0,0,0,0,1,0,0,0,0,0,0,0,-1,-1,-1,-1,-1,-1,-1,-1,-1,-1,-1,-1,-1,0,-1,-1,-1,-1,-1,-1,-1
10,22,23,Have you never thought about your worth before?,No. I don't waste time thinking about that. I just get on with it.,0,0,0,0,0,0,0,0,0,0,0,0,0,1,0,0,0,0,0,0,0,-1,-1,-1,-1,-1,-1,-1,-1,-1,-1,-1,-1,-1,0,-1,-1,-1,-1,-1,-1,-1
10,22,24,"And finally, have you ever thought about harming yourself or committing suicide?",No. I don't think like that. I just get mad sometimes. I will manage.,0,0,0,0,0,0,0,0,1,0,0,0,0,0,0,0,0,0,0,0,0,-1,-1,-1,-1,-1,-1,-1,-1,0,-1,-1,-1,-1,-1,-1,-1,-1,-1,-1,-1,-1
16,43,1,"Hi, thanks for talking with me. How have things been for you lately? What has been weighing on you most, and what have you noticed changing in your day-to-day life?","I’ve been feeling pretty tired. I used to be able to keep up with my friends without a problem, but lately, even just one evening out leaves me wiped out.",0,0,0,0,0,0,0,0,0,0,0,0,0,0,1,0,0,0,0,1,0,-1,-1,-1,-1,-1,-1,-1,-1,-1,-1,-1,-1,-1,-1,1,-1,-1,-1,-1,2,-1
16,43,2,"That sounds like a noticeable change from your usual level of energy. Has that tiredness started affecting other parts of your day too, like work, concentration, sleep, or things you normally enjoy?","Yeah, definitely. I find myself zoning out during meetings sometimes, and I’m definitely sleeping in later than I should. But I don't feel like I'm really struggling or anything.",0,0,0,0,0,0,0,0,0,0,0,0,0,0,1,1,0,0,1,0,0,-1,-1,-1,-1,-1,-1,-1,-1,-1,-1,-1,-1,-1,-1,1,1,-1,-1,1,-1,-1
16,43,3,"It sounds like you’re still functioning, but with a bit less energy and focus than usual. What has your mood been like lately when you’re by yourself, and are you still getting the same enjoyment out of the things you normally like doing?","I'm mostly just a bit grumpy when I’m alone, like I’m being lazy. But I’m still enjoying my hobbies, like painting. I just need to take it easy, I guess.",0,0,0,1,0,0,0,1,0,0,0,1,0,0,0,0,1,0,0,0,0,-1,-1,-1,0,-1,-1,-1,1,-1,-1,-1,0,-1,-1,-1,-1,1,-1,-1,-1,-1
16,43,4,"It sounds like you’re still enjoying the things you care about, but you’re being harder on yourself because your energy isn’t what it used to be. Have you noticed any other changes lately — like appetite, motivation, decision-making, or how you feel about yourself overall?","I think I’m just being hard on myself about the energy. My appetite is fine, and I’m still making decisions, just maybe a little slower.",0,0,0,0,0,0,0,0,0,0,0,0,1,0,0,0,0,1,0,0,0,-1,-1,-1,-1,-1,-1,-1,-1,-1,-1,-1,-1,1,-1,-1,-1,-1,0,-1,-1,-1
16,43,5,"It sounds like the main change is really your energy rather than losing interest in life. Emotionally, though, how have you been feeling overall — more down than usual, worried about where things are going, or mostly just frustrated with yourself for being tired?","Just a bit frustrated with myself, mostly. I know I’m not doing anything bad, I’m just... a bit slow.",1,1,0,0,1,1,0,0,0,0,1,0,0,0,0,0,0,0,0,0,0,0,0,-1,-1,0,0,-1,-1,-1,-1,0,-1,-1,-1,-1,-1,-1,-1,-1,-1,-1
16,43,6,"That sounds more like frustration with being below your usual pace than feeling badly about who you are. When you’re having a rough day, does that frustration ever turn into feeling like a failure or not liking yourself, or is it usually something you can put in perspective?",I don't think I ever really feel like a failure. It’s just a bit of self-criticism.,0,0,1,0,0,0,1,0,0,0,0,0,0,1,0,0,0,0,0,0,0,-1,-1,0,-1,-1,-1,0,-1,-1,-1,-1,-1,-1,0,-1,-1,-1,-1,-1,-1,-1
16,43,7,"And when you’re feeling at your lowest, do you ever get thoughts of not wanting to be here anymore, or does it never really go that far?","No, I don't think I ever really feel like I don't want to be here.",0,0,0,0,0,0,0,0,1,1,0,0,0,0,0,0,0,0,0,0,1,-1,-1,-1,-1,-1,-1,-1,-1,0,0,-1,-1,-1,-1,-1,-1,-1,-1,-1,-1,0
8,5,1,"Hi there, we'll be going through a standard assessment to check in on how you've been feeling over the past couple of weeks. To start us off, have you been experiencing any persistent feelings of sadness or low mood lately?","I wouldn't say it's been that bad. Just a bit down, mostly because of work stress. I think I just need to sort out my routine a bit.",1,0,0,0,0,0,0,0,0,0,0,0,0,0,0,0,0,0,0,0,0,1,-1,-1,-1,-1,-1,-1,-1,-1,-1,-1,-1,-1,-1,-1,-1,-1,-1,-1,-1,-1
8,5,2,"Thanks for sharing that. Looking ahead at work and your daily routine, how are you feeling about the future? Do you feel hopeful, or does it feel a bit discouraging?","I guess I'm just a bit stuck at the moment. I know I need to focus on the positives, but it’s hard to see them right now.",0,1,0,0,0,0,0,0,0,0,0,0,0,0,0,0,0,0,0,0,0,-1,1,-1,-1,-1,-1,-1,-1,-1,-1,-1,-1,-1,-1,-1,-1,-1,-1,-1,-1,-1
8,5,3,"That sounds heavy, and it's understandable why it's hard to see those positives right now. When you're feeling stuck like this, do you find yourself looking back and feeling that you've failed in life, or feeling guilty about things? And has this stress taken away the enjoyment from hobbies you normally engage in?","I wouldn't say I think I've failed, but I do feel like I'm not doing as well as I should. I haven't been going out much lately, just staying home because I don't have the energy.",0,0,1,0,0,0,0,0,0,0,0,1,0,0,1,0,0,0,0,0,0,-1,-1,1,-1,-1,-1,-1,-1,-1,-1,-1,1,-1,-1,1,-1,-1,-1,-1,-1,-1
8,5,4,"It sounds incredibly exhausting when you feel like you don't have energy to do things you used to. When you find yourself thinking that your're not doing as well as you used to, do you feel overwhelming sense of self-dislike or blame yourself for everything? Do you ever feel like your're being punished by these circumstances?","Not exactly. It’s more like frustration, I guess. I know I'm not doing my best, so I just wish I could get back to the way things used to be.",0,0,0,0,0,0,0,1,0,0,0,0,0,0,0,0,0,0,0,0,0,-1,-1,-1,-1,-1,-1,-1,1,-1,-1,-1,-1,-1,-1,-1,-1,-1,-1,-1,-1,-1
8,5,5,"Frustration is completely understandable when you just want things to feel normal again. Along with the lack of energy, have you noticed any changes in your physical health lately? Specifically, has your sleep routine or your appetite changed over these past two weeks?","I've been sleeping pretty badly. I wake up in the middle of the night and can't switch off. And my appetite is off, too. I just eat because I have to, rather than because I want to.",0,0,0,0,0,0,0,0,0,0,0,0,0,0,0,1,0,1,0,0,0,-1,-1,-1,-1,-1,-1,-1,-1,-1,-1,-1,-1,-1,-1,-1,1,-1,1,-1,-1,-1
8,5,6,"Waking up and being unable to turn your mind off must make it so much harder to rest. When you are struggling to switch off at night or getting frustrated during the day, do you find yourself feeling restless or fidgety? Also, has it been harder lately to focus on your work tasks or make daily decisions?","Yeah, definitely. I just feel like I'm stuck in neutral, and I don't have the energy to get out of it.",0,0,0,0,0,0,0,0,0,0,1,0,1,0,0,0,0,0,1,0,0,-1,-1,-1,-1,-1,-1,-1,-1,-1,-1,1,-1,1,-1,-1,-1,-1,-1,1,-1,-1
8,5,7,"Feeling stuck in neutral like that sounds incredibly draining. When you are operating with so little energy, do you find that you're losing interest or pleasure in things that used to make you happy? Do you find yourself getting more irritated easily with others, or feeling down on your own self-worth?","Yeah, I get annoyed more easily. It's just frustration, but I know I need to get past this.",0,0,0,0,0,0,0,0,0,0,0,0,0,0,0,0,1,0,0,0,0,-1,-1,-1,-1,-1,-1,-1,-1,-1,-1,-1,-1,-1,-1,-1,-1,1,-1,-1,-1,-1
8,5,8,"It's completely valid to feel frustrated when things feel out of control. To ensure that I understand the full picture, has this state made it hard to experience any pleasure in your usual hobbies? Do you ever find yourself entirely worthless, or noticed a drop in your interest in sex?",I haven't been interested in doing much. Just getting through the day feels like a big achievement.,0,0,0,1,0,0,0,0,0,0,0,0,0,1,0,0,0,0,0,0,0,-1,-1,-1,1,-1,-1,-1,-1,-1,-1,-1,-1,-1,1,-1,-1,-1,-1,-1,-1,-1
8,5,9,"Thank you for being open with me. When getting through the day feels that heavy, do you ever have thoughts of giving up, or any thoughts of harming yourself?","No, I wouldn't do anything like that. I just need to find my balance again.",0,0,0,0,0,0,0,0,1,0,0,0,0,0,0,0,0,0,0,0,0,-1,-1,-1,-1,-1,-1,-1,-1,0,-1,-1,-1,-1,-1,-1,-1,-1,-1,-1,-1,-1
8,5,10,"Happy to hear that. To help me wrap up the remaining parts, have you found yourself crying more than usual lately? Also, have you noticed a drop in your interest in intimacy or sex?","I’ve cried a bit more, but it’s just a natural reaction. And yeah, I haven't been interested in sex, but I think that’s just a side effect of being tired.",0,0,0,0,0,0,0,0,0,1,0,0,0,0,0,0,0,0,0,0,1,-1,-1,-1,-1,-1,-1,-1,-1,-1,1,-1,-1,-1,-1,-1,-1,-1,-1,-1,-1,1
8,5,11,Thank you. Do you find yourself carrying guilt or feeling you dislike yourself these days?,"Not really. I just feel a bit down, but I know I'll get through this.",0,0,0,0,1,0,1,0,0,0,0,0,0,0,0,0,0,0,0,0,0,-1,-1,-1,-1,0,-1,0,-1,-1,-1,-1,-1,-1,-1,-1,-1,-1,-1,-1,-1,-1
8,5,12,"I appreciate your outlook. Do you ever feel like you're being punished by these circumstances, or that you deserve stress?","No, I don't think that. I just need to get my head back together.",0,0,0,0,0,1,0,0,0,0,0,0,0,0,0,0,0,0,0,0,0,-1,-1,-1,-1,-1,0,-1,-1,-1,-1,-1,-1,-1,-1,-1,-1,-1,-1,-1,-1,-1
8,5,13,"Thank you so much for sharing all this with me. To ensure everything is completely documented, I noted you mentioned feeling quite tired earlier. Would you say you're getting tired more easily lately than usual?","Yeah, definitely. I'm just a bit run down.",0,0,0,0,0,0,0,0,0,0,0,0,0,0,0,0,0,0,0,1,0,-1,-1,-1,-1,-1,-1,-1,-1,-1,-1,-1,-1,-1,-1,-1,-1,-1,-1,-1,1,-1
8,5,14,Thank you so much for clarifying that. We've come to the end of our session. Have a nice day!,You too.,0,0,0,0,0,0,0,0,0,0,0,0,0,0,0,0,0,0,0,0,0,-1,-1,-1,-1,-1,-1,-1,-1,-1,-1,-1,-1,-1,-1,-1,-1,-1,-1,-1,-1,-1
15,30,1,Hello?,Hi. I guess I just needed to talk. It’s been a weird week.,1,0,0,0,0,0,0,0,0,0,0,0,0,0,0,0,0,0,0,0,0,1,-1,-1,-1,-1,-1,-1,-1,-1,-1,-1,-1,-1,-1,-1,-1,-1,-1,-1,-1,-1
15,30,2,"Please, go on.",It started with a weird headache. Then I found this note on my desk. It said someone was watching.,0,0,0,0,0,0,0,1,0,0,0,0,0,0,0,0,0,0,0,0,0,-1,-1,-1,-1,-1,-1,-1,2,-1,-1,-1,-1,-1,-1,-1,-1,-1,-1,-1,-1,-1
15,30,3,Does that happen at work? ,Not usually. Maybe I'm just stressed or something. It feels like I'm losing my mind.,0,0,0,0,0,0,0,0,0,0,0,0,0,0,0,0,0,0,0,0,0,-1,-1,-1,-1,-1,-1,-1,-1,-1,-1,-1,-1,-1,-1,-1,-1,-1,-1,-1,-1,-1
15,30,4,"What do you mind with ""losing your mind""?",I guess I just feel like I can't trust myself anymore. It’s like I’m walking through life in a fog.,0,1,0,0,1,0,1,0,0,0,0,0,0,0,0,0,0,0,0,0,0,-1,2,-1,-1,2,-1,1,-1,-1,-1,-1,-1,-1,-1,-1,-1,-1,-1,-1,-1,-1
15,30,5,Since when are you experiencing this feelings? ,Maybe a year? I don't know. It just feels like I’m getting more and more foggy.,0,0,0,0,0,0,0,0,0,0,0,0,0,0,1,0,0,0,0,1,0,-1,-1,-1,-1,-1,-1,-1,-1,-1,-1,-1,-1,-1,-1,1,-1,-1,-1,-1,1,-1
15,30,6,Did anything happen a year ago? ,"I moved here. I guess that's when it started. I just feel... different, I guess.",0,0,0,0,0,0,0,0,0,0,0,0,0,0,0,0,0,0,0,0,0,-1,-1,-1,-1,-1,-1,-1,-1,-1,-1,-1,-1,-1,-1,-1,-1,-1,-1,-1,-1,-1
15,30,7,What do you mean with different? can you explain me more?,I just don't feel myself. I used to be more... sure about things. Now I feel lost.,0,0,0,0,0,0,0,0,0,0,0,0,1,0,0,0,0,0,0,0,0,-1,-1,-1,-1,-1,-1,-1,-1,-1,-1,-1,-1,2,-1,-1,-1,-1,-1,-1,-1,-1
15,30,8,Lost about what specifically? ,"Everything. My job, my life... I don't know what I'm doing here.",0,0,0,0,0,0,0,1,1,0,0,0,0,0,0,0,0,0,0,0,0,-1,-1,-1,-1,-1,-1,-1,1,1,-1,-1,-1,-1,-1,-1,-1,-1,-1,-1,-1,-1
15,30,9,What was going on before you moved here? how was your life before and how is now in comparison? ,"It was better, I guess. I had a job I liked, friends... Now I just have this feeling I’m stuck in the wrong place.",1,1,0,0,0,0,0,0,0,0,0,1,0,1,0,0,0,0,0,0,0,2,2,-1,-1,-1,-1,-1,-1,-1,-1,-1,2,-1,1,-1,-1,-1,-1,-1,-1,-1
15,30,10,Would you be able to go back? ,"I don't know. Maybe. I miss the people, I guess. But this place... it’s just weird.",0,0,0,0,0,0,0,0,0,0,0,0,0,0,0,0,0,0,0,0,0,-1,-1,-1,-1,-1,-1,-1,-1,-1,-1,-1,-1,-1,-1,-1,-1,-1,-1,-1,-1,-1
15,30,11,How is a typical day of yours here?,It's just... I go to work and stare at my computer. I don't know what I'm doing. I just feel... empty.,0,0,0,1,0,0,0,0,0,0,0,0,0,0,0,0,0,0,1,0,0,-1,-1,-1,3,-1,-1,-1,-1,-1,-1,-1,-1,-1,-1,-1,-1,-1,-1,2,-1,-1
15,30,12,Do you sleep well at night?,Not really. I wake up around three and just lie there.,0,0,0,0,0,0,0,0,0,0,0,0,0,0,0,1,0,0,0,1,0,-1,-1,-1,-1,-1,-1,-1,-1,-1,-1,-1,-1,-1,-1,-1,2,-1,-1,-1,2,-1
15,30,13,How is your mood overall nowadys?,It's just... I guess I'm just tired. I don't have the energy to deal with anything.,0,0,0,0,0,0,0,0,0,0,0,0,0,0,0,0,0,0,0,1,0,-1,-1,-1,-1,-1,-1,-1,-1,-1,-1,-1,-1,-1,-1,-1,-1,-1,-1,-1,2,-1
15,30,14,Can you tell me more about social or romantic relationships?,I don't have much of a life. I just work and go home. I don't really talk to anyone.,0,0,0,0,0,0,0,0,0,0,0,0,0,0,0,0,0,0,0,0,0,-1,-1,-1,-1,-1,-1,-1,-1,-1,-1,-1,-1,-1,-1,-1,-1,-1,-1,-1,-1,-1
15,30,15,When was the last time you had sex with someone?,Months ago. Maybe longer. I just... I don't know. I guess I just stopped caring.,0,0,0,0,0,0,0,0,0,0,0,0,0,0,0,0,0,0,0,0,1,-1,-1,-1,-1,-1,-1,-1,-1,-1,-1,-1,-1,-1,-1,-1,-1,-1,-1,-1,-1,2
15,30,16,How are your eating habits going?,Bad. I just grab whatever I can. I don't have time to cook or anything.,0,0,0,0,0,0,0,0,0,0,0,0,0,0,0,0,0,1,0,0,0,-1,-1,-1,-1,-1,-1,-1,-1,-1,-1,-1,-1,-1,-1,-1,-1,-1,2,-1,-1,-1
15,30,17,Do you feel irritable often? ,All the time. I just snap at people for no reason. I guess I'm just really tired.,0,0,0,0,0,0,0,0,0,0,0,0,0,0,0,0,1,0,0,0,0,-1,-1,-1,-1,-1,-1,-1,-1,-1,-1,-1,-1,-1,-1,-1,-1,3,-1,-1,-1,-1
15,30,18,Do you cry? do you feel agitated?,Sometimes I cry. I guess I just miss my old life.,0,0,1,0,0,0,0,0,0,1,0,0,0,0,0,0,1,0,0,0,0,-1,-1,1,-1,-1,-1,-1,-1,-1,1,-1,-1,-1,-1,-1,-1,2,-1,-1,-1,-1
15,30,19,Anything else you'd like to add?,"I don't know. I just feel lost, I guess. I don't know what I'm doing here.",0,0,0,0,0,1,0,0,0,0,1,0,0,0,0,0,0,0,0,0,0,-1,-1,-1,-1,-1,2,-1,-1,-1,-1,1,-1,-1,-1,-1,-1,-1,-1,-1,-1,-1
5,16,1,"Hi, how are you?","Just... tired, I guess. It feels like I haven't slept in years. Work is keeping me up at night, and I'm just trying to keep the wheels turning.",1,0,1,0,0,0,0,0,0,0,0,0,0,0,1,1,0,0,0,1,0,2,-1,1,-1,-1,-1,-1,-1,-1,-1,-1,-1,-1,-1,3,3,-1,-1,-1,3,-1
5,16,2,"When you’re lying awake at night, do you find your mind is busy or worrying about things, or is it more that you feel physically unable to sleep?","Definitely the physical part. My body just won't relax. I lie there thinking, 'Why can't I just turn off?' But it just won't happen.",0,0,0,0,0,0,0,0,0,0,0,0,0,0,1,0,0,0,0,0,0,-1,-1,-1,-1,-1,-1,-1,-1,-1,-1,-1,-1,-1,-1,3,-1,-1,-1,-1,-1,-1
5,16,3,"How are you functioning during the day after nights like that are you feeling drained, irritable, or having trouble concentrating?","I’m functioning, but it’s a struggle. I’m running on autopilot. I get things done, but I’m not really there. It feels like I’m just moving through the motions.",0,1,0,0,0,0,0,0,0,0,0,1,0,0,0,0,0,0,0,0,0,-1,0,-1,-1,-1,-1,-1,-1,-1,-1,-1,0,-1,-1,-1,-1,-1,-1,-1,-1,-1
5,16,4,Do you have trouble making decision sometimes and would you say there are when you feel like crying or even feel slightly agitated?,"Definitely. I find myself getting frustrated over little things. If I spill coffee, I’m suddenly the most annoyed person in the world. It’s just a build-up of exhaustion, I guess.",0,0,0,0,0,0,0,0,0,1,0,0,0,0,0,0,0,0,0,1,0,-1,-1,-1,-1,-1,-1,-1,-1,-1,0,-1,-1,-1,-1,-1,-1,-1,-1,-1,0,-1
5,16,5,So you are frustrated  and are on the verge of crying most of the time?,"Yeah. It’s just... I feel like I should be better at this by now. I’m 42, for crying out loud. I should have this stuff figured out. But I don't.",0,0,0,0,0,0,0,0,0,0,1,0,0,0,1,0,0,0,0,0,0,-1,-1,-1,-1,-1,-1,-1,-1,-1,-1,3,-1,-1,-1,2,-1,-1,-1,-1,-1,-1
5,16,6,"Do you have trouble focusing, eating or even decision making?",Everything takes twice as long. I look at a menu and I can’t decide what to eat. I sit at my desk and I stare at a report for 20 minutes. It’s just... slow.,0,0,0,0,0,0,0,0,0,0,0,0,1,0,0,0,0,1,1,0,0,-1,-1,-1,-1,-1,-1,-1,-1,-1,-1,-1,-1,2,-1,-1,-1,-1,3,3,-1,-1
5,16,7,On a scale of 1-10 how irritable are you?,"I'd say a 9. I'm just on edge. If someone asks me a question, I snap. If I spill something, I get angry. It’s just... I don't have the energy to be nice anymore.",0,0,0,0,0,0,0,0,0,0,0,0,0,0,0,0,1,0,0,0,0,-1,-1,-1,-1,-1,-1,-1,-1,-1,-1,-1,-1,-1,-1,-1,-1,3,-1,-1,-1,-1
5,16,8,"Has this led to feelings of worthlessness,  self dislike and loss of pleasure?","Yeah. I wake up in the morning and I feel like I’m just a failure. I don't deserve to be happy. I’m just a tired, bitter old guy.",0,0,0,1,0,0,1,0,0,0,0,1,0,1,0,0,0,0,0,0,0,-1,-1,-1,2,-1,-1,3,-1,-1,-1,-1,3,-1,3,-1,-1,-1,-1,-1,-1,-1
5,16,9,On a scale of 1-10 how suicidal do you feel?,"I don't know if I'd go that far. I just feel like I’m stuck in a rut. It’s not like I want to die, I just want to be able to sleep and not feel like I’m going to lose my mind.",0,0,0,0,0,0,0,0,1,0,0,0,0,0,0,0,0,0,0,0,0,-1,-1,-1,-1,-1,-1,-1,-1,0,-1,-1,-1,-1,-1,-1,-1,-1,-1,-1,-1,-1
5,16,10,"Has the way you have been feeling affected your sex life, would you say you feel very self conscious?","Yeah. I just feel... dirty. I look at my body and I think, 'This is what I am now.' I don't even want to touch myself, let alone someone else. It feels like I’m just a failure in every way.",0,0,1,0,0,1,0,1,0,0,0,0,0,0,0,0,0,0,0,0,1,-1,-1,2,-1,-1,3,-1,3,-1,-1,-1,-1,-1,-1,-1,-1,-1,-1,-1,-1,3
5,16,11,Would you say this is tied to guilty feelings?,"Yeah. I keep thinking, 'I don't deserve this.' I feel like I’m just a selfish, tired old man. I don't think I deserve to be happy.",0,0,0,0,1,0,0,0,0,0,0,0,0,0,0,0,0,0,0,0,0,-1,-1,-1,-1,3,-1,-1,-1,-1,-1,-1,-1,-1,-1,-1,-1,-1,-1,-1,-1,-1
8,46,1,hello,"Hi. I’m a bit tired, but I think I just need to get through the day.",0,0,0,0,0,0,0,0,0,0,0,0,0,0,0,0,0,0,0,1,0,-1,-1,-1,-1,-1,-1,-1,-1,-1,-1,-1,-1,-1,-1,-1,-1,-1,-1,-1,2,-1
8,46,2,how have you been feeling lately?,"A bit drained. I used to have more energy for the things I enjoy, but I just don't have it right now.",0,0,0,0,0,0,0,0,0,0,0,0,0,0,1,0,0,0,0,0,0,-1,-1,-1,-1,-1,-1,-1,-1,-1,-1,-1,-1,-1,-1,3,-1,-1,-1,-1,-1,-1
8,46,3,what about your mood?,"It's been a bit down. I used to be able to switch off after work, but now I just lie there thinking about it.",0,0,1,0,0,0,0,0,0,0,0,0,0,0,0,0,0,0,0,0,0,-1,-1,1,-1,-1,-1,-1,-1,-1,-1,-1,-1,-1,-1,-1,-1,-1,-1,-1,-1,-1
8,46,4,what are you thinking about?,"Just the usual stuff—work, bills, the garden. It's not that big, just my brain won't switch off.",0,0,0,0,0,0,0,0,0,0,1,0,0,0,0,0,0,0,0,0,0,-1,-1,-1,-1,-1,-1,-1,-1,-1,-1,1,-1,-1,-1,-1,-1,-1,-1,-1,-1,-1
8,46,5,do you feel sad?,"More frustrated, I guess. I know I shouldn't be dwelling on it, but I just can't help it right now.",1,0,0,0,0,0,0,0,0,0,0,0,0,0,0,0,0,0,0,0,0,0,-1,-1,-1,-1,-1,-1,-1,-1,-1,-1,-1,-1,-1,-1,-1,-1,-1,-1,-1,-1
8,46,6,do you still enjoy the things you like?,"A little, but it's not the same. I used to love reading before bed, but now it just feels like a chore.",0,0,0,1,0,0,0,0,0,0,0,0,0,0,0,0,0,0,0,0,0,-1,-1,-1,2,-1,-1,-1,-1,-1,-1,-1,-1,-1,-1,-1,-1,-1,-1,-1,-1,-1
8,46,7,what about sex drive?,"Not great. I'm just not really in the mood. I know it's normal to go through phases, but it's a bit annoying right now.",0,0,0,0,0,0,0,0,0,0,0,0,0,0,0,0,0,0,0,0,1,-1,-1,-1,-1,-1,-1,-1,-1,-1,-1,-1,-1,-1,-1,-1,-1,-1,-1,-1,-1,2
8,46,8,do oyu feel as if its your fault or maybe a punishment?,"A bit. I feel like I should be able to handle it, but it's hard to switch off.",0,0,0,0,0,1,0,1,0,0,0,0,0,0,0,0,0,0,0,0,0,-1,-1,-1,-1,-1,1,-1,3,-1,-1,-1,-1,-1,-1,-1,-1,-1,-1,-1,-1,-1
8,46,9,have you been feeling more ennoyed lately?,"Yeah, definitely. I'm just short-tempered sometimes. I know I'm just tired, but it's hard to keep my cool.",0,0,0,0,0,0,0,0,0,0,0,0,0,0,0,0,1,0,0,0,0,-1,-1,-1,-1,-1,-1,-1,-1,-1,-1,-1,-1,-1,-1,-1,-1,2,-1,-1,-1,-1
8,46,10,is it harder to concentrate or make decisions?,"Both, yeah. I'll be trying to choose something to watch, and I just can't decide. It's frustrating.",0,0,0,0,0,0,0,0,0,0,0,0,1,0,0,0,0,0,1,0,0,-1,-1,-1,-1,-1,-1,-1,-1,-1,-1,-1,-1,2,-1,-1,-1,-1,-1,2,-1,-1
8,46,11,"do you feel the drive to try, or its more like a task?","It's a task. I know I should just get on with it, but I just don't have the energy for it right now.",0,0,0,0,0,0,0,0,0,0,0,1,0,0,0,0,0,0,0,0,0,-1,-1,-1,-1,-1,-1,-1,-1,-1,-1,-1,2,-1,-1,-1,-1,-1,-1,-1,-1,-1
8,46,12,is it worth it? to try?,I don't know. I think I'll just get through this patch. I'm sure it will pass eventually.,0,0,0,0,0,0,0,0,0,0,0,0,0,1,0,0,0,0,0,0,0,-1,-1,-1,-1,-1,-1,-1,-1,-1,-1,-1,-1,-1,2,-1,-1,-1,-1,-1,-1,-1
8,46,13,what about apetite and sleep?,"My appetite is a bit off, and I wake up a lot. I think I'm just running on empty, to be honest.",0,0,0,0,0,0,0,0,0,0,0,0,0,0,0,1,0,1,0,0,0,-1,-1,-1,-1,-1,-1,-1,-1,-1,-1,-1,-1,-1,-1,-1,2,-1,3,-1,-1,-1
8,46,14,what are your thoughts abotu the future?+,I don't know. I just want to get through this patch and get back to normal.,0,1,0,0,0,0,1,0,0,0,0,0,0,0,0,0,0,0,0,0,0,-1,1,-1,-1,-1,-1,1,-1,-1,-1,-1,-1,-1,-1,-1,-1,-1,-1,-1,-1,-1
8,46,15,have you been crying lately?,"No, not really. I just get a bit frustrated sometimes.",0,0,0,0,0,0,0,0,0,1,0,0,0,0,0,0,0,0,0,0,0,-1,-1,-1,-1,-1,-1,-1,-1,-1,1,-1,-1,-1,-1,-1,-1,-1,-1,-1,-1,-1
8,46,16,do you feel guilty?,A bit. I know I should be doing better. I just need to get my head back on straight.,0,0,0,0,1,0,0,0,0,0,0,0,0,0,0,0,0,0,0,0,0,-1,-1,-1,-1,1,-1,-1,-1,-1,-1,-1,-1,-1,-1,-1,-1,-1,-1,-1,-1,-1
8,46,17,thoughts about dying?,"No, not really. I just feel a bit lost and unsure about what to do next.",0,0,0,0,0,0,0,0,1,0,0,0,0,0,0,0,0,0,0,0,0,-1,-1,-1,-1,-1,-1,-1,-1,2,-1,-1,-1,-1,-1,-1,-1,-1,-1,-1,-1,-1
4,14,1,"Hello, why are you here?","I’m not sure. I just feel... stuck. It’s been a year since my mum passed, and I miss her. I know it sounds silly, but I just get this lump in my throat, and I don't know how to get it to go away.",1,0,0,0,0,0,0,0,0,0,1,0,0,0,0,0,0,0,0,0,0,1,-1,-1,-1,-1,-1,-1,-1,-1,-1,1,-1,-1,-1,-1,-1,-1,-1,-1,-1,-1
4,14,2,i understand... how have you been feeling since that?,Irritable. I snap at the kids for nothing. It's not fair to them. I just feel like I'm losing my grip on everything.,0,0,0,0,0,0,0,0,0,0,0,0,0,0,0,0,1,0,0,0,0,-1,-1,-1,-1,-1,-1,-1,-1,-1,-1,-1,-1,-1,-1,-1,-1,2,-1,-1,-1,-1
4,14,3,do you feel more sad or that you cry often?,"I don't cry. I get angry instead. Maybe it's just my age, but I feel like I should be over this by now.",0,0,0,0,0,0,0,0,0,1,0,0,0,0,0,0,0,0,0,0,0,-1,-1,-1,-1,-1,-1,-1,-1,-1,0,-1,-1,-1,-1,-1,-1,-1,-1,-1,-1,-1
4,14,4,what kind of thoughts do you have? ,"I think about how I used to be strong. I used to run a business, and now I can't even handle a tantrum without getting upset. I feel like I've let myself go.",0,0,0,0,0,1,1,1,0,0,0,0,0,0,0,0,0,0,0,0,0,-1,-1,-1,-1,-1,1,1,1,-1,-1,-1,-1,-1,-1,-1,-1,-1,-1,-1,-1,-1
4,14,5,"i get it... now you are going through something that makes it more difficult... when you think about future, how is it?","I don't think about it. I just try to get through each day. If I think about tomorrow, I get too scared.",0,1,0,0,0,0,0,0,0,0,0,0,0,0,0,0,0,0,0,0,0,-1,0,-1,-1,-1,-1,-1,-1,-1,-1,-1,-1,-1,-1,-1,-1,-1,-1,-1,-1,-1
4,14,6,have you felt you were able to do your job?,No. I work in an office. People look at me like I'm weak. I can't go back there like this.,0,0,0,0,0,0,0,0,0,0,0,0,0,0,0,0,0,0,0,0,0,-1,-1,-1,-1,-1,-1,-1,-1,-1,-1,-1,-1,-1,-1,-1,-1,-1,-1,-1,-1,-1
4,14,7,but like you are having difficulties to concentrate or to make decisions?,"Yeah. I can't focus. I read a report and my mind goes blank. I used to be able to handle everything, and now I can't even get my head around a simple task.",0,0,0,0,0,0,0,0,0,0,0,0,0,0,0,0,0,0,1,0,0,-1,-1,-1,-1,-1,-1,-1,-1,-1,-1,-1,-1,-1,-1,-1,-1,-1,-1,2,-1,-1
4,14,8,and does it affect on your decision making?,"I second-guess everything. If I need to order something, I spend an hour over it. I can't trust my own judgement.",0,0,0,0,0,0,0,0,0,0,0,0,1,0,0,0,0,0,0,0,0,-1,-1,-1,-1,-1,-1,-1,-1,-1,-1,-1,-1,2,-1,-1,-1,-1,-1,-1,-1,-1
4,14,9,have you been doing activities you used to enjoy?,"No. I used to love walking, but now I get winded after five minutes. I feel like I've lost my whole life.",0,0,0,0,0,0,0,0,0,0,0,1,0,0,0,0,0,0,0,0,0,-1,-1,-1,-1,-1,-1,-1,-1,-1,-1,-1,2,-1,-1,-1,-1,-1,-1,-1,-1,-1
4,14,10,"and when you do some activity, do you enjoy it?",No. I just go through the motions. I don't have the energy to care.,0,0,0,1,0,0,0,0,0,0,0,0,0,0,0,0,0,0,0,0,0,-1,-1,-1,2,-1,-1,-1,-1,-1,-1,-1,-1,-1,-1,-1,-1,-1,-1,-1,-1,-1
4,14,11,i get it... do you feel low on energy or bery tired all day?,I'm exhausted. I go to bed at 10 and I'm still tired. I don't know what's happening to me.,0,0,0,0,0,0,0,0,0,0,0,0,0,0,1,0,0,0,0,1,0,-1,-1,-1,-1,-1,-1,-1,-1,-1,-1,-1,-1,-1,-1,2,-1,-1,-1,-1,2,-1
4,14,12,how have you been sleeping and eating?,I wake up at 3am and can't get back to sleep. And eating? Forget it. I just push it around the plate. I've lost my appetite completely.,0,0,0,0,0,0,0,0,0,0,0,0,0,0,0,1,0,1,0,0,0,-1,-1,-1,-1,-1,-1,-1,-1,-1,-1,-1,-1,-1,-1,-1,2,-1,3,-1,-1,-1
4,14,13,talk me about past.. do you think about it too often?,Not really. I try not to. I don't want to go back to that. I just want to move forward.,0,0,0,0,0,0,0,0,0,0,0,0,0,0,0,0,0,0,0,0,0,-1,-1,-1,-1,-1,-1,-1,-1,-1,-1,-1,-1,-1,-1,-1,-1,-1,-1,-1,-1,-1
4,14,14,you dont want to go back because you feel it like a failure?,Yeah. I was strong once. I ran a business. Now I'm just... I don't know what I am.,0,0,1,0,0,0,0,0,0,0,0,0,0,0,0,0,0,0,0,0,0,-1,-1,1,-1,-1,-1,-1,-1,-1,-1,-1,-1,-1,-1,-1,-1,-1,-1,-1,-1,-1
4,14,15,do you feel guilty often?,"Constantly. I feel like I've let everyone down. My mum, my family, my friends.",0,0,0,0,1,0,0,0,0,0,0,0,0,0,0,0,0,0,0,0,0,-1,-1,-1,-1,2,-1,-1,-1,-1,-1,-1,-1,-1,-1,-1,-1,-1,-1,-1,-1,-1
4,14,16,can you intimidate with your partner?,No. I just get annoyed. I don't have the energy to fight.,0,0,0,0,0,0,0,0,0,0,0,0,0,0,0,0,0,0,0,0,0,-1,-1,-1,-1,-1,-1,-1,-1,-1,-1,-1,-1,-1,-1,-1,-1,-1,-1,-1,-1,-1
4,14,17,"sorry, i meant intimate with him",No. I just... I don't know how to make myself do it. I feel like I've lost my touch.,0,0,0,0,0,0,0,0,0,0,0,0,0,0,0,0,0,0,0,0,1,-1,-1,-1,-1,-1,-1,-1,-1,-1,-1,-1,-1,-1,-1,-1,-1,-1,-1,-1,-1,3
4,14,18,have you felt like life is not worh living it or about ending it?,No. I'm not that far gone. I just... I need to get better.,0,0,0,0,0,0,0,0,1,0,0,0,0,1,0,0,0,0,0,0,0,-1,-1,-1,-1,-1,-1,-1,-1,0,-1,-1,-1,-1,0,-1,-1,-1,-1,-1,-1,-1
16,11,1,"Hello, how do you feel today?","A bit drained, to be honest. I worked a 12-hour shift yesterday and then had to deal with a family issue. I just want to recharge tonight.",0,0,0,0,0,0,0,0,0,0,0,0,0,0,0,0,0,0,0,1,0,-1,-1,-1,-1,-1,-1,-1,-1,-1,-1,-1,-1,-1,-1,-1,-1,-1,-1,-1,2,-1
16,11,2,Did you have any trouble with sleep last night?,"No, I slept fine. I just needed a good rest, you know? I’m not struggling to stay awake or anything.",0,0,0,0,0,0,0,0,0,0,0,0,0,0,0,1,0,0,0,0,0,-1,-1,-1,-1,-1,-1,-1,-1,-1,-1,-1,-1,-1,-1,-1,0,-1,-1,-1,-1,-1
16,11,3,Okay. Can you tell me more about this problem you mentioned?,"It’s just stress, really. I’m trying to manage it. I don't want to let it get the best of me.",0,0,0,0,0,0,0,0,0,0,0,0,0,0,0,0,0,0,0,0,0,-1,-1,-1,-1,-1,-1,-1,-1,-1,-1,-1,-1,-1,-1,-1,-1,-1,-1,-1,-1,-1
16,11,4,Okay but if you tell me more about this family issue I will be able to help you more.,"It’s just my sister. She’s going through a tough time, and I want to be there for her. It’s just a lot to handle sometimes.",0,0,0,0,0,0,0,0,0,0,0,0,0,0,0,0,0,0,0,0,0,-1,-1,-1,-1,-1,-1,-1,-1,-1,-1,-1,-1,-1,-1,-1,-1,-1,-1,-1,-1,-1
16,11,5,What do you mean?,"I just feel like I should be doing more. I know I’m doing my part, but I keep thinking I could do more to help her.",0,0,0,0,0,1,0,0,0,0,0,0,0,0,0,0,0,0,0,0,0,-1,-1,-1,-1,-1,2,-1,-1,-1,-1,-1,-1,-1,-1,-1,-1,-1,-1,-1,-1,-1
16,11,6,Did you try to help her more?,"I tried to talk to her, but she just needed someone to listen. I guess I was trying to fix it instead of just being there.",0,0,0,0,1,0,0,0,0,0,0,0,0,0,0,0,0,0,0,0,0,-1,-1,-1,-1,2,-1,-1,-1,-1,-1,-1,-1,-1,-1,-1,-1,-1,-1,-1,-1,-1
16,11,7,Okay. Is there any other way you think you can help her?,Not really. I just feel like I should be doing something more active. But I know she appreciates just the phone call.,0,0,0,0,0,0,0,0,0,0,0,0,1,0,0,0,0,0,0,0,0,-1,-1,-1,-1,-1,-1,-1,-1,-1,-1,-1,-1,2,-1,-1,-1,-1,-1,-1,-1,-1
16,11,8,Tell me more about your daily basis. What do you usually do during the day.,"I work at a hospital. I see patients all day, so I'm usually pretty tired by the time I get home.",0,0,0,0,0,0,0,0,0,0,0,0,0,0,1,0,0,0,0,1,0,-1,-1,-1,-1,-1,-1,-1,-1,-1,-1,-1,-1,-1,-1,3,-1,-1,-1,-1,2,-1
16,11,9,Is there anything you want to do after you get home?,I like to unwind with a book or a movie. It helps me get out of that hospital mindset.,0,0,0,0,0,0,0,0,0,0,0,0,0,0,1,0,0,0,0,0,0,-1,-1,-1,-1,-1,-1,-1,-1,-1,-1,-1,-1,-1,-1,1,-1,-1,-1,-1,-1,-1
16,11,10,Do you remember any of the books you read or films you watched recently?,"Yeah, I read a thriller last week. It was really good.",0,0,0,1,0,0,0,0,0,0,0,0,0,0,0,0,0,0,1,0,0,-1,-1,-1,1,-1,-1,-1,-1,-1,-1,-1,-1,-1,-1,-1,-1,-1,-1,1,-1,-1
16,11,11,Can you focus while doing such activities?,"Yeah, definitely. It’s a good way to get my mind off things.",0,0,0,0,0,0,0,0,0,0,0,0,0,0,0,0,0,0,1,0,0,-1,-1,-1,-1,-1,-1,-1,-1,-1,-1,-1,-1,-1,-1,-1,-1,-1,-1,0,-1,-1
16,11,12,Does it make you happy? Do you like doing these things?,"Yeah, definitely. It’s just what I need after a long day.",0,0,0,1,0,0,0,0,0,0,0,0,0,0,0,0,0,0,0,0,0,-1,-1,-1,0,-1,-1,-1,-1,-1,-1,-1,-1,-1,-1,-1,-1,-1,-1,-1,-1,-1
16,11,13,Is there anything else you like doing for fun?,"I like hiking. I don’t get to do it as much as I'd like, but it’s a great way to clear my head.",0,0,0,1,0,0,0,0,0,0,0,0,0,0,1,0,0,0,0,0,0,-1,-1,-1,0,-1,-1,-1,-1,-1,-1,-1,-1,-1,-1,1,-1,-1,-1,-1,-1,-1
16,11,14,What about food? Do you eat more or less than usual?,"I eat about the same. I might have a bit of a bigger dinner, but I'm not eating more than I should.",0,0,0,0,0,0,0,0,0,0,0,0,0,0,0,0,0,1,0,0,0,-1,-1,-1,-1,-1,-1,-1,-1,-1,-1,-1,-1,-1,-1,-1,-1,-1,1,-1,-1,-1
16,11,15,Does the food taste the same?,"Yeah, it tastes fine. I'm not noticing anything unusual about it.",0,0,0,0,0,0,0,0,0,0,0,0,0,0,0,0,0,1,0,0,0,-1,-1,-1,-1,-1,-1,-1,-1,-1,-1,-1,-1,-1,-1,-1,-1,-1,0,-1,-1,-1
16,11,16,Okay. Let's talk about your relations. Do you have a partner?,"I do. We get along great. We hang out a lot, but we also give each other space.",0,0,0,0,0,0,0,0,0,0,0,0,0,0,0,0,0,0,0,0,0,-1,-1,-1,-1,-1,-1,-1,-1,-1,-1,-1,-1,-1,-1,-1,-1,-1,-1,-1,-1,-1
16,11,17,Do you have sex regulary?,"Not as often as I'd like, to be honest. Work is just really demanding right now.",0,0,0,0,0,0,0,0,0,0,0,0,0,0,0,0,0,0,0,0,1,-1,-1,-1,-1,-1,-1,-1,-1,-1,-1,-1,-1,-1,-1,-1,-1,-1,-1,-1,-1,2
16,11,18,How about arguments? Are there any between two of you?,"No, not really. We just have the occasional disagreement, but we talk it out and move on.",0,0,0,0,0,0,0,0,0,0,0,0,0,0,0,0,1,0,0,0,0,-1,-1,-1,-1,-1,-1,-1,-1,-1,-1,-1,-1,-1,-1,-1,-1,0,-1,-1,-1,-1
16,11,19,Don't you get irrited by anybody?,Maybe a little bit with my sister. She can be a bit draining.,0,0,0,0,0,0,0,0,0,0,0,0,0,0,0,0,1,0,0,0,0,-1,-1,-1,-1,-1,-1,-1,-1,-1,-1,-1,-1,-1,-1,-1,-1,1,-1,-1,-1,-1
16,11,20,And patients or co-workers?,"Sometimes patients can be frustrating, but I don't let it get to me.",0,0,0,0,0,0,0,0,0,0,0,0,0,0,0,0,1,0,0,0,0,-1,-1,-1,-1,-1,-1,-1,-1,-1,-1,-1,-1,-1,-1,-1,-1,1,-1,-1,-1,-1
16,11,21,Do you ever feel any internal stress?,"Not really. I just get tired, like anyone else.",0,0,0,0,0,0,0,0,0,0,1,0,0,0,0,0,0,0,0,0,0,-1,-1,-1,-1,-1,-1,-1,-1,-1,-1,0,-1,-1,-1,-1,-1,-1,-1,-1,-1,-1
16,11,22,Nor the compulsion to do something?,"No, nothing like that.",0,0,0,0,0,0,0,0,0,0,1,0,0,0,0,0,0,0,0,0,0,-1,-1,-1,-1,-1,-1,-1,-1,-1,-1,0,-1,-1,-1,-1,-1,-1,-1,-1,-1,-1
16,11,23,Okay. Now let's talk about your emotions. You seem quite sad. Am I right?,I don't think I'm sad. I'm just worried about my sister.,1,0,0,0,0,0,0,0,0,0,0,0,0,0,0,0,0,0,0,0,0,0,-1,-1,-1,-1,-1,-1,-1,-1,-1,-1,-1,-1,-1,-1,-1,-1,-1,-1,-1,-1
16,11,24,Weren't you feeling low lately?,I don't know. I just felt like I should be doing more for my sister.,1,1,0,0,0,0,0,0,0,0,0,0,0,0,0,0,0,0,0,0,0,1,2,-1,-1,-1,-1,-1,-1,-1,-1,-1,-1,-1,-1,-1,-1,-1,-1,-1,-1,-1
16,11,25,How do you see your future? Is there anything good ahead?,"Yeah, definitely. I'm excited to see where my career goes.",0,1,0,0,0,0,0,0,0,0,0,0,0,0,0,0,0,0,0,0,0,-1,0,-1,-1,-1,-1,-1,-1,-1,-1,-1,-1,-1,-1,-1,-1,-1,-1,-1,-1,-1
16,11,26,And your past? What do you see when you look back?,I think I did pretty well. I got through med school and I'm helping people.,0,0,1,0,0,0,0,0,0,0,0,0,0,0,0,0,0,0,0,0,0,-1,-1,0,-1,-1,-1,-1,-1,-1,-1,-1,-1,-1,-1,-1,-1,-1,-1,-1,-1,-1
16,11,27,Can you say you like yourself than?,"Yeah, definitely.",0,0,0,0,0,0,1,0,0,0,0,0,0,0,0,0,0,0,0,0,0,-1,-1,-1,-1,-1,-1,0,-1,-1,-1,-1,-1,-1,-1,-1,-1,-1,-1,-1,-1,-1
16,11,28,Are you a good person in your own eyes?,I think I am.,0,0,0,0,0,0,0,1,0,0,0,0,0,0,0,0,0,0,0,0,0,-1,-1,-1,-1,-1,-1,-1,0,-1,-1,-1,-1,-1,-1,-1,-1,-1,-1,-1,-1,-1
16,11,29,Why do you think you did bad with your sister than?,I think I just felt guilty for not being there in person.,0,0,0,0,0,1,0,1,0,0,0,0,0,0,0,0,0,0,0,0,0,-1,-1,-1,-1,-1,3,-1,1,-1,-1,-1,-1,-1,-1,-1,-1,-1,-1,-1,-1,-1
16,11,30,Okay. Do you feel you are worth as much as others?,I think I'm worth the same.,0,0,0,0,0,0,0,0,0,0,0,0,0,1,0,0,0,0,0,0,0,-1,-1,-1,-1,-1,-1,-1,-1,-1,-1,-1,-1,-1,0,-1,-1,-1,-1,-1,-1,-1
16,11,31,Have you cried during the past month?,"No, I haven't.",0,0,0,0,0,0,0,0,0,1,0,0,0,0,0,0,0,0,0,0,0,-1,-1,-1,-1,-1,-1,-1,-1,-1,0,-1,-1,-1,-1,-1,-1,-1,-1,-1,-1,-1
16,11,32,Okay. I know I already asked but I want to make sure. Are you as interested in things around as you used to bed?,"I don't know. I'm tired, but I still watch TV or read.",0,0,0,0,0,0,0,0,0,0,0,1,0,0,0,0,0,0,0,0,0,-1,-1,-1,-1,-1,-1,-1,-1,-1,-1,-1,2,-1,-1,-1,-1,-1,-1,-1,-1,-1
16,11,33,And the last question. I know it may sound odd but it's completely normal question for psychiatrists. Have you had any suicidal thoughts lately?,"No, never.",0,0,0,0,0,0,0,0,1,0,0,0,0,0,0,0,0,0,0,0,0,-1,-1,-1,-1,-1,-1,-1,-1,0,-1,-1,-1,-1,-1,-1,-1,-1,-1,-1,-1,-1
16,11,34,Have you felt that it would be better if you wake up and be gone?,No.,0,0,0,0,0,0,0,0,1,0,0,0,0,0,0,0,0,0,0,0,0,-1,-1,-1,-1,-1,-1,-1,-1,0,-1,-1,-1,-1,-1,-1,-1,-1,-1,-1,-1,-1
16,11,35,Have you felt that the world might be a better place without you?,No.,0,0,0,0,0,0,0,0,0,0,0,0,0,0,0,0,0,0,0,0,0,-1,-1,-1,-1,-1,-1,-1,-1,-1,-1,-1,-1,-1,-1,-1,-1,-1,-1,-1,-1,-1
16,11,36,"Sorry, once again.",It’s fine.,1,1,0,0,0,0,0,0,1,0,0,0,0,1,0,0,0,0,0,0,0,0,0,-1,-1,-1,-1,-1,-1,0,-1,-1,-1,-1,0,-1,-1,-1,-1,-1,-1,-1
19,32,1,How often have you felt like you have failed in the past?,"A lot. I used to get really down on myself for not being more productive. But I’ve been trying to switch that mindset. I tell myself, 'At least I’m trying.'",0,0,1,0,0,0,0,0,0,0,0,0,0,0,0,0,0,0,0,0,0,-1,-1,3,-1,-1,-1,-1,-1,-1,-1,-1,-1,-1,-1,-1,-1,-1,-1,-1,-1,-1
19,32,2,How much have you lost interest or pleasure in activities you used to enjoy?,"Not as much as I thought I would, honestly. I still love cooking, even if I’m a bit more grumpy about the mess.",0,0,0,1,0,0,0,0,0,0,0,0,0,0,0,0,0,0,0,0,0,-1,-1,-1,1,-1,-1,-1,-1,-1,-1,-1,-1,-1,-1,-1,-1,-1,-1,-1,-1,-1
19,32,3,How often do you feel you deserve punishment for something you’ve done or for no clear reason?,"It pops up every now and then. I’ll be tired and just think, 'I should be doing something better.' But I usually just laugh it off and make a joke about being a failure.",0,0,0,0,0,1,0,0,0,0,0,0,0,0,0,0,0,0,0,0,0,-1,-1,-1,-1,-1,2,-1,-1,-1,-1,-1,-1,-1,-1,-1,-1,-1,-1,-1,-1,-1
19,32,4,How much do you dislike yourself?,"Not enough to actually change, I suppose. I’m pretty good at keeping a joke going to hide how I really feel.",0,0,0,0,0,0,1,0,0,0,0,0,0,0,0,0,0,0,0,0,0,-1,-1,-1,-1,-1,-1,2,-1,-1,-1,-1,-1,-1,-1,-1,-1,-1,-1,-1,-1,-1
19,32,5,How often do you criticize or blame yourself for things?,"A lot, I suppose. I’m pretty hard on myself, especially when things go wrong. But I try not to dwell on it.",0,0,0,0,0,0,0,1,0,0,0,0,0,0,0,0,0,0,0,0,0,-1,-1,-1,-1,-1,-1,-1,3,-1,-1,-1,-1,-1,-1,-1,-1,-1,-1,-1,-1,-1
19,32,6,Have you had thoughts about harming yourself or wishing you were not alive?,"No. I just get tired and feel like I should be doing something more. It’s a bit of a downer, but I try not to dwell on it.",0,0,0,0,0,0,0,0,1,0,0,0,0,0,0,0,0,0,0,0,0,-1,-1,-1,-1,-1,-1,-1,-1,0,-1,-1,-1,-1,-1,-1,-1,-1,-1,-1,-1,-1
19,32,7,How often have you been crying more than usual?,"A lot lately. I think it’s just the stress catching up. I try to tell myself it’s normal, but it’s a bit embarrassing.",0,0,0,0,0,0,0,0,0,1,0,0,0,0,0,0,0,0,0,0,0,-1,-1,-1,-1,-1,-1,-1,-1,-1,3,-1,-1,-1,-1,-1,-1,-1,-1,-1,-1,-1
19,32,8,How restless or agitated have you felt?,"Most evenings, honestly. I’ll be tired and just feel like I need to get out of the house.",0,0,0,0,0,0,0,0,0,0,1,0,0,0,0,0,0,0,0,0,0,-1,-1,-1,-1,-1,-1,-1,-1,-1,-1,1,-1,-1,-1,-1,-1,-1,-1,-1,-1,-1
19,32,9,How much have you lost interest in things you usually enjoy?,"A bit. I love cooking, but I don’t have the energy to clean up after. I just tell myself I'll get to it tomorrow.",0,0,0,0,0,0,0,0,0,0,0,1,0,0,0,0,0,0,0,0,0,-1,-1,-1,-1,-1,-1,-1,-1,-1,-1,-1,1,-1,-1,-1,-1,-1,-1,-1,-1,-1
19,32,10,How difficult has it been to make decisions?,"It’s been tough. I’ll look at a recipe and think, 'I should really start that,' but then I just decide to order takeout. It’s easier.",0,0,0,0,0,0,0,0,0,0,0,0,1,0,0,0,0,0,0,0,0,-1,-1,-1,-1,-1,-1,-1,-1,-1,-1,-1,-1,3,-1,-1,-1,-1,-1,-1,-1,-1
19,32,11,How worthless have you been feeling?,Worthless? I wouldn’t say that. More like... pointless. I feel like I’m just going through the motions.,0,0,0,0,0,0,0,0,0,0,0,0,0,1,0,0,0,0,0,0,0,-1,-1,-1,-1,-1,-1,-1,-1,-1,-1,-1,-1,-1,3,-1,-1,-1,-1,-1,-1,-1
19,32,12,Have you noticed changes in your appetite recently?,"Yeah. I’ve been eating a lot more junk. I told myself I’m just in a comfort food phase, but it’s been going on for weeks.",0,0,0,0,0,0,0,0,0,0,0,0,0,0,0,0,0,1,0,0,0,-1,-1,-1,-1,-1,-1,-1,-1,-1,-1,-1,-1,-1,-1,-1,-1,-1,2,-1,-1,-1
19,32,13,How often have you felt tired or without energy?,Every day. I just assume it’s normal. I tell myself I’m just getting older.,0,0,0,0,0,0,0,0,0,0,0,0,0,0,0,0,0,0,0,1,0,-1,-1,-1,-1,-1,-1,-1,-1,-1,-1,-1,-1,-1,-1,-1,-1,-1,-1,-1,3,-1
19,32,14,How much has your interest in sex decreased?,"A lot. I just haven’t been in the mood. I tell myself I’m just busy, but I know it’s not that.",0,0,0,0,0,0,0,0,0,0,0,0,0,0,0,0,0,0,0,0,1,-1,-1,-1,-1,-1,-1,-1,-1,-1,-1,-1,-1,-1,-1,-1,-1,-1,-1,-1,-1,3
19,32,15,How often have you felt sad or down?,"A lot. I get these heavy, tired feelings and just want to curl up.",1,0,0,0,0,0,0,0,0,0,0,0,0,0,0,0,0,0,0,0,0,3,-1,-1,-1,-1,-1,-1,-1,-1,-1,-1,-1,-1,-1,-1,-1,-1,-1,-1,-1,-1
19,32,16,How pessimistic have you felt about the future?,Pretty pessimistic. I think I might just be stuck in this rut.,0,1,0,0,0,0,0,0,0,0,0,0,0,0,0,0,0,0,0,0,0,-1,0,-1,-1,-1,-1,-1,-1,-1,-1,-1,-1,-1,-1,-1,-1,-1,-1,-1,-1,-1
19,32,17,How guilty have you been feeling lately?,Guilty? I don't know. I just feel like I’m not doing what I’m meant to be doing.,0,0,0,0,1,0,0,0,0,0,0,0,0,0,0,0,0,0,0,0,0,-1,-1,-1,-1,0,-1,-1,-1,-1,-1,-1,-1,-1,-1,-1,-1,-1,-1,-1,-1,-1
19,32,18,How often have you felt tired or without energy?,Every day. I just assume it’s normal. I tell myself I’m just getting older.,0,0,0,0,0,0,0,0,0,0,0,0,0,0,1,0,0,0,0,0,0,-1,-1,-1,-1,-1,-1,-1,-1,-1,-1,-1,-1,-1,-1,3,-1,-1,-1,-1,-1,-1
19,32,20,How difficult has it been to concentrate?,Really hard. I'll sit down to work and just stare at the screen.,0,0,0,0,0,0,0,0,0,0,0,0,0,0,0,1,0,0,0,0,0,-1,-1,-1,-1,-1,-1,-1,-1,-1,-1,-1,-1,-1,-1,-1,2,-1,-1,-1,-1,-1
19,32,21,Have you had changes in your sleeping pattern?,"Yeah. I’m sleeping in late every day. I tell myself it’s just a phase, but I know it’s not normal.",0,1,0,0,0,0,0,0,0,0,0,0,0,0,0,0,0,0,0,0,0,-1,3,-1,-1,-1,-1,-1,-1,-1,-1,-1,-1,-1,-1,-1,-1,-1,-1,-1,-1,-1
19,32,22,How pessimistic have you felt about the future?,Pretty pessimistic. I think I might just be stuck in this rut.,0,0,0,0,0,0,0,0,0,0,0,0,0,0,0,0,1,0,0,0,0,-1,-1,-1,-1,-1,-1,-1,-1,-1,-1,-1,-1,-1,-1,-1,-1,2,-1,-1,-1,-1
19,32,23,How easily have you been irritated or annoyed?,Quickly. I get a bit snappy if someone interrupts me when I’m trying to sleep.,0,0,0,0,0,0,0,0,0,0,0,0,0,0,0,0,0,0,0,0,0,-1,-1,-1,-1,-1,-1,-1,-1,-1,-1,-1,-1,-1,-1,-1,-1,-1,-1,-1,-1,-1
2,8,1,Hi there! I will ask you some questions regarding your situation. How are you feeling right now?,"I'm a bit tired, to be honest. I didn't sleep great last night.",0,0,0,0,0,0,0,0,0,0,0,0,0,0,0,0,0,0,0,1,0,-1,-1,-1,-1,-1,-1,-1,-1,-1,-1,-1,-1,-1,-1,-1,-1,-1,-1,-1,3,-1
2,8,2,Have you experienced these sleepless night for long?,"Just a few weeks. It's been a busy month, but I'm hoping it settles down soon.",0,0,0,0,0,0,0,0,0,0,0,0,0,0,0,1,0,0,0,0,0,-1,-1,-1,-1,-1,-1,-1,-1,-1,-1,-1,-1,-1,-1,-1,3,-1,-1,-1,-1,-1
2,8,3,Why do you think it is?,I think it's just the workload. I've been putting in extra hours to get everything done.,0,0,0,0,0,0,0,0,0,0,0,0,0,0,0,0,0,0,0,0,0,-1,-1,-1,-1,-1,-1,-1,-1,-1,-1,-1,-1,-1,-1,-1,-1,-1,-1,-1,-1,-1
2,8,4,Have you experienced loss of interest or pleasure with this?,"Not really. I'm just stressed about the deadlines, but I'm still enjoying it.",0,0,0,1,0,0,0,0,0,0,0,1,0,0,0,0,0,0,0,0,0,-1,-1,-1,0,-1,-1,-1,-1,-1,-1,-1,0,-1,-1,-1,-1,-1,-1,-1,-1,-1
2,8,5,Is there any concentration difficulty or indecsiveness with this stress?,"A bit, maybe. I find myself scrolling on my phone sometimes, but I try to stay focused.",0,0,0,0,0,0,0,0,0,0,0,0,1,0,0,0,0,0,1,0,0,-1,-1,-1,-1,-1,-1,-1,-1,-1,-1,-1,-1,1,-1,-1,-1,-1,-1,2,-1,-1
2,8,6,"Next to these symptoms, do you feel any self-dislike or criticalness towards yourself?","Not really. I just feel like I should be doing better, but I know I'm trying.",0,0,0,0,0,0,1,1,0,0,0,0,0,0,0,0,0,0,0,0,0,-1,-1,-1,-1,-1,-1,1,2,-1,-1,-1,-1,-1,-1,-1,-1,-1,-1,-1,-1,-1
2,8,7,And any sadness or pessimism?,"No, I'm actually pretty optimistic about it. I think I just need to get on top of things.",1,1,0,0,0,0,0,0,0,0,0,0,0,0,0,0,0,0,0,0,0,0,0,-1,-1,-1,-1,-1,-1,-1,-1,-1,-1,-1,-1,-1,-1,-1,-1,-1,-1,-1
2,8,8,"You said you thought you should be doing better, do you have any guilty or punishment feelings?","Maybe a little. I feel like I'm letting people down, but I know it’s just a busy season.",0,0,0,0,1,1,0,0,0,0,0,0,0,0,0,0,0,0,0,0,0,-1,-1,-1,-1,2,0,-1,-1,-1,-1,-1,-1,-1,-1,-1,-1,-1,-1,-1,-1,-1
2,8,9,Does it have to do with a past failure?,"Maybe a little. I had a project fail last year, and I feel like I have to prove myself now.",0,0,1,0,0,0,0,0,0,0,0,0,0,0,0,0,0,0,0,0,0,-1,-1,3,-1,-1,-1,-1,-1,-1,-1,-1,-1,-1,-1,-1,-1,-1,-1,-1,-1,-1
2,8,10,Do you feel any irritation or agitation  with this?,"Yeah, a bit. I get annoyed with myself when I mess up, but I try to just move on.",0,0,0,0,0,0,0,0,0,0,1,0,0,0,0,0,1,0,0,0,0,-1,-1,-1,-1,-1,-1,-1,-1,-1,-1,1,-1,-1,-1,-1,-1,2,-1,-1,-1,-1
2,8,11,Is it sometimes combined with crying?,"No, I don't usually cry. I just get a bit snappy with myself, and then I calm down.",0,0,0,0,0,0,0,0,0,1,1,0,0,0,0,0,0,0,0,0,0,-1,-1,-1,-1,-1,-1,-1,-1,-1,0,2,-1,-1,-1,-1,-1,-1,-1,-1,-1,-1
2,8,12,And are there feelings of worthlessness?,"Not really. I just feel like I’m not good enough, but I know that’s just stress talking.",0,0,0,0,0,0,0,1,0,0,0,0,0,1,0,0,0,0,0,0,0,-1,-1,-1,-1,-1,-1,-1,3,-1,-1,-1,-1,-1,0,-1,-1,-1,-1,-1,-1,-1
2,8,13,"A bit of a heavier question, but did you experience any suicidal thoughts or wishes?",No. I never thought that. I just wanted to crawl into bed and hide for a bit.,0,0,0,0,0,0,0,0,1,0,0,0,0,0,0,0,0,0,0,0,0,-1,-1,-1,-1,-1,-1,-1,-1,0,-1,-1,-1,-1,-1,-1,-1,-1,-1,-1,-1,-1
2,8,14,And do you feel loss of energy?,"Yeah, definitely. I’m just tired all the time.",0,0,0,0,0,0,0,0,0,0,0,0,0,0,1,0,0,0,0,1,0,-1,-1,-1,-1,-1,-1,-1,-1,-1,-1,-1,-1,-1,-1,3,-1,-1,-1,-1,3,-1
2,8,15,"Another question i need to ask, were there any changes in your appetite?","I eat, I just don't feel like eating as much.",0,0,0,0,0,0,0,0,0,0,0,0,0,0,0,0,0,1,0,0,0,-1,-1,-1,-1,-1,-1,-1,-1,-1,-1,-1,-1,-1,-1,-1,-1,-1,2,-1,-1,-1
2,8,16,And do you experience  loss of interest in sex?,Not really. I just don't have the energy for it.,0,0,0,0,0,0,0,0,0,0,0,0,0,0,1,0,0,0,0,1,1,-1,-1,-1,-1,-1,-1,-1,-1,-1,-1,-1,-1,-1,-1,3,-1,-1,-1,-1,3,0
17,31,1,"Hello, what brings you here today?","I just woke up tired, I guess. Haven't been sleeping as well as I used to. It's been bothering me for a few weeks now.",0,0,0,0,0,0,0,0,0,0,0,0,0,0,0,0,0,0,0,1,0,-1,-1,-1,-1,-1,-1,-1,-1,-1,-1,-1,-1,-1,-1,-1,-1,-1,-1,-1,2,-1
17,31,2,"Okay, that sounds exhausting. Are you noticing a change in sleeping patterns too?","Not really. I go to bed at the same time, but I wake up feeling like I haven't rested. It's a bit of a mystery.",0,0,0,0,0,0,0,0,0,0,0,0,0,0,0,1,0,0,0,0,0,-1,-1,-1,-1,-1,-1,-1,-1,-1,-1,-1,-1,-1,-1,-1,0,-1,-1,-1,-1,-1
17,31,3,Are you noticing loss of energy through out the day? ,"Yeah, definitely. I used to be able to keep up with work just fine, but lately, I'm just dragging by lunchtime.",0,0,0,0,0,0,0,0,0,0,0,0,0,0,1,0,0,0,0,0,0,-1,-1,-1,-1,-1,-1,-1,-1,-1,-1,-1,-1,-1,-1,2,-1,-1,-1,-1,-1,-1
17,31,4,ok and then how do you spend the rest of the day? ,"I just sort of coast through the afternoon, to be honest. I don't have the energy to do much else.",0,0,0,0,0,0,0,0,0,0,0,0,0,0,1,0,0,0,0,0,0,-1,-1,-1,-1,-1,-1,-1,-1,-1,-1,-1,-1,-1,-1,2,-1,-1,-1,-1,-1,-1
17,31,5,"but throughout the morning to lunchtime, how is your energylevel there?","It's steady, I guess. I'm just not as sharp as I used to be. I have to make sure I don't overcommit myself.",0,0,0,0,0,0,0,0,0,0,0,0,0,0,0,0,0,0,0,0,0,-1,-1,-1,-1,-1,-1,-1,-1,-1,-1,-1,-1,-1,-1,-1,-1,-1,-1,-1,-1,-1
17,31,6,how is your concentration the past few weeks?,"It's...iffy. I can't really focus for long periods, which makes work harder.",0,0,0,0,0,0,0,0,0,0,0,0,0,0,0,0,0,0,1,0,0,-1,-1,-1,-1,-1,-1,-1,-1,-1,-1,-1,-1,-1,-1,-1,-1,-1,-1,0,-1,-1
17,31,7,"do you also notice a lost of interest in other parts of your life, which used to be fun for you?","Yeah, I do. I used to love going out with friends, but now I just prefer staying in. It's like I'm just going through the motions.",0,0,0,0,0,0,0,0,0,0,0,1,0,0,0,0,0,0,0,0,0,-1,-1,-1,-1,-1,-1,-1,-1,-1,-1,-1,3,-1,-1,-1,-1,-1,-1,-1,-1,-1
17,31,8,"and what about your pleasure, do you still enjoy some activities from your day to day live?","I still enjoy cooking, so that's good. And I like spending time with my partner, so we're still doing that.",0,0,0,1,0,0,0,0,0,0,0,0,0,0,0,0,0,0,0,0,0,-1,-1,-1,1,-1,-1,-1,-1,-1,-1,-1,-1,-1,-1,-1,-1,-1,-1,-1,-1,-1
17,31,9,"speaking of your partner, how is your sex life? are there any changes?","It's...different. We still do it, but it's not as exciting as it used to be. I think I'm just tired more often, which makes it harder to get in the mood.",0,0,0,0,0,0,0,0,0,0,0,0,0,0,0,0,0,0,0,0,1,-1,-1,-1,-1,-1,-1,-1,-1,-1,-1,-1,-1,-1,-1,-1,-1,-1,-1,-1,-1,2
17,31,10,okay thank you. how is the relationship with your partner going otherwise? are you noticing changes in your irratability?,"We're fine. I just get snappy sometimes when I'm tired, but I apologize right away.",0,0,0,0,0,0,0,0,0,0,0,0,0,0,0,0,0,0,0,0,0,-1,-1,-1,-1,-1,-1,-1,-1,-1,-1,-1,-1,-1,-1,-1,-1,-1,-1,-1,-1,-1
17,31,11,and with other people? how irratable are you?,"I get a bit snappy with my colleagues, but I try to keep it to myself.",0,0,0,0,0,0,0,0,0,0,0,0,0,0,0,0,1,0,0,0,0,-1,-1,-1,-1,-1,-1,-1,-1,-1,-1,-1,-1,-1,-1,-1,-1,1,-1,-1,-1,-1
17,31,12,what about your appetit? did you notice changes concerning that?,"I've been eating more, actually. I think I'm just burning more energy than I'm using.",0,0,0,0,0,0,0,0,0,0,0,0,0,0,0,0,0,1,0,0,0,-1,-1,-1,-1,-1,-1,-1,-1,-1,-1,-1,-1,-1,-1,-1,-1,-1,3,-1,-1,-1
17,31,13,do you suffer from feelings of worthlessness?,"Not really. I just feel a bit stuck, but I know I'm doing okay.",0,0,0,0,0,0,0,0,0,0,0,0,0,1,0,0,0,0,0,0,0,-1,-1,-1,-1,-1,-1,-1,-1,-1,-1,-1,-1,-1,0,-1,-1,-1,-1,-1,-1,-1
17,31,14,and what about your decision making skills? ,"I'm probably a bit slower than I used to be, but I'm still making the right choices.",0,0,0,0,0,0,0,0,0,0,0,0,1,0,0,0,0,0,0,0,0,-1,-1,-1,-1,-1,-1,-1,-1,-1,-1,-1,-1,1,-1,-1,-1,-1,-1,-1,-1,-1
17,31,15,are you noticing some kind of inner restlessness?,I get a bit restless when I'm sitting around too much. I need to keep moving to stay happy.,0,0,0,0,0,0,0,0,0,0,1,0,0,0,0,0,0,0,0,0,0,-1,-1,-1,-1,-1,-1,-1,-1,-1,-1,1,-1,-1,-1,-1,-1,-1,-1,-1,-1,-1
17,31,16,was it always like that or just since your episode of sadness etc.?,"I've always been a bit of a worrier, but it's definitely worse lately.",0,0,0,0,0,0,0,0,0,0,0,0,0,0,0,0,0,0,0,0,0,-1,-1,-1,-1,-1,-1,-1,-1,-1,-1,-1,-1,-1,-1,-1,-1,-1,-1,-1,-1,-1
17,31,17,are you feeling discouraged about your future?,"No, I'm not really. I just feel a bit stuck in the moment, but I know I'll figure it out.",0,1,0,0,0,0,0,0,0,0,0,0,0,0,0,0,0,0,0,0,0,-1,0,-1,-1,-1,-1,-1,-1,-1,-1,-1,-1,-1,-1,-1,-1,-1,-1,-1,-1,-1
17,31,18,and what about the feelings toward yourself... do you think of yourself as a failure? or do you experience feelings of guiltiness?,"I don't really think that. I know I'm doing okay, even if it's not as exciting as I thought it would be.",0,0,0,0,1,0,0,0,0,0,0,0,0,0,0,0,0,0,0,0,0,-1,-1,-1,-1,0,-1,-1,-1,-1,-1,-1,-1,-1,-1,-1,-1,-1,-1,-1,-1,-1
17,31,19,so you are not noticing any changes?,"Not really. I just feel a bit... stuck, like I'm not moving forward.",0,0,1,0,0,0,0,0,0,0,0,0,0,0,0,0,0,0,0,0,0,-1,-1,0,-1,-1,-1,-1,-1,-1,-1,-1,-1,-1,-1,-1,-1,-1,-1,-1,-1,-1
17,31,20,some people in your situation may feel like being punished for something. do you feel that way too?,"No, I don't really. I just feel like I'm stuck in a rut.",0,0,0,0,0,1,0,0,0,0,0,0,0,0,0,0,0,0,0,0,0,-1,-1,-1,-1,-1,0,-1,-1,-1,-1,-1,-1,-1,-1,-1,-1,-1,-1,-1,-1,-1
17,31,21,do you feel the same about your self as ever? or do you e.g. criticize yourself more than before?,I don't really criticize myself. I just feel like I'm not doing as well as I should be.,0,0,0,0,0,0,1,1,0,0,0,0,0,0,0,0,0,0,0,0,0,-1,-1,-1,-1,-1,-1,0,0,-1,-1,-1,-1,-1,-1,-1,-1,-1,-1,-1,-1,-1
17,31,22,thank you. we have come so far! no i just want to ask: are you experiencing feelings of sadness? are you crying more than usually?,"I don't really cry that much. I just get a bit annoyed sometimes, but I don't let it get to me.",0,0,0,0,0,0,0,0,0,1,0,0,0,0,0,0,0,0,0,0,0,-1,-1,-1,-1,-1,-1,-1,-1,-1,0,-1,-1,-1,-1,-1,-1,-1,-1,-1,-1,-1
17,31,23,and what about feelings of sadness?,I don't really feel that either. I just feel a bit... flat.,1,0,0,0,0,0,0,0,0,0,0,0,0,0,0,0,0,0,0,0,0,0,-1,-1,-1,-1,-1,-1,-1,-1,-1,-1,-1,-1,-1,-1,-1,-1,-1,-1,-1,-1
17,31,24,last question: some people wish that they could end there lifes. have you at any point in your life thought about hurting yourself or ending your life?,"No, never. I know I'm just having a bad patch, so I don't let it get that serious.",0,0,0,0,0,0,0,0,1,0,0,0,0,0,0,0,0,0,0,0,0,-1,-1,-1,-1,-1,-1,-1,-1,0,-1,-1,-1,-1,-1,-1,-1,-1,-1,-1,-1,-1
14,28,1,"Hello, how are you doing today?",I'm... tired. Just feeling a bit heavy in the chest. I don't know why. I went to bed fine last night.,0,0,0,0,0,0,0,0,0,0,0,0,0,0,0,0,0,0,0,1,0,-1,-1,-1,-1,-1,-1,-1,-1,-1,-1,-1,-1,-1,-1,-1,-1,-1,-1,-1,2,-1
14,28,2,"Thank you for sharing that with me, have you had any difficulties with sleeping before?",Yeah. I wake up a lot. Sometimes I just lie there thinking about how much I have to do tomorrow. It’s hard to turn off my brain.,0,0,0,0,0,0,0,0,0,0,0,0,0,0,0,1,0,0,0,0,0,-1,-1,-1,-1,-1,-1,-1,-1,-1,-1,-1,-1,-1,-1,-1,3,-1,-1,-1,-1,-1
14,28,3,"That sounds like it can be really difficult. How do you normally feel during the day, once you wake up?",Irritable. I snap at my kids for no reason. I just feel... like I’m drowning in a sea of nothing.,0,0,0,0,0,0,0,0,0,0,1,0,0,0,0,0,1,0,0,0,0,-1,-1,-1,-1,-1,-1,-1,-1,-1,-1,3,-1,-1,-1,-1,-1,3,-1,-1,-1,-1
14,28,4,"That makes sense, can you tell me what happens before you snap at your kids?","I see them looking at me, and I just... explode. It’s like I'm trapped in this cage and I can't get out.",0,0,0,0,0,1,1,0,0,0,1,0,0,0,0,0,1,0,0,0,0,-1,-1,-1,-1,-1,2,3,-1,-1,-1,3,-1,-1,-1,-1,-1,3,-1,-1,-1,-1
14,28,5,"Thank you for sharing that, do you also live with a partner?","Yeah. We’re... together, but we don't really talk anymore. It's like we're just going through the motions.",0,0,0,1,0,0,0,0,0,0,0,0,0,0,0,0,0,0,0,0,0,-1,-1,-1,2,-1,-1,-1,-1,-1,-1,-1,-1,-1,-1,-1,-1,-1,-1,-1,-1,-1
14,28,6,Can you tell me more about your relationship with them?,We just... don't connect anymore. We talk about the same things over and over. It feels like we're just two strangers living in the same house.,0,0,0,1,0,0,0,0,0,0,0,0,0,0,0,0,0,0,0,0,0,-1,-1,-1,3,-1,-1,-1,-1,-1,-1,-1,-1,-1,-1,-1,-1,-1,-1,-1,-1,-1
14,28,7,Do you feel comfortable sharing any other details about your relationship? Such as if you've been intimate with one another recently?,No... I don't want to go there. It’s... private. I just wish I could turn it all off and be the person I used to be.,0,0,0,0,1,0,0,0,0,0,0,0,0,0,0,0,0,0,0,0,1,-1,-1,-1,-1,2,-1,-1,-1,-1,-1,-1,-1,-1,-1,-1,-1,-1,-1,-1,-1,2
14,28,8,Tell me more about the person you used to be.,"I was... optimistic. I had a job I loved, and I thought I was on the right track. I just... lost my way.",1,1,0,0,0,0,1,1,0,0,0,1,0,0,0,0,0,0,0,0,0,3,3,-1,-1,-1,-1,2,2,-1,-1,-1,3,-1,-1,-1,-1,-1,-1,-1,-1,-1
14,28,9,Tell me what happened before you started feeling this way.,"I lost my job. It was a big deal for me. I had to sell my house, and then my car broke down. It just... felt like everything was falling apart.",1,1,1,0,0,0,0,0,0,0,0,0,0,0,0,0,0,0,0,0,0,2,2,3,-1,-1,-1,-1,-1,-1,-1,-1,-1,-1,-1,-1,-1,-1,-1,-1,-1,-1
14,28,10,"That does sound very hard to have gone through that. Since then, can you walk me through what a typical day looks like for you?","I just... exist. I wake up, I eat, I go through the motions. I don't really do anything. I just wait for the day to end.",0,0,0,0,0,0,0,0,0,0,0,0,0,0,0,0,0,0,0,0,0,-1,-1,-1,-1,-1,-1,-1,-1,-1,-1,-1,-1,-1,-1,-1,-1,-1,-1,-1,-1,-1
14,28,11,Tell me more about your eating habits.,"I don't eat much. I just grab something quick. I don't taste it, I don't enjoy it. I just eat to eat.",0,0,0,0,0,0,0,0,0,0,0,0,0,0,0,0,0,1,0,0,0,-1,-1,-1,-1,-1,-1,-1,-1,-1,-1,-1,-1,-1,-1,-1,-1,-1,3,-1,-1,-1
14,28,12,That sounds very difficult. Can you also walk me through some more feelings you have during the day? Do you feel content in some way with being home more?,No... I don't feel content. I just... I don't know. I feel like I'm stuck in a rut. I just want to wake up one day and feel normal again.,0,0,0,0,0,0,0,0,0,0,0,0,0,1,0,0,0,0,0,0,0,-1,-1,-1,-1,-1,-1,-1,-1,-1,-1,-1,-1,-1,2,-1,-1,-1,-1,-1,-1,-1
14,28,13,"It sounds like you just feel out of it, does that sounds accurate?",Yeah. That’s the best way to put it. Just... out of it. Like I'm just going through the motions until I can go to bed.,0,0,0,0,0,0,0,0,0,0,0,0,0,0,1,0,0,0,1,0,0,-1,-1,-1,-1,-1,-1,-1,-1,-1,-1,-1,-1,-1,-1,0,-1,-1,-1,0,-1,-1
14,28,14,Does it feel challenging to think about what to do during the day?,Yeah. Everything feels... heavy. I look at the clock and I just... I don't know what to do. I just want to sleep.,0,0,0,0,0,0,0,0,0,0,0,0,1,0,1,0,0,0,0,0,0,-1,-1,-1,-1,-1,-1,-1,-1,-1,-1,-1,-1,3,-1,3,-1,-1,-1,-1,-1,-1
14,28,15,Have you ever cried from this situation?,Yeah. I have. Late at night. When I'm alone. I just... I cry because I don't know how to fix it.,0,0,0,0,0,0,0,0,0,1,0,0,0,0,0,0,0,0,0,0,0,-1,-1,-1,-1,-1,-1,-1,-1,-1,3,-1,-1,-1,-1,-1,-1,-1,-1,-1,-1,-1
14,28,16,Have you ever felt like harming yourself?,"No... I don't know. It’s a thought, but I don't think I could actually do it. I'm just... tired. I just want it to stop.",0,0,0,0,0,0,0,0,1,0,0,0,0,0,0,0,0,0,0,0,0,-1,-1,-1,-1,-1,-1,-1,-1,1,-1,-1,-1,-1,-1,-1,-1,-1,-1,-1,-1,-1
18,5,1,"Hello, how have you been feeling lately?","I'm mostly good, just a bit stressed with the guest list. It’s just a lot of details to get right. *smiles*",1,0,0,0,0,0,0,0,0,0,1,0,0,0,0,0,0,0,0,0,0,0,-1,-1,-1,-1,-1,-1,-1,-1,-1,0,-1,-1,-1,-1,-1,-1,-1,-1,-1,-1
18,5,2,"Managing a guest list can definitely pull you in a lot of directions! With all those details on your mind, have you found yourself feeling a bit more short-tempered or irritable with people than usual, or are you still finding time to enjoy yourself?","No, I’m good. I just have to make sure I take my time with the decisions, so I don’t get too worked up. It’s manageable.",0,0,0,0,0,0,0,0,0,0,0,0,1,0,0,0,1,0,0,0,0,-1,-1,-1,-1,-1,-1,-1,-1,-1,-1,-1,-1,0,-1,-1,-1,0,-1,-1,-1,-1
18,5,3,"Taking your time to keep things manageable is a great approach. When you look ahead at how everything is coming  together, do you feel optimistic about how things will turn out?","Yeah, definitely. I have my moments where I doubt myself, but overall I think it’s going to be a great day.",0,1,0,0,0,0,1,0,0,0,0,0,0,0,0,0,0,0,0,0,0,-1,0,-1,-1,-1,-1,0,-1,-1,-1,-1,-1,-1,-1,-1,-1,-1,-1,-1,-1,-1
18,5,4,"It's wonderful to hear that you are staying positive overall. With all the hard work you've been putting to this event, have you felt like you've been maintaining your energy levels?","I’m fine. Just a bit tired from running around, but I'm managing. I’ll get a good night’s sleep and I'll be back to normal.",0,0,0,0,0,0,0,0,0,0,0,0,0,0,1,1,0,0,0,0,0,-1,-1,-1,-1,-1,-1,-1,-1,-1,-1,-1,-1,-1,-1,0,0,-1,-1,-1,-1,-1
18,5,5,"Getting rest to bounce back is the best way to handle it. With all that running around for the event planning, has it gotten in the way of your regular meals or appetite?","A little bit, yeah. I’m eating, just not as much as I usually do. It’s okay, I’m not starving or anything. *laughs*",0,0,0,0,0,0,0,0,0,1,0,0,0,0,0,0,0,1,0,0,0,-1,-1,-1,-1,-1,-1,-1,-1,-1,0,-1,-1,-1,-1,-1,-1,-1,1,-1,-1,-1
18,5,6,"It's easy for eating patterns to shift when your're busy. Aside from that, have you noticed if physical demands of planning made you feel significantly more fatigued or tired than usual?","Not really. I get a bit slow after a long day, but I don't feel exhausted or anything. I just need a nap, and I'm fine.",0,0,0,0,0,0,0,0,0,0,0,0,0,0,1,0,0,0,0,1,0,-1,-1,-1,-1,-1,-1,-1,-1,-1,-1,-1,-1,-1,-1,0,-1,-1,-1,-1,0,-1
18,5,7,"It's good to hear that your energy bounces back. With everything moving forward smoothly, are you still finding it easy to enjoy your regular daily activities, or has the busy routine made things feel less pleasurable lately?","I still enjoy them, just... maybe not as much as I would have last month. It’s fine, though. I know I’ll get back to normal once things slow down.",0,0,0,1,0,0,0,0,0,0,0,1,0,0,0,0,0,0,0,0,0,-1,-1,-1,1,-1,-1,-1,-1,-1,-1,-1,0,-1,-1,-1,-1,-1,-1,-1,-1,-1
18,5,8,"It makes sense that a jam-packed schedule takes a bit of a toll on how much you engage in your daily activities. With so many choices to make for these guest list, do you find yourself dwelling on past mistakes, or feeling guilty that you're not doing enough?","Sometimes I get a little nervous that I’m making the wrong call. But I know I’m doing my best, so I just try to shake it off.",0,0,1,0,1,0,0,0,0,0,0,0,0,0,0,0,0,0,0,0,0,-1,-1,0,-1,0,-1,-1,-1,-1,-1,-1,-1,-1,-1,-1,-1,-1,-1,-1,-1,-1
18,5,9,"Shaking it off and recognising that you are doing your best is a really healthy perspective. When you run into those stressful moments, do you maintain that sense of confidence in who you are?","Yeah, I do. I know I’m capable and I’m just being a bit fussy. I try to be kind to myself, really.",0,0,0,0,0,0,0,1,0,0,0,0,0,1,0,0,0,0,0,0,0,-1,-1,-1,-1,-1,-1,-1,0,-1,-1,-1,-1,-1,0,-1,-1,-1,-1,-1,-1,-1
18,5,10,"Being kind to yourself is an excellent mindset. In general, when you run into stressful moments, do you find yourself feeling like you are being punished, or have thoughts of wanting to give up entirely?","No, not at all. I know it’s just stress, so I just tell myself to chill. I’m not going to let it get that serious.",0,0,0,0,0,1,0,0,1,0,0,0,0,0,0,0,0,0,0,0,0,-1,-1,-1,-1,-1,0,-1,-1,0,-1,-1,-1,-1,-1,-1,-1,-1,-1,-1,-1,-1
18,5,11,"It's great to recognise stress for what it is and keep it in perspective. With so many moving parts and details to track for the guest list right now, have you found it harder to focus on tasks?","Sometimes. I just need to get into the zone, and then I'm fine. It’s just a momentary distraction.",0,0,0,0,0,0,0,0,0,0,0,0,1,0,0,0,0,0,1,0,0,-1,-1,-1,-1,-1,-1,-1,-1,-1,-1,-1,-1,0,-1,-1,-1,-1,-1,0,-1,-1
18,5,12,"It's great that you are able to lock focus. With so much of your head-space dedicated to coordinating this event lately, have you ever noticed if it has impacted your interest in intimacy or sex?","A little bit, yeah. I’m not really craving it right now, but I'm not uninterested or anything. It’s just... I'll get there eventually.",0,0,0,0,0,0,0,0,0,0,0,1,0,0,0,0,0,0,0,0,1,-1,-1,-1,-1,-1,-1,-1,-1,-1,-1,-1,0,-1,-1,-1,-1,-1,-1,-1,-1,1
13,40,1,"Hey, how you doing today? Today I'll ask you a few questions to understand how you've been doing in the past weeks, including today, okay?","I'm... managing, I suppose. It's just been a lot lately, so I'm trying to take it one step at a time.",1,0,0,0,0,0,0,0,0,0,0,0,0,0,0,0,0,0,0,0,0,1,-1,-1,-1,-1,-1,-1,-1,-1,-1,-1,-1,-1,-1,-1,-1,-1,-1,-1,-1,-1
13,40,2,You feel sad?,"More drained, really. I don't know if it's just the stress of everything closing down, but I feel physically heavy sometimes.",1,0,0,0,0,0,0,0,0,0,0,0,0,0,0,0,0,0,0,0,0,0,-1,-1,-1,-1,-1,-1,-1,-1,-1,-1,-1,-1,-1,-1,-1,-1,-1,-1,-1,-1
13,40,3,"So, tired?","Yes, that's it. I wake up and just feel... exhausted before I even get out of bed.",0,0,0,0,0,0,0,0,0,0,0,0,0,0,0,0,0,0,0,1,0,-1,-1,-1,-1,-1,-1,-1,-1,-1,-1,-1,-1,-1,-1,-1,-1,-1,-1,-1,2,-1
13,40,4,what are your energy levels?,"Low. I usually get a burst of energy around lunchtime, but then it drops again. I don't know if I'm just tired or if I'm overthinking it.",0,0,0,0,0,0,0,0,0,0,0,0,0,0,1,0,0,0,0,0,0,-1,-1,-1,-1,-1,-1,-1,-1,-1,-1,-1,-1,-1,-1,1,-1,-1,-1,-1,-1,-1
13,40,5,have you had any changes in your sleep pattern? or a appetite?,"Sleep is... weird. I go to bed early, but I wake up in the middle of the night and lie there for hours. I don't know if it's just my brain or what.",0,0,0,0,0,0,0,0,0,0,0,0,0,0,0,1,0,0,0,0,0,-1,-1,-1,-1,-1,-1,-1,-1,-1,-1,-1,-1,-1,-1,-1,3,-1,-1,-1,-1,-1
13,40,6,and appetite?,"I've lost my taste for most things. I make toast, and it just sits there. I don't know if I'm just stressed or what, but food doesn't seem to register with me anymore.",0,0,0,0,0,0,0,0,0,0,0,0,0,0,0,0,0,1,0,0,0,-1,-1,-1,-1,-1,-1,-1,-1,-1,-1,-1,-1,-1,-1,-1,-1,-1,3,-1,-1,-1
13,40,7,is it difficult to concentrate?,"Yes, that's the worst part. I'll start reading a book, and I can't focus. I'll stare at the words and just get blank. It's like my brain is tired, even when I'm sitting still.",0,0,0,0,0,0,0,0,0,0,0,0,0,0,0,0,0,0,1,0,0,-1,-1,-1,-1,-1,-1,-1,-1,-1,-1,-1,-1,-1,-1,-1,-1,-1,-1,3,-1,-1
13,40,8,are you agitated and or irritable? ,"I get short with my partner sometimes. I don't mean to, but I just snap at little things. I don't know if it's just me or if I'm just letting stress get to me.",0,0,0,0,0,0,0,0,0,0,0,0,0,0,0,0,1,0,0,0,0,-1,-1,-1,-1,-1,-1,-1,-1,-1,-1,-1,-1,-1,-1,-1,-1,2,-1,-1,-1,-1
13,40,9,and agitated?,"I get a bit restless, I suppose. I pace around the house when I'm waiting for things to happen. I don't know if that's normal or if I'm just losing my mind.",0,0,0,0,0,0,0,0,0,0,1,0,0,0,0,0,0,0,0,0,0,-1,-1,-1,-1,-1,-1,-1,-1,-1,-1,2,-1,-1,-1,-1,-1,-1,-1,-1,-1,-1
13,40,10,are you pessimistic about your future?,"I don't know if I can see one. I keep thinking that this is just a phase, but it's been months and I don't see it changing.",0,1,0,0,0,0,0,0,0,0,0,0,0,0,0,0,0,0,0,0,0,-1,2,-1,-1,-1,-1,-1,-1,-1,-1,-1,-1,-1,-1,-1,-1,-1,-1,-1,-1,-1
13,40,11,do you feel like a failure?,"I don't know if that's the right word. I just feel like I'm failing myself, I suppose. I don't know if I'm just overthinking it, but I feel like I've let myself down.",0,0,0,0,0,0,0,0,0,0,0,0,0,0,0,0,0,0,0,0,0,-1,-1,-1,-1,-1,-1,-1,-1,-1,-1,-1,-1,-1,-1,-1,-1,-1,-1,-1,-1,-1
13,40,12,have you failed?,"I don't know. I didn't get the job I wanted, but I don't know if that's a failure or just a setback. I don't know if I'm just looking for excuses.",0,0,1,0,0,0,0,0,0,0,0,0,0,0,0,0,0,0,0,0,0,-1,-1,1,-1,-1,-1,-1,-1,-1,-1,-1,-1,-1,-1,-1,-1,-1,-1,-1,-1,-1
13,40,13,do you still get pleasure from the things you enjoy? ,"Not really. I used to love reading, but now it just feels like a chore. I don't know if I'm just losing my enthusiasm or if I'm just not the person I used to be.",0,0,0,1,0,0,0,0,0,0,0,0,0,0,0,0,0,0,0,0,0,-1,-1,-1,2,-1,-1,-1,-1,-1,-1,-1,-1,-1,-1,-1,-1,-1,-1,-1,-1,-1
13,40,14,so you have lost thing in things and other people?,"Yeah, I think I have. I look at my friends who are moving on, and I just feel... stuck. I don't know if I'm just jealous or if I'm losing my sense of purpose.",0,0,0,0,0,0,0,0,0,0,0,1,0,0,0,0,0,0,0,0,0,-1,-1,-1,-1,-1,-1,-1,-1,-1,-1,-1,2,-1,-1,-1,-1,-1,-1,-1,-1,-1
13,40,15,do you feel guilty?,"Constantly. I feel like I should be doing better, but I don't know how to fix it.",0,0,0,0,1,0,0,0,0,0,0,0,0,0,0,0,0,0,0,0,0,-1,-1,-1,-1,2,-1,-1,-1,-1,-1,-1,-1,-1,-1,-1,-1,-1,-1,-1,-1,-1
13,40,16,do you dislike yourself?,"I don't know if I dislike myself, but I definitely don't like who I am right now.",0,0,0,0,0,0,1,0,0,0,0,0,0,0,0,0,0,0,0,0,0,-1,-1,-1,-1,-1,-1,2,-1,-1,-1,-1,-1,-1,-1,-1,-1,-1,-1,-1,-1,-1
13,40,17,are you critical with yourself?,"I'm always second-guessing. I think, 'Why can't I just get over this?' or 'Why am I so useless?' I don't know if that's just normal or if I'm just beating myself up.",0,0,0,0,0,0,0,1,0,0,0,0,0,0,0,0,0,0,0,0,0,-1,-1,-1,-1,-1,-1,-1,2,-1,-1,-1,-1,-1,-1,-1,-1,-1,-1,-1,-1,-1
13,40,18,do you find it hard to make decisions?,"Yes, I do. I look at a menu and can't choose a meal, or I look at a book and can't decide what to read. I don't know if that's just me or if I'm just overthinking things.",0,0,0,0,0,0,0,0,0,0,0,0,1,0,0,0,0,0,0,0,0,-1,-1,-1,-1,-1,-1,-1,-1,-1,-1,-1,-1,3,-1,-1,-1,-1,-1,-1,-1,-1
13,40,19,do you feel worthless?,"Mostly just useless, I suppose. I don't feel like I'm contributing to anything.",0,0,0,0,0,0,0,0,0,0,0,0,0,1,0,0,0,0,0,0,0,-1,-1,-1,-1,-1,-1,-1,-1,-1,-1,-1,-1,-1,2,-1,-1,-1,-1,-1,-1,-1
13,40,20,"I'm sorry but I have to task, have you had suicidal thoughts or wishes?","I don't know if I should say that out loud, but... yes. I think about it sometimes. It's a terrible thing to admit, but it feels like the only way out of this hole.",0,0,0,0,0,0,0,0,1,0,0,0,0,0,0,0,0,0,0,0,0,-1,-1,-1,-1,-1,-1,-1,-1,2,-1,-1,-1,-1,-1,-1,-1,-1,-1,-1,-1,-1
13,40,21,would you carry out those thoughts?,"I don't know if I would, honestly. I don't think I could bring myself to do it.",0,0,0,0,0,0,0,0,1,0,0,0,0,0,0,0,0,0,0,0,0,-1,-1,-1,-1,-1,-1,-1,-1,1,-1,-1,-1,-1,-1,-1,-1,-1,-1,-1,-1,-1
13,40,22,do you cry often?,"Yes. I cry a lot, I suppose. It's usually just me, alone in the house.",0,0,0,0,0,0,0,0,0,1,0,0,0,0,0,0,0,0,0,0,0,-1,-1,-1,-1,-1,-1,-1,-1,-1,2,-1,-1,-1,-1,-1,-1,-1,-1,-1,-1,-1
13,40,23,do you feel like you're being punished?,"I don't know if that's the right word, but I feel like I'm being... tested, maybe. I don't know what I've done to deserve this, but I feel like I'm being held up to some kind of standard and I'm failing.",0,0,0,0,0,1,0,0,0,0,0,0,0,0,0,0,0,0,0,0,0,-1,-1,-1,-1,-1,1,-1,-1,-1,-1,-1,-1,-1,-1,-1,-1,-1,-1,-1,-1,-1
13,40,24,have you lost interest in sex?,"Yes. I haven't had the energy for it in months. I don't know if that's normal or if it's just me, but it feels like my body has just shut down.",0,0,0,0,0,0,0,0,0,0,0,0,0,0,0,0,0,0,0,0,1,-1,-1,-1,-1,-1,-1,-1,-1,-1,-1,-1,-1,-1,-1,-1,-1,-1,-1,-1,-1,3
0,51,1,hello,"Hi, I’m a bit stressed lately. I work part-time and I’m finding it hard to balance everything.",0,0,0,0,0,0,0,0,0,0,0,0,0,0,0,0,0,0,0,1,0,-1,-1,-1,-1,-1,-1,-1,-1,-1,-1,-1,-1,-1,-1,-1,-1,-1,-1,-1,1,-1
0,51,2,Have you been crying in the last weeks?,A few times. It usually happens when I’m alone. I don’t know why I’m reacting like this. I’m probably just overthinking things.,0,0,0,0,0,0,0,0,0,1,0,0,0,0,0,0,0,0,0,0,0,-1,-1,-1,-1,-1,-1,-1,-1,-1,2,-1,-1,-1,-1,-1,-1,-1,-1,-1,-1,-1
0,51,3,How do you feel about yourself?,"I’m not sure. I feel like I’m failing at everything. I drop the ball at work, and then I’m too tired to even spend time with the kids. It feels like I’m just not good at this.",0,0,0,0,0,0,1,1,0,0,0,0,0,1,1,0,0,0,0,1,0,-1,-1,-1,-1,-1,-1,2,2,-1,-1,-1,-1,-1,1,2,-1,-1,-1,-1,2,-1
0,51,4,Do you feel sad and/or irritable?,"I guess I do. I’m just really drained, I think. It’s hard to explain.",1,0,0,0,0,0,0,0,0,0,0,0,0,0,0,0,1,0,0,0,0,1,-1,-1,-1,-1,-1,-1,-1,-1,-1,-1,-1,-1,-1,-1,-1,1,-1,-1,-1,-1
0,51,5,Hows your sex life?,"It’s... non-existent. I feel too tired to even think about it. Maybe I’m just not interested anymore, I don't know.",0,0,0,0,0,0,0,0,0,0,0,0,0,0,1,0,0,0,0,1,1,-1,-1,-1,-1,-1,-1,-1,-1,-1,-1,-1,-1,-1,-1,2,-1,-1,-1,-1,2,3
0,51,6,HOws your concentration?,It’s pretty poor. I’ll be doing something simple and my mind will just wander off. I guess I’m just not focused.,0,0,0,0,0,0,0,0,0,0,0,0,0,0,0,0,0,0,1,0,0,-1,-1,-1,-1,-1,-1,-1,-1,-1,-1,-1,-1,-1,-1,-1,-1,-1,-1,2,-1,-1
0,51,7,Hows your appetite?,I haven’t been eating much. I guess I’m just too busy to think about food.,0,0,0,0,0,0,0,0,0,0,0,0,0,0,0,0,0,1,0,0,0,-1,-1,-1,-1,-1,-1,-1,-1,-1,-1,-1,-1,-1,-1,-1,-1,-1,2,-1,-1,-1
0,51,8,"Hows your sleep, any changes in the last weeks?","I’m having trouble sleeping. I lie there for hours, and then I’m too tired to get up and do anything.",0,0,0,0,0,0,0,0,0,0,0,0,0,0,0,1,0,0,0,1,0,-1,-1,-1,-1,-1,-1,-1,-1,-1,-1,-1,-1,-1,-1,-1,3,-1,-1,-1,2,-1
0,51,9,Do you have trouble making decisions?,"Yeah, I do. I’m just not sure what to do, so I don't.",0,0,0,0,0,0,0,0,0,0,0,0,1,0,0,0,0,0,0,0,0,-1,-1,-1,-1,-1,-1,-1,-1,-1,-1,-1,-1,2,-1,-1,-1,-1,-1,-1,-1,-1
0,51,10,HOw about your hobbies? do you still persue them and find them fun?,"No, I haven't been doing them. I don't have the energy to pick up a book or paint, so I just don't.",0,0,0,0,0,0,0,0,0,0,0,1,0,0,1,0,0,0,0,1,0,-1,-1,-1,-1,-1,-1,-1,-1,-1,-1,-1,3,-1,-1,2,-1,-1,-1,-1,2,-1
0,51,11,"Do you still expirience pleasure? From hobbies, activities, other people?","Not really. I feel drained, but I don't really feel good or bad about it.",0,0,0,1,0,0,0,0,0,0,0,0,0,0,1,0,0,0,0,0,0,-1,-1,-1,3,-1,-1,-1,-1,-1,-1,-1,-1,-1,-1,2,-1,-1,-1,-1,-1,-1
0,51,12,How do you feel about your future?,"I don't know. I used to be really ambitious, but now... I guess I just feel like I’m stuck in a rut.",0,1,0,0,0,0,0,0,0,0,0,0,0,0,0,0,0,0,0,0,0,-1,1,-1,-1,-1,-1,-1,-1,-1,-1,-1,-1,-1,-1,-1,-1,-1,-1,-1,-1,-1
0,51,13,Do you feel agitated?,"Yes, I do. I get frustrated over small things. I guess I’m just running on empty.",0,0,0,0,0,0,0,0,0,0,1,0,0,0,0,0,1,0,0,0,0,-1,-1,-1,-1,-1,-1,-1,-1,-1,-1,2,-1,-1,-1,-1,-1,1,-1,-1,-1,-1
0,51,14,ARe you thinking about your past a lot,"I guess so. I keep thinking about how I used to handle things better. I feel like I’m failing at everything, and it makes me feel worse.",0,0,1,0,0,0,0,0,0,0,0,0,0,0,0,0,0,0,0,0,0,-1,-1,2,-1,-1,-1,-1,-1,-1,-1,-1,-1,-1,-1,-1,-1,-1,-1,-1,-1,-1
0,51,15,Do you feel like you deserve punishment? or like someone or something is punishing you?,"I guess a little bit. I feel like I’m not doing enough, so maybe I’m just punishing myself.",0,0,0,0,0,1,0,0,0,0,0,0,0,0,0,0,0,0,0,0,0,-1,-1,-1,-1,-1,1,-1,-1,-1,-1,-1,-1,-1,-1,-1,-1,-1,-1,-1,-1,-1
0,51,16,Do you feel guilt?,"Yes, I do. I feel like I’m failing my family, and that makes me feel bad about myself.",0,0,0,0,1,0,0,0,0,0,0,0,0,0,0,0,0,0,0,0,0,-1,-1,-1,-1,2,-1,-1,-1,-1,-1,-1,-1,-1,-1,-1,-1,-1,-1,-1,-1,-1
0,51,17,Any suicidal thoughts?,"No, not really. I just feel like I’m not doing well, and I don't know how to make it stop.",0,0,0,0,0,0,0,0,1,0,0,0,0,0,0,0,0,0,0,0,0,-1,-1,-1,-1,-1,-1,-1,-1,0,-1,-1,-1,-1,-1,-1,-1,-1,-1,-1,-1,-1
7,21,1,Hello there,"Hi. I’m just a bit... anxious, I suppose. This new job has me worried about messing up.",0,1,0,0,0,0,1,1,0,0,1,0,0,1,0,0,0,0,0,0,0,-1,0,-1,-1,-1,-1,0,0,-1,-1,0,-1,-1,0,-1,-1,-1,-1,-1,-1,-1
7,21,2,"I'm sorry to hear that, that sounds hard","Yeah, it is. I keep thinking about what will happen if I make a mistake in front of everyone.",0,1,1,0,0,0,1,1,0,0,1,0,0,0,0,0,0,0,1,0,0,-1,2,2,-1,-1,-1,1,3,-1,-1,3,-1,-1,-1,-1,-1,-1,-1,3,-1,-1
7,21,3,it sounds as though your anxious feelings are really leading you to anticipate the worst ,Exactly. I keep replaying this loop in my head where I fail and everyone sees it.,0,0,1,0,0,0,0,1,0,1,1,0,0,1,0,0,0,0,0,0,0,-1,-1,0,-1,-1,-1,-1,0,-1,0,0,-1,-1,0,-1,-1,-1,-1,-1,-1,-1
7,21,4,"That's so hard. The fear of failure can be overwhelming and lead us to feel as though failure is inevitable, when perhaps it isn't?",Exactly. It’s like I’m walking into a meeting thinking I’m going to get it wrong before I even start talking.,0,1,1,0,0,0,1,1,0,0,1,0,0,1,0,0,0,0,1,0,0,-1,0,0,-1,-1,-1,0,0,-1,-1,0,-1,-1,0,-1,-1,-1,-1,0,-1,-1
7,21,5,That must make it so hard to be there,"Yeah, it’s exhausting. I just want to be able to walk in there and do my job without worrying about what others think of me.",1,0,0,1,0,0,0,0,0,0,0,0,0,0,0,0,0,0,0,0,0,0,-1,-1,0,-1,-1,-1,-1,-1,-1,-1,-1,-1,-1,-1,-1,-1,-1,-1,-1,-1
7,21,6,I can imagine! I would really love to work with you to make that happen,Thanks. I would appreciate that. Maybe you can help me figure out how to stop thinking about it so much.,0,0,0,0,0,0,0,0,0,0,1,0,1,0,0,0,0,0,0,0,0,-1,-1,-1,-1,-1,-1,-1,-1,-1,-1,0,-1,0,-1,-1,-1,-1,-1,-1,-1,-1
7,21,7,That sounds like a really helpful goal to work towards.,"Yeah, just being able to focus on the work instead of the fear would make such a difference.",0,0,0,0,0,0,0,0,0,0,0,0,0,0,0,0,0,0,1,0,0,-1,-1,-1,-1,-1,-1,-1,-1,-1,-1,-1,-1,-1,-1,-1,-1,-1,-1,2,-1,-1
7,21,8,I can imagine! What helps you to focus on your work usually?,"I used to be really good at it, but since this new job started, I just can't seem to switch off that voice in my head.",1,0,0,1,0,0,0,1,0,0,0,0,0,0,0,0,0,0,1,0,0,1,-1,-1,1,-1,-1,-1,1,-1,-1,-1,-1,-1,-1,-1,-1,-1,-1,1,-1,-1
7,21,9,I wonder if there is something about the new job that is making you feel agitated?,I think it’s just the pressure. I keep thinking I’m going to slip up and it will be my fault.,0,0,0,0,1,0,0,0,0,0,1,0,0,0,0,0,0,0,0,0,0,-1,-1,-1,-1,2,-1,-1,-1,-1,-1,2,-1,-1,-1,-1,-1,-1,-1,-1,-1,-1
7,21,10,What does it feel like for you when you feel at fault?,It’s like I’m walking around with a target on my back. I keep thinking everyone is waiting for me to mess up.,0,0,0,0,0,0,0,0,0,0,1,0,0,0,0,0,0,0,0,0,0,-1,-1,-1,-1,-1,-1,-1,-1,-1,-1,3,-1,-1,-1,-1,-1,-1,-1,-1,-1,-1
7,21,11,Gosh. that sounds awful. I wonder if that can make you feel agitated at times?,"Yeah, it does. I get this tightness in my chest, like I’m waiting for the other shoe to drop.",0,0,0,0,0,0,0,0,0,0,1,0,0,0,0,0,1,0,0,0,0,-1,-1,-1,-1,-1,-1,-1,-1,-1,-1,3,-1,-1,-1,-1,-1,1,-1,-1,-1,-1
7,21,12,and how would you feel towards yourself if you dropped the other shoe?,"I don't know. I just feel like I've failed, and I don't know how to stop the feeling.",0,1,0,0,0,0,0,0,0,0,0,0,0,0,0,0,0,0,0,0,0,-1,2,-1,-1,-1,-1,-1,-1,-1,-1,-1,-1,-1,-1,-1,-1,-1,-1,-1,-1,-1
7,21,13,does failure make you feel punishing towards yourself perhaps?,"Yeah, it does. I keep thinking I should be able to handle it better by now.",0,0,0,0,0,1,0,0,0,0,0,0,0,0,0,0,0,0,0,0,0,-1,-1,-1,-1,-1,2,-1,-1,-1,-1,-1,-1,-1,-1,-1,-1,-1,-1,-1,-1,-1
7,21,14,does that ever leave you feeling like you can't go on anymore?,"Yeah, it does. It feels like I’m walking around in circles, waiting for the other shoe to drop.",0,0,0,0,0,0,0,0,1,0,0,0,0,0,0,0,0,0,0,0,0,-1,-1,-1,-1,-1,-1,-1,-1,1,-1,-1,-1,-1,-1,-1,-1,-1,-1,-1,-1,-1
7,21,15,it sounds as though you are constantly waiting for everything to collapse around you. it must be really upsetting. I wonder if you get tearful about it?,"Yeah, I do. It just feels so unfair. I used to be the one who was confident, and now I feel like I'm just waiting for the other shoe to drop.",1,0,1,0,0,0,0,0,0,1,0,0,0,0,0,0,0,0,0,0,0,3,-1,2,-1,-1,-1,-1,-1,-1,1,-1,-1,-1,-1,-1,-1,-1,-1,-1,-1,-1
7,21,16,it must be so tiring,It is. I just want to be able to be myself again without worrying about what others think.,0,0,0,0,0,0,0,0,0,0,0,0,0,0,0,0,0,0,0,1,0,-1,-1,-1,-1,-1,-1,-1,-1,-1,-1,-1,-1,-1,-1,-1,-1,-1,-1,-1,2,-1
7,21,17,I can imagine. does it impact your sleep? laying up at night worrying?,"Yes, it does. I wake up in the middle of the night thinking about it, and then I can’t go back to sleep.",0,0,0,0,0,0,0,0,0,0,0,0,0,0,0,0,0,0,0,1,0,-1,-1,-1,-1,-1,-1,-1,-1,-1,-1,-1,-1,-1,-1,-1,-1,-1,-1,-1,3,-1
7,21,18,that must impact your relationship with your partner too,"Yeah, it does. I just feel so anxious all the time, and I don't know how to turn it off.",0,0,0,0,0,0,0,0,0,0,1,0,0,0,0,0,0,0,0,0,0,-1,-1,-1,-1,-1,-1,-1,-1,-1,-1,0,-1,-1,-1,-1,-1,-1,-1,-1,-1,-1
7,21,19,I wonder if this has an effect on your sex life and appetite?,"Yeah, it does. I just don't feel like eating, and I definitely don't feel like... you know.",0,0,0,0,0,0,0,0,0,0,0,0,0,0,0,0,0,1,0,0,1,-1,-1,-1,-1,-1,-1,-1,-1,-1,-1,-1,-1,-1,-1,-1,-1,-1,3,-1,-1,3
7,21,20,it must be so tiring and hard to motivate yourself to do anything,"Yeah, it is. I just feel so drained all the time.",0,0,0,0,0,0,0,0,0,0,0,1,0,0,1,0,0,0,0,0,0,-1,-1,-1,-1,-1,-1,-1,-1,-1,-1,-1,3,-1,-1,3,-1,-1,-1,-1,-1,-1
7,21,21,"sleeping must feel like the last thing you have time to do, with all this agitation around!","Exactly. I just lie there and stare at the ceiling, waiting for it to pass.",0,0,0,0,0,0,0,0,0,0,0,0,0,0,0,1,0,0,0,0,0,-1,-1,-1,-1,-1,-1,-1,-1,-1,-1,-1,-1,-1,-1,-1,3,-1,-1,-1,-1,-1
6,20,1,So how would you describe your overall mood the past two weeks?,"It's been really flat. I just feel like I'm going through the motions. It's hard to explain, but everything feels heavy, even when I'm not doing much.",1,0,0,0,0,0,0,0,0,0,0,0,0,0,0,0,0,0,0,0,0,1,-1,-1,-1,-1,-1,-1,-1,-1,-1,-1,-1,-1,-1,-1,-1,-1,-1,-1,-1,-1
6,20,2,Tell me about your short-term goals,"Honestly, I don't have any. I used to have plans for the weekend, but now it just feels like a blank page. I'm not sure what I want to achieve.",0,1,0,0,0,0,0,0,0,0,0,1,0,0,0,0,0,0,0,0,0,-1,1,-1,-1,-1,-1,-1,-1,-1,-1,-1,2,-1,-1,-1,-1,-1,-1,-1,-1,-1
6,20,3,Tell me something youve enjoyed doing the past few weeks,"I haven't really enjoyed anything. I used to love reading, but even that feels like a chore now. I just haven't found anything that makes me feel alive.",0,0,0,1,0,0,0,0,0,0,0,0,0,0,0,0,0,0,0,0,0,-1,-1,-1,3,-1,-1,-1,-1,-1,-1,-1,-1,-1,-1,-1,-1,-1,-1,-1,-1,-1
6,20,4,"so it sounds like you dont have much energy to do anything lately, how has this reflected in your sleep the last few weeks?","I've been sleeping a lot, actually. I think it's because I'm so tired from just existing, but even that isn't refreshing me.",0,0,0,0,0,0,0,0,0,0,0,0,0,0,1,1,0,0,0,1,0,-1,-1,-1,-1,-1,-1,-1,-1,-1,-1,-1,-1,-1,-1,2,3,-1,-1,-1,2,-1
6,20,5,"any other changes you've noticed? what about your appettie or hunger, or sex drive",My appetite is gone. I haven't eaten a full meal in weeks. And... sex drive? No. I haven't even thought about it. It feels like I'm just existing in a gray space.,0,0,0,0,0,0,0,0,0,0,0,0,0,0,0,0,0,1,0,0,1,-1,-1,-1,-1,-1,-1,-1,-1,-1,-1,-1,-1,-1,-1,-1,-1,-1,3,-1,-1,3
6,20,6,What its like being around others during the day? ,"It's awkward. I see them laughing and I just feel like I'm missing out. I don't have anything to say, so I usually just stay quiet and watch.",0,0,0,0,0,0,1,0,0,0,0,0,0,0,0,0,0,0,0,0,0,-1,-1,-1,-1,-1,-1,1,-1,-1,-1,-1,-1,-1,-1,-1,-1,-1,-1,-1,-1,-1
6,20,7,what are some of the things youve said or thought about yourself lately?,I don't think about myself much anymore. I just think about how I can get through the next hour.,0,0,0,0,0,0,0,0,0,0,0,0,0,0,0,0,0,0,0,0,0,-1,-1,-1,-1,-1,-1,-1,-1,-1,-1,-1,-1,-1,-1,-1,-1,-1,-1,-1,-1,-1
6,20,8,describe what its like though? do you feel burdened? does it feel like something or someone is just out to get you? do you say negative things to yourself?,"It feels like I'm drowning in my own life. I don't feel burdened, I just feel... empty. Like I'm just waiting for the day to be over.",0,0,0,0,1,1,0,0,0,0,0,0,0,0,0,0,0,0,0,0,0,-1,-1,-1,-1,3,2,-1,-1,-1,-1,-1,-1,-1,-1,-1,-1,-1,-1,-1,-1,-1
6,20,9,do your find yourself more agitated and cranky around others? or is it more of a sadness and crying type of behavior?,"It's more of the crying. I don't get angry anymore, I just... miss who I used to be, I suppose.",0,0,0,0,0,0,0,1,0,1,0,0,0,0,0,0,1,0,0,0,0,-1,-1,-1,-1,-1,-1,-1,2,-1,2,-1,-1,-1,-1,-1,-1,0,-1,-1,-1,-1
6,20,10,"have you thought about harming youself? and if so,  is it because you feel worthless compared to others?",I think about it sometimes. I don't know if I'm worth the effort.,0,0,0,0,0,0,0,0,1,0,0,0,0,1,0,0,0,0,0,0,0,-1,-1,-1,-1,-1,-1,-1,-1,1,-1,-1,-1,-1,3,-1,-1,-1,-1,-1,-1,-1
6,20,11,what are you able to focus on these days? ,"Nothing, really. I look at the wall and I just stare. I'm not even sure what I'm looking for, but I need to stop staring.",0,0,0,0,0,0,0,0,0,0,0,0,0,0,0,0,0,0,1,0,0,-1,-1,-1,-1,-1,-1,-1,-1,-1,-1,-1,-1,-1,-1,-1,-1,-1,-1,3,-1,-1
6,20,12,"to what degree do you feel a need to get up and move around, like you cannot sit still","I need to move. If I sit for too long, I get this heavy feeling in my chest. I need to get up and walk around to clear my head.",0,0,0,0,0,0,0,0,0,0,1,0,0,0,0,0,0,0,0,0,0,-1,-1,-1,-1,-1,-1,-1,-1,-1,-1,3,-1,-1,-1,-1,-1,-1,-1,-1,-1,-1
6,20,13,do you feel like a failure lately? and that nothing you decide to do works out?,"I don't think I'm a failure, I just... I'm not living. I'm just existing.",0,0,1,0,0,0,0,0,0,0,0,0,1,0,0,0,0,0,0,0,0,-1,-1,0,-1,-1,-1,-1,-1,-1,-1,-1,-1,2,-1,-1,-1,-1,-1,-1,-1,-1
17,1,1,would you say you feel sad most of the time,"Not really. It’s more just... a low hum. I don't let it stop me from doing stuff, so I guess I'm managing it okay.",1,0,0,0,0,0,0,0,0,0,0,0,0,0,0,0,0,0,0,0,0,0,-1,-1,-1,-1,-1,-1,-1,-1,-1,-1,-1,-1,-1,-1,-1,-1,-1,-1,-1,-1
17,1,2,How do you see your future,"I think I’ll be doing okay. I might not be as successful as I want to be, but I’m content. It’s all about perspective, I guess.",0,1,0,0,0,0,0,0,0,0,0,0,0,0,0,0,0,0,0,0,0,-1,0,-1,-1,-1,-1,-1,-1,-1,-1,-1,-1,-1,-1,-1,-1,-1,-1,-1,-1,-1
17,1,3,do you often feel like youve failed in life,"Sometimes I feel like I’m not doing as well as I should be, but I don’t let it ruin my day.",0,0,1,0,0,0,0,0,0,0,0,0,0,0,0,0,0,0,0,0,0,-1,-1,3,-1,-1,-1,-1,-1,-1,-1,-1,-1,-1,-1,-1,-1,-1,-1,-1,-1,-1
17,1,4,Has anything felt enjoyble recently,"I went out with friends last weekend, and we had a blast. It was nice to just forget about work for a night.",0,0,0,1,0,0,0,0,0,0,0,0,0,0,0,0,0,0,0,0,0,-1,-1,-1,3,-1,-1,-1,-1,-1,-1,-1,-1,-1,-1,-1,-1,-1,-1,-1,-1,-1
17,1,5,Do you feel guilty about anything,Maybe that I’m not making as much money as I should be. But I don't dwell on it.,0,0,0,0,1,0,0,0,0,0,0,0,0,0,0,0,0,0,0,0,0,-1,-1,-1,-1,3,-1,-1,-1,-1,-1,-1,-1,-1,-1,-1,-1,-1,-1,-1,-1,-1
17,1,6,Do you feel like you deserve to be punished,Not really. I know I’m just being a bit hard on myself. I try to stay positive.,0,0,0,0,0,1,0,0,0,0,0,0,0,0,0,0,0,0,0,0,0,-1,-1,-1,-1,-1,0,-1,-1,-1,-1,-1,-1,-1,-1,-1,-1,-1,-1,-1,-1,-1
17,1,7,would you say you dislike yourself,"No, I like who I am. I just wish I was better at certain things, like work.",0,0,0,0,0,0,1,0,0,0,0,0,0,0,0,0,0,0,0,0,0,-1,-1,-1,-1,-1,-1,0,-1,-1,-1,-1,-1,-1,-1,-1,-1,-1,-1,-1,-1,-1
17,1,8,are you hard on yourself,"A bit, maybe. I push myself to be better, but I don't let it get to me.",0,0,0,0,0,0,0,1,0,0,0,0,0,0,0,0,0,0,0,0,0,-1,-1,-1,-1,-1,-1,-1,2,-1,-1,-1,-1,-1,-1,-1,-1,-1,-1,-1,-1,-1
17,1,9,do you ever think about death,"Not really. I mean, I know it's there, but I try not to think about it.",0,0,0,0,0,0,0,0,1,0,0,0,0,0,0,0,0,0,0,0,0,-1,-1,-1,-1,-1,-1,-1,-1,0,-1,-1,-1,-1,-1,-1,-1,-1,-1,-1,-1,-1
17,1,10, do you feel like crying but can't,"I get a bit tight in the chest sometimes, but I don't cry. I just try to relax.",0,0,0,0,0,0,0,0,0,1,0,0,0,0,0,0,0,0,0,0,0,-1,-1,-1,-1,-1,-1,-1,-1,-1,3,-1,-1,-1,-1,-1,-1,-1,-1,-1,-1,-1
17,1,11,Do you feel restless or on edge,"Sometimes I feel like I’m waiting for something to happen, but I just keep busy.",0,0,0,0,0,0,0,0,0,0,1,0,0,0,0,0,0,0,0,0,0,-1,-1,-1,-1,-1,-1,-1,-1,-1,-1,3,-1,-1,-1,-1,-1,-1,-1,-1,-1,-1
17,1,12,have you lost interest in people?,"Not really. I just need to be around people who are doing okay, I guess.",0,0,0,0,0,0,0,0,0,0,0,1,0,0,0,0,0,0,0,0,0,-1,-1,-1,-1,-1,-1,-1,-1,-1,-1,-1,2,-1,-1,-1,-1,-1,-1,-1,-1,-1
17,1,13,do even small choices feel difficult,"Sometimes. If I have to make a big decision, I get a bit anxious, but I usually just go with it.",0,0,0,0,0,0,0,0,0,0,0,0,1,0,0,0,0,0,0,0,0,-1,-1,-1,-1,-1,-1,-1,-1,-1,-1,-1,-1,1,-1,-1,-1,-1,-1,-1,-1,-1
17,1,14,do you feel like you have no value?,Not really. I know I’m doing okay. It’s just that nagging feeling that I should be doing more.,0,0,0,0,0,0,0,0,0,0,0,0,0,1,0,0,0,0,0,0,0,-1,-1,-1,-1,-1,-1,-1,-1,-1,-1,-1,-1,-1,0,-1,-1,-1,-1,-1,-1,-1
17,1,15,Have you had less energy than usual,"Not really. I get tired like normal, but I don't feel like I'm running on empty or anything.",0,0,0,0,0,0,0,0,0,0,0,0,0,0,1,0,0,0,0,0,0,-1,-1,-1,-1,-1,-1,-1,-1,-1,-1,-1,-1,-1,-1,0,-1,-1,-1,-1,-1,-1
17,1,16,how have you been sleeping ,"I sleep okay. I wake up feeling rested, so I'm not complaining.",0,0,0,0,0,0,0,0,0,0,0,0,0,0,0,1,0,0,0,0,0,-1,-1,-1,-1,-1,-1,-1,-1,-1,-1,-1,-1,-1,-1,-1,3,-1,-1,-1,-1,-1
17,1,17,Do small things upset you,"Sometimes. If something is annoying, I get a bit snappy. But I cool off pretty fast.",0,0,0,0,0,0,0,0,0,0,0,0,0,0,0,0,1,0,0,0,0,-1,-1,-1,-1,-1,-1,-1,-1,-1,-1,-1,-1,-1,-1,-1,-1,3,-1,-1,-1,-1
17,1,18,Has your appetite changed recently,"No, I still eat the same stuff. I just eat less because I'm not as hungry.",0,0,0,0,0,0,0,0,0,0,0,0,0,0,0,0,0,1,0,0,0,-1,-1,-1,-1,-1,-1,-1,-1,-1,-1,-1,-1,-1,-1,-1,-1,-1,0,-1,-1,-1
17,1,19,Do you feel physically wornout?,"Not really. I'm just tired of the same old routine, I guess.",0,0,0,0,0,0,0,0,0,0,0,0,0,0,0,0,0,0,0,1,0,-1,-1,-1,-1,-1,-1,-1,-1,-1,-1,-1,-1,-1,-1,-1,-1,-1,-1,-1,1,-1
17,1,20,Have you noticed any changes in your sex drive,Not really. It’s just that I don’t feel as interested sometimes.,0,0,0,0,0,0,0,0,0,0,0,0,0,0,0,0,0,0,0,0,1,-1,-1,-1,-1,-1,-1,-1,-1,-1,-1,-1,-1,-1,-1,-1,-1,-1,-1,-1,-1,2
17,1,21,do you  often find your mind wandering,"Sometimes, yes. If I’m bored with the conversation, I just zone out for a second.",0,0,0,0,0,0,0,0,0,0,0,0,0,0,0,0,0,0,1,0,0,-1,-1,-1,-1,-1,-1,-1,-1,-1,-1,-1,-1,-1,-1,-1,-1,-1,-1,0,-1,-1
9,41,1,hello ,Hi. I'm a bit on edge today. Just got a bill I didn't expect and it threw me off.,0,0,0,0,0,0,0,0,0,0,0,0,0,0,0,0,1,0,0,0,0,-1,-1,-1,-1,-1,-1,-1,-1,-1,-1,-1,-1,-1,-1,-1,-1,3,-1,-1,-1,-1
9,41,2,i'm sorry for that. can you tell me more how has your mood been in last few weeks?,"It’s been a bit short. I snapped at a friend over a small thing. I’m working on it, I guess I just need to chill.",1,0,0,0,0,0,0,0,0,0,0,0,0,0,0,0,0,0,0,0,0,3,-1,-1,-1,-1,-1,-1,-1,-1,-1,-1,-1,-1,-1,-1,-1,-1,-1,-1,-1,-1
9,41,3,if you could tell what a re your thoughts about upcoming future?,"It’s a bit uncertain. I moved here for a fresh start, but I’m still trying to figure out what I want to do with my life.",0,0,0,0,0,0,0,0,0,0,0,0,1,0,0,0,0,0,0,0,0,-1,-1,-1,-1,-1,-1,-1,-1,-1,-1,-1,-1,3,-1,-1,-1,-1,-1,-1,-1,-1
9,41,4,ok. can you please tell me what are your plans about future?,"Honestly, I’m taking it one day at a time. I’m not really looking that far ahead right now.",0,1,0,0,0,0,0,0,0,0,0,0,0,0,0,0,0,0,0,0,0,-1,1,-1,-1,-1,-1,-1,-1,-1,-1,-1,-1,-1,-1,-1,-1,-1,-1,-1,-1,-1
9,41,5,can you please tell me what are your thoughts about how you have been dealing with your life prior to these days?,"I was stuck in a rut, I guess. I was going through the motions, but nothing was really happening. I’m trying to break that cycle now.",0,0,1,0,0,0,0,0,0,0,0,0,0,0,0,0,0,0,0,0,0,-1,-1,3,-1,-1,-1,-1,-1,-1,-1,-1,-1,-1,-1,-1,-1,-1,-1,-1,-1,-1
9,41,6,and have you been able to enjoy activities that were deemed pleasurable to you before?,"Not really. I went to a gallery opening last weekend and just felt awkward. I’m trying to get out more, but it’s hard to start fresh.",0,0,0,1,0,0,0,0,0,0,0,0,0,0,0,0,0,0,0,0,0,-1,-1,-1,3,-1,-1,-1,-1,-1,-1,-1,-1,-1,-1,-1,-1,-1,-1,-1,-1,-1
9,41,7,and do you sometimes ponder upon your decisions and blame upon yourself for your situations?,"Yeah. I replay stuff in my head. Like, why didn't I do this or that. It's mostly just me beating myself up over nothing, though.",0,0,0,0,1,0,0,0,0,0,0,0,0,0,0,0,0,0,0,0,0,-1,-1,-1,-1,2,-1,-1,-1,-1,-1,-1,-1,-1,-1,-1,-1,-1,-1,-1,-1,-1
9,41,8,so tell me what are your views about yourself : like any negative views that have arose towards yourself recently?,"I've been calling myself a failure, just because I haven't sorted out my life yet. It’s probably just me being dramatic, though.",0,0,0,0,0,0,1,0,0,0,0,0,0,0,0,0,0,0,0,0,0,-1,-1,-1,-1,-1,-1,1,-1,-1,-1,-1,-1,-1,-1,-1,-1,-1,-1,-1,-1,-1
9,41,9,how would you judge yourself at this point of time ?,"I’m not really sure. I feel like I’m stuck, but I’m working on it. I guess I just need to give myself time to figure it out.",0,0,0,0,0,0,0,1,0,0,0,0,0,0,0,0,0,0,0,0,0,-1,-1,-1,-1,-1,-1,-1,2,-1,-1,-1,-1,-1,-1,-1,-1,-1,-1,-1,-1,-1
9,41,10,ok can you tell me do you ever feel that you are not important to yourself or to others because of any reason?,"Yeah. I feel like I’m just a temporary thing here. Like, I'm not really a part of anything yet.",0,0,0,0,0,0,0,0,0,0,0,0,0,1,0,0,0,0,0,0,0,-1,-1,-1,-1,-1,-1,-1,-1,-1,-1,-1,-1,-1,2,-1,-1,-1,-1,-1,-1,-1
9,41,11,have you been having any incidents where you just gave away and broke down just to releive yourself from. stressful thoughts or situation?,"Yeah, I got angry in the kitchen yesterday and just started crying. It was silly. I’m working on keeping my cool, I guess.",0,0,0,0,0,0,0,0,0,1,0,0,0,0,0,0,0,0,0,0,0,-1,-1,-1,-1,-1,-1,-1,-1,-1,3,-1,-1,-1,-1,-1,-1,-1,-1,-1,-1,-1
9,41,12,have you had any difficulty in doing your usual daily activitis like before or been forgetting things quiet often that has given you problems lately?,I dropped my keys yesterday. It’s probably just me being tired.,0,0,0,0,0,0,0,0,0,0,0,0,0,0,0,0,0,0,1,0,0,-1,-1,-1,-1,-1,-1,-1,-1,-1,-1,-1,-1,-1,-1,-1,-1,-1,-1,1,-1,-1
9,41,13,any outburst of anger or incident where you lost your cool and realised it to be unwanted later?,I slammed a drawer. I was just frustrated with the noise in my flat. It was stupid. I’m trying to work on my temper.,0,0,0,0,0,0,0,0,0,0,1,0,0,0,0,0,0,0,0,0,0,-1,-1,-1,-1,-1,-1,-1,-1,-1,-1,3,-1,-1,-1,-1,-1,-1,-1,-1,-1,-1
9,41,14,have you recently felt easily fatigued without doing any significant activities or felt without energy since the start of your day?,"Yeah, I get tired easily. I just haven't been eating enough, probably.",0,0,0,0,0,0,0,0,0,0,0,0,0,0,1,0,0,0,0,0,0,-1,-1,-1,-1,-1,-1,-1,-1,-1,-1,-1,-1,-1,-1,3,-1,-1,-1,-1,-1,-1
9,41,15,have you been able to enjoy activities or hobbies that you liked enjoyed previously but have given up or not enjoying them recently?,"I used to paint, but I haven't picked up a brush in months. I'm probably just busy with other things.",0,0,0,0,0,0,0,0,0,0,0,1,0,0,0,0,0,0,0,0,0,-1,-1,-1,-1,-1,-1,-1,-1,-1,-1,-1,3,-1,-1,-1,-1,-1,-1,-1,-1,-1
9,41,16,do you have any thoughts which makes you think that you are to be blamed for all the wrong doing and is the only onw who shoud be punished for those?,I keep thinking I should have done things differently. It’s probably just me being hard on myself.,0,0,0,0,0,0,0,0,0,0,0,0,0,0,0,0,0,0,0,0,0,-1,-1,-1,-1,-1,-1,-1,-1,-1,-1,-1,-1,-1,-1,-1,-1,-1,-1,-1,-1,-1
9,41,17,"have you tried anything to deprieve yourself from like pleasures, rewards, shopping or talking with loved ones just because you wanted to punish yourself ?",I stopped going out with friends. I just felt like I wasn't ready to deal with the social stuff.,0,0,0,0,0,1,0,0,0,0,0,0,0,0,0,0,0,0,0,0,0,-1,-1,-1,-1,-1,2,-1,-1,-1,-1,-1,-1,-1,-1,-1,-1,-1,-1,-1,-1,-1
9,41,18,have you recently had any thoughts of harming yourself or any intentions of taking your own life?,"No, I don't think that. I’m just trying to get things sorted.",0,0,0,0,0,0,0,0,1,0,0,0,0,0,0,0,0,0,0,0,0,-1,-1,-1,-1,-1,-1,-1,-1,3,-1,-1,-1,-1,-1,-1,-1,-1,-1,-1,-1,-1
9,41,19,have you noticed changes in your sleep like waking up early or unable to fall asleep or waking up usually during your sleep?,I wake up late sometimes. I think I just need to get into a routine.,0,0,0,0,0,0,0,0,0,0,0,0,0,0,0,1,0,0,0,0,0,-1,-1,-1,-1,-1,-1,-1,-1,-1,-1,-1,-1,-1,-1,-1,1,-1,-1,-1,-1,-1
9,41,20,have you noticed any changes in your food habit like unable to finish your plate or not wanting to eat your regular meals or eating more ?,I just haven't been eating much. I’m trying to get back into it.,0,0,0,0,0,0,0,0,0,0,0,0,0,0,0,0,0,1,0,0,0,-1,-1,-1,-1,-1,-1,-1,-1,-1,-1,-1,-1,-1,-1,-1,-1,-1,2,-1,-1,-1
9,41,21,have you felt unusally tired despite not doing any work ?,"I get tired easily. I just haven't been eating enough, probably.",0,0,0,0,0,0,0,0,0,0,0,0,0,0,0,0,0,0,0,1,0,-1,-1,-1,-1,-1,-1,-1,-1,-1,-1,-1,-1,-1,-1,-1,-1,-1,-1,-1,3,-1
9,41,22,could you tell me how has been your indulgence and interest in sexual activity recently?,It’s been... nothing. I haven't really thought about it.,0,0,0,0,0,0,0,0,0,0,0,0,0,0,0,0,0,0,0,0,1,-1,-1,-1,-1,-1,-1,-1,-1,-1,-1,-1,-1,-1,-1,-1,-1,-1,-1,-1,-1,1
1,37,1,hey,Hi. I'm just trying to get some things done today. What about you?,0,0,0,0,0,0,0,0,0,0,0,0,1,0,0,0,0,0,0,0,0,-1,-1,-1,-1,-1,-1,-1,-1,-1,-1,-1,-1,1,-1,-1,-1,-1,-1,-1,-1,-1
1,37,2,me too how was today for you,Pretty quiet. Just the usual stuff. Nothing too exciting.,0,0,0,0,0,0,0,0,0,0,0,1,0,0,0,0,0,0,0,0,0,-1,-1,-1,-1,-1,-1,-1,-1,-1,-1,-1,0,-1,-1,-1,-1,-1,-1,-1,-1,-1
1,37,3,"did usual staff is not intersting for you, how you been feeling doing it ?","Mostly fine. A bit bored, to be honest. I just wish there were more applications coming in.",0,0,0,0,0,0,0,0,0,0,0,1,0,0,0,0,0,0,0,0,0,-1,-1,-1,-1,-1,-1,-1,-1,-1,-1,-1,3,-1,-1,-1,-1,-1,-1,-1,-1,-1
1,37,4,how have you been feeling emotionally lately ?,"A bit frustrated, I guess. Just feels like I'm stuck in neutral right now.",0,0,0,1,0,0,0,0,0,0,0,0,0,0,0,0,0,0,0,0,0,-1,-1,-1,0,-1,-1,-1,-1,-1,-1,-1,-1,-1,-1,-1,-1,-1,-1,-1,-1,-1
1,37,5,but you still can do some usuall staff as i can see it can help to broke the routin ?,"Yeah, I know. It's just hard to stay motivated when I don't see any results.",0,0,0,0,0,0,0,0,0,0,0,0,0,0,1,0,0,0,0,0,0,-1,-1,-1,-1,-1,-1,-1,-1,-1,-1,-1,-1,-1,-1,0,-1,-1,-1,-1,-1,-1
1,37,6,don't you have any company or anybody around to talk to and give you motivations ?,"I have mates, but they are all doing different things. We don't really talk about job hunting.",0,1,0,0,0,0,0,0,0,0,0,0,0,0,0,0,0,0,0,0,0,-1,0,-1,-1,-1,-1,-1,-1,-1,-1,-1,-1,-1,-1,-1,-1,-1,-1,-1,-1,-1
1,37,7,how do you view your future ?,Hard to say. I am just taking it one day at a time.,0,1,0,0,0,0,0,0,0,0,0,0,0,0,0,0,0,0,0,0,0,-1,2,-1,-1,-1,-1,-1,-1,-1,-1,-1,-1,-1,-1,-1,-1,-1,-1,-1,-1,-1
1,37,8,and what about today been taken by you ?,"I spent most of it on job applications. Just trying to get my foot in the door, I guess.",0,0,0,0,0,0,0,1,0,0,0,0,0,0,0,0,0,0,0,0,0,-1,-1,-1,-1,-1,-1,-1,0,-1,-1,-1,-1,-1,-1,-1,-1,-1,-1,-1,-1,-1
1,37,9,but i believe you can go inside one day not only stay by the door ?,I guess so. I just need to keep trying.,0,0,0,0,0,0,0,0,0,0,0,0,0,0,0,0,0,0,0,0,0,-1,-1,-1,-1,-1,-1,-1,-1,-1,-1,-1,-1,-1,-1,-1,-1,-1,-1,-1,-1,-1
1,37,10,you should keep trying ?,Yeah. I just need to stay positive and keep going.,0,0,0,0,0,0,0,0,0,0,0,0,0,0,0,0,0,0,0,0,0,-1,-1,-1,-1,-1,-1,-1,-1,-1,-1,-1,-1,-1,-1,-1,-1,-1,-1,-1,-1,-1
1,37,11,so tell me about your mates ? any girlfriend ?,"Mates are doing different things. One's in uni, one's working. As for a girlfriend... there's nobody special at the moment.",0,0,0,0,0,0,0,0,0,0,0,1,0,0,0,0,0,0,0,0,0,-1,-1,-1,-1,-1,-1,-1,-1,-1,-1,-1,1,-1,-1,-1,-1,-1,-1,-1,-1,-1
1,37,12,what type of girls you like to be your girlfriend like ?,"Not sure. I haven't really thought about it. I just want someone who is nice, I guess.",0,0,0,0,0,0,0,0,0,0,0,0,0,0,0,0,0,0,0,0,0,-1,-1,-1,-1,-1,-1,-1,-1,-1,-1,-1,-1,-1,-1,-1,-1,-1,-1,-1,-1,-1
1,37,13,can you tell me more about that,Just someone who is easy to talk to. I don't really care about anything else.,0,0,0,0,0,0,0,0,0,0,0,1,0,0,0,0,0,0,0,0,0,-1,-1,-1,-1,-1,-1,-1,-1,-1,-1,-1,3,-1,-1,-1,-1,-1,-1,-1,-1,-1
1,37,14,what you want to talk about with her ?,Nothing deep. Just normal stuff.,0,0,0,0,0,0,0,0,0,0,0,0,0,0,0,0,0,0,0,0,0,-1,-1,-1,-1,-1,-1,-1,-1,-1,-1,-1,-1,-1,-1,-1,-1,-1,-1,-1,-1,-1
1,37,15,is it painful or sad things ?,No. Just boring stuff. I don't really have anything interesting to say.,0,0,1,0,0,0,0,1,0,0,0,1,0,0,0,0,0,0,0,0,0,-1,-1,2,-1,-1,-1,-1,2,-1,-1,-1,3,-1,-1,-1,-1,-1,-1,-1,-1,-1
1,37,16,but i believe that everyone have something intersting in his character ?,"Maybe. I just haven't found it yet, I guess.",0,0,0,0,0,0,0,1,0,0,0,0,0,0,0,0,0,0,0,0,0,-1,-1,-1,-1,-1,-1,-1,2,-1,-1,-1,-1,-1,-1,-1,-1,-1,-1,-1,-1,-1
1,37,17,what kind of things you normally enjoy ?,"Not much. I just watch TV or play games, mostly.",0,0,0,1,0,0,0,0,0,0,0,0,0,0,0,0,0,0,0,0,0,-1,-1,-1,0,-1,-1,-1,-1,-1,-1,-1,-1,-1,-1,-1,-1,-1,-1,-1,-1,-1
1,37,18,have you been feeling guilty or blame yourself for something recently ?,"Yeah, a bit. Just for not getting a job yet. It's stupid, probably.",0,0,0,0,1,0,1,1,0,0,0,0,0,0,0,0,0,0,0,0,0,-1,-1,-1,-1,3,-1,3,3,-1,-1,-1,-1,-1,-1,-1,-1,-1,-1,-1,-1,-1
1,37,19,did you think it deserve to punish yourself with such words ?,No. I know it is not. I just get annoyed with myself.,0,0,0,0,0,0,1,0,0,0,0,0,0,0,0,0,0,0,0,0,0,-1,-1,-1,-1,-1,-1,2,-1,-1,-1,-1,-1,-1,-1,-1,-1,-1,-1,-1,-1,-1
1,37,20,did you feel it will be always that bad ?,"No. I don't think so. I just need to get through this phase, I guess.",0,0,0,0,0,0,0,0,0,0,0,0,0,0,0,0,0,0,0,0,0,-1,-1,-1,-1,-1,-1,-1,-1,-1,-1,-1,-1,-1,-1,-1,-1,-1,-1,-1,-1,-1
1,37,21,if something goes wrong how usually you react to yoursself ?,I get a bit angry. I just yell at myself in my head.,0,0,0,0,1,0,0,0,0,0,0,0,0,0,0,0,0,0,0,1,0,-1,-1,-1,-1,2,-1,-1,-1,-1,-1,-1,-1,-1,-1,-1,-1,-1,-1,-1,2,-1
1,37,22,did you cry ?,"No. I just get mad. It is probably stupid, but it is what happens.",0,0,0,0,0,1,0,0,0,0,0,0,0,0,0,0,0,0,0,0,0,-1,-1,-1,-1,-1,2,-1,-1,-1,-1,-1,-1,-1,-1,-1,-1,-1,-1,-1,-1,-1
1,37,23,so you never cry ?,No. I haven't cried in a long time.,0,0,0,0,0,0,0,0,0,0,0,0,0,0,0,0,0,0,0,0,0,-1,-1,-1,-1,-1,-1,-1,-1,-1,-1,-1,-1,-1,-1,-1,-1,-1,-1,-1,-1,-1
1,37,24,is it hard to you to show your emotions ?,Maybe. I don't know. I just don't really show it.,0,0,0,0,0,1,0,0,0,0,0,0,0,0,0,0,0,0,0,0,0,-1,-1,-1,-1,-1,0,-1,-1,-1,-1,-1,-1,-1,-1,-1,-1,-1,-1,-1,-1,-1
1,37,25,did you ever hurt youself before when you get angry ?,No. I just get mad. I don't do anything with it.,0,0,0,0,0,0,0,0,0,0,1,0,0,0,0,0,0,0,0,0,0,-1,-1,-1,-1,-1,-1,-1,-1,-1,-1,2,-1,-1,-1,-1,-1,-1,-1,-1,-1,-1
1,37,26,so after getting mad did you calm down later ?,Yeah. I usually just go back to what I was doing.,0,0,0,0,0,0,0,0,0,0,1,0,0,0,0,0,0,0,0,0,0,-1,-1,-1,-1,-1,-1,-1,-1,-1,-1,2,-1,-1,-1,-1,-1,-1,-1,-1,-1,-1
1,37,27,did you have any bad thoughts about yourself before ?,Sometimes. I just wonder if I am doing something wrong.,0,0,0,0,1,0,0,0,0,0,0,0,0,0,0,0,0,0,0,0,0,-1,-1,-1,-1,2,-1,-1,-1,-1,-1,-1,-1,-1,-1,-1,-1,-1,-1,-1,-1,-1
1,37,28,did you ?,No. I just get annoyed. It is probably stupid.,0,0,0,0,0,1,0,1,0,0,0,0,0,0,0,0,0,0,0,0,0,-1,-1,-1,-1,-1,3,-1,2,-1,-1,-1,-1,-1,-1,-1,-1,-1,-1,-1,-1,-1
1,37,29,did you see always yourself stupied ?,No. I know it is not. I just get mad at myself.,0,0,0,0,0,1,0,0,0,0,0,0,0,0,0,0,0,0,0,0,0,-1,-1,-1,-1,-1,2,-1,-1,-1,-1,-1,-1,-1,-1,-1,-1,-1,-1,-1,-1,-1
1,37,30,back to girls did you have any relationship before ?,One serious one. It ended a year ago.,0,0,0,0,0,0,0,0,0,0,0,0,0,0,0,0,0,0,0,0,0,-1,-1,-1,-1,-1,-1,-1,-1,-1,-1,-1,-1,-1,-1,-1,-1,-1,-1,-1,-1,-1
1,37,31,why ? ,She just got tired of waiting.,0,0,0,0,0,0,0,0,0,0,0,0,0,0,0,0,0,0,0,0,0,-1,-1,-1,-1,-1,-1,-1,-1,-1,-1,-1,-1,-1,-1,-1,-1,-1,-1,-1,-1,-1
1,37,32,what she wait for ?,A job. I didn't have one then.,0,0,0,0,0,0,0,0,0,0,0,0,0,0,0,0,0,0,0,0,0,-1,-1,-1,-1,-1,-1,-1,-1,-1,-1,-1,-1,-1,-1,-1,-1,-1,-1,-1,-1,-1
1,37,33,did it hurt you when she left you ?,Yeah. It did. I was pretty angry.,0,0,0,0,0,0,0,0,0,0,1,0,0,0,0,0,0,0,0,0,0,-1,-1,-1,-1,-1,-1,-1,-1,-1,-1,2,-1,-1,-1,-1,-1,-1,-1,-1,-1,-1
1,37,34,how you handle your anger ?,I just get quiet. I don't say anything.,0,0,0,0,0,0,0,0,0,0,0,0,0,0,0,0,0,0,0,0,0,-1,-1,-1,-1,-1,-1,-1,-1,-1,-1,-1,-1,-1,-1,-1,-1,-1,-1,-1,-1,-1
1,37,35,just quiet ? no thoughts no crying ?,No. Just quiet. I don't want to make a scene.,0,0,0,0,0,0,0,0,0,0,0,0,0,0,0,0,0,0,0,0,0,-1,-1,-1,-1,-1,-1,-1,-1,-1,-1,-1,-1,-1,-1,-1,-1,-1,-1,-1,-1,-1
1,37,36,but sometimes tears help ?,No. I don't cry. I just get angry.,0,0,0,0,0,0,0,0,0,1,0,0,0,0,0,0,0,0,0,0,0,-1,-1,-1,-1,-1,-1,-1,-1,-1,0,-1,-1,-1,-1,-1,-1,-1,-1,-1,-1,-1
1,37,37,why you can't found ajob ?,I don't know. Just not happening.,0,0,0,0,0,0,0,0,0,0,0,0,0,0,0,0,0,0,0,0,0,-1,-1,-1,-1,-1,-1,-1,-1,-1,-1,-1,-1,-1,-1,-1,-1,-1,-1,-1,-1,-1
1,37,38,but you think you have skills ?,Yeah. I do. I just need a chance.,0,0,0,0,0,0,0,0,0,0,0,0,0,0,0,0,0,0,0,0,0,-1,-1,-1,-1,-1,-1,-1,-1,-1,-1,-1,-1,-1,-1,-1,-1,-1,-1,-1,-1,-1
1,37,39,did you like how you are ?,I don't know. I just want to be doing something.,0,0,0,0,0,0,0,0,0,0,0,0,0,0,0,0,0,0,0,0,0,-1,-1,-1,-1,-1,-1,-1,-1,-1,-1,-1,-1,-1,-1,-1,-1,-1,-1,-1,-1,-1
1,37,40,like what ?,Anything. I just want a job.,0,0,0,0,0,0,0,0,0,0,0,0,0,0,0,0,0,0,0,0,0,-1,-1,-1,-1,-1,-1,-1,-1,-1,-1,-1,-1,-1,-1,-1,-1,-1,-1,-1,-1,-1
1,37,41,what will you do if you can't found one in near time ?,I don't know. I guess I will just keep trying.,0,0,0,0,0,0,0,0,0,0,0,0,0,0,0,0,0,0,0,0,0,-1,-1,-1,-1,-1,-1,-1,-1,-1,-1,-1,-1,-1,-1,-1,-1,-1,-1,-1,-1,-1
1,37,42,good i see you are optimist ?,I try to be. I don't know what else to do.,0,0,0,0,0,0,0,0,0,0,0,0,0,0,0,0,0,0,0,0,0,-1,-1,-1,-1,-1,-1,-1,-1,-1,-1,-1,-1,-1,-1,-1,-1,-1,-1,-1,-1,-1
1,37,43,what you do in your day without work ?,Not much. I just watch TV or play games.,0,0,0,0,0,0,0,0,0,0,0,0,0,0,0,0,0,0,0,0,0,-1,-1,-1,-1,-1,-1,-1,-1,-1,-1,-1,-1,-1,-1,-1,-1,-1,-1,-1,-1,-1
1,37,44,no sport ,I tried. I just got bored after a few weeks.,0,0,0,0,0,0,0,0,0,0,0,1,0,0,0,0,0,0,1,1,0,-1,-1,-1,-1,-1,-1,-1,-1,-1,-1,-1,2,-1,-1,-1,-1,-1,-1,2,0,-1
1,37,45,you feel board so fast then ?,Yeah. I just get bored easily.,0,0,0,0,0,0,0,0,0,0,0,0,0,0,1,0,0,0,0,0,0,-1,-1,-1,-1,-1,-1,-1,-1,-1,-1,-1,-1,-1,-1,2,-1,-1,-1,-1,-1,-1
1,37,46,did you have intersest in anything else ?,Not really. I just don't know what I want to do.,0,0,0,0,0,0,0,0,0,0,0,1,0,0,0,0,0,0,0,0,0,-1,-1,-1,-1,-1,-1,-1,-1,-1,-1,-1,3,-1,-1,-1,-1,-1,-1,-1,-1,-1
1,37,47,are you feel sad toward that ?,A bit. I just feel like I am wasting time.,1,0,0,0,0,0,0,0,0,0,0,0,0,0,0,0,0,0,0,0,0,1,-1,-1,-1,-1,-1,-1,-1,-1,-1,-1,-1,-1,-1,-1,-1,-1,-1,-1,-1,-1
1,37,48,did you feel you should punish yourself  for that ?,No. I just get annoyed. It is stupid.,0,0,0,0,0,0,0,0,1,0,0,0,0,0,0,0,0,0,0,0,0,-1,-1,-1,-1,-1,-1,-1,-1,0,-1,-1,-1,-1,-1,-1,-1,-1,-1,-1,-1,-1
1,37,49,did you sleep and eat well ?,Yeah. I sleep okay. I eat fine.,0,0,0,0,0,0,0,0,0,0,0,0,0,0,0,1,0,1,0,0,0,-1,-1,-1,-1,-1,-1,-1,-1,-1,-1,-1,-1,-1,-1,-1,0,-1,0,-1,-1,-1
1,37,50,did you feel mad now ?,No. I just ate some toast.,0,0,0,0,0,0,0,0,0,0,0,0,0,0,0,0,1,0,0,0,0,-1,-1,-1,-1,-1,-1,-1,-1,-1,-1,-1,-1,-1,-1,-1,-1,0,-1,-1,-1,-1
1,37,51,so you care about yourself and your health ?,Yeah. I guess. I just need to get a job.,0,0,0,0,0,0,0,0,0,0,0,0,0,1,0,0,0,0,0,0,0,-1,-1,-1,-1,-1,-1,-1,-1,-1,-1,-1,-1,-1,0,-1,-1,-1,-1,-1,-1,-1
1,37,52,and a girl as i can see ?,Yeah. I would like that.,0,0,0,0,0,0,0,0,0,0,0,0,0,0,0,0,0,0,0,0,0,-1,-1,-1,-1,-1,-1,-1,-1,-1,-1,-1,-1,-1,-1,-1,-1,-1,-1,-1,-1,-1
1,37,53,do you a normal sexual life  before with the last girl ?,It was fine. We just did what we wanted.,0,0,0,0,0,0,0,0,0,0,0,0,0,0,0,0,0,0,0,0,1,-1,-1,-1,-1,-1,-1,-1,-1,-1,-1,-1,-1,-1,-1,-1,-1,-1,-1,-1,-1,0
1,37,54,any thing else you want to tell me ?,No. I think that is it.,0,0,0,0,0,0,0,0,0,0,0,0,0,0,0,0,0,0,0,0,0,-1,-1,-1,-1,-1,-1,-1,-1,-1,-1,-1,-1,-1,-1,-1,-1,-1,-1,-1,-1,-1
15,5,1,"Hello, how have you been feeling lately?","Worse than I expected, to be honest. The medication helps a bit, but I still feel foggy.",0,1,0,0,0,0,0,0,0,0,0,0,0,0,0,0,0,0,1,0,0,-1,1,-1,-1,-1,-1,-1,-1,-1,-1,-1,-1,-1,-1,-1,-1,-1,-1,1,-1,-1
15,5,2,"I'm sorry to hear that it's been worse than you expected. With that foggy feeling carrying over, have you been feeling noticeably down, sad, or low on energy most days?","Yeah. Mostly. I just get tired of sitting around all day, I guess. It feels like I am stuck in neutral.",1,0,0,0,0,0,0,0,0,0,0,0,0,0,0,0,0,0,0,1,0,1,-1,-1,-1,-1,-1,-1,-1,-1,-1,-1,-1,-1,-1,-1,-1,-1,-1,-1,1,-1
15,5,3,"Feeling like you're stuck in neutral can be incredibly frustrating. Because your're feeling that way and sitting around more, have you found it harder to enjoy your usual hobbies or look forward to things?",Not really. I just don't have the energy for it. I usually just end up watching TV and going to bed early.,0,0,0,1,0,0,0,0,0,0,0,0,0,0,1,0,0,0,0,0,0,-1,-1,-1,1,-1,-1,-1,-1,-1,-1,-1,-1,-1,-1,1,-1,-1,-1,-1,-1,-1
15,5,4,"Going to bed early makes sense when your're feeling so drained. Since you're heading to sleep early, have you found yourself sleeping significantly more hours than usual, or are you having trouble staying asleep?","I am sleeping a lot, but it doesn't feel like real sleep. I wake up in the middle of the night and just lie there.",0,0,0,0,0,0,0,0,0,0,0,0,0,0,0,1,0,0,0,1,0,-1,-1,-1,-1,-1,-1,-1,-1,-1,-1,-1,-1,-1,-1,-1,1,-1,-1,-1,1,-1
15,5,5,"Waking up in the middle of the night and not feeling rested can really wear you down. When you're lying awake like that, do you find yourself feeling frustrated or critical of yourself for not being able to sleep properly?",Yeah. I guess I am. It feels like I am just not doing things right.,0,0,0,0,1,0,0,1,0,0,0,0,0,0,0,0,0,0,0,0,0,-1,-1,-1,-1,1,-1,-1,1,-1,-1,-1,-1,-1,-1,-1,-1,-1,-1,-1,-1,-1
15,5,6,"Carrying that feeling that you're not doing things right can be a heavy burden. Because of that, have you found yourself feeling worthless lately, or like you've failed at things?",Sometimes. I just feel like I am not good enough.,0,0,0,0,0,0,1,0,0,0,0,0,0,1,0,0,0,0,0,0,0,-1,-1,-1,-1,-1,-1,1,-1,-1,-1,-1,-1,-1,1,-1,-1,-1,-1,-1,-1,-1
15,5,7,"This tells me how things feel right now. When you look back at your life recently, does it feel like your're seeing a lot of past failures, or are you able to see achievements too?","More failures, I guess. I just keep thinking about the things I did wrong.",0,0,1,0,0,0,0,1,0,0,0,0,0,0,0,0,0,0,0,0,0,-1,-1,1,-1,-1,-1,-1,1,-1,-1,-1,-1,-1,-1,-1,-1,-1,-1,-1,-1,-1
15,5,8,"Focusing on things that went wrong can be draining. With these thoughts about failures, have you found yourself feeling tearful or crying more than usual?","Yeah. Sometimes. It just feels like I am breaking down, I guess.",0,0,0,0,0,0,0,0,0,1,1,0,0,0,0,0,0,0,0,0,0,-1,-1,-1,-1,-1,-1,-1,-1,-1,1,1,-1,-1,-1,-1,-1,-1,-1,-1,-1,-1
15,5,9,"Feeling like your're breaking down sounds incredibly overwhelming. With all of this heavy emotional strain lately, have you noticed if your're feeling more short-tempered or irritable with people around you than usual?","Yeah. I snap at my sister sometimes. I know I shouldn't, but I just can't help it.",0,0,0,0,1,0,0,0,0,0,0,0,0,0,0,0,1,0,0,0,0,-1,-1,-1,-1,1,-1,-1,-1,-1,-1,-1,-1,-1,-1,-1,-1,1,-1,-1,-1,-1
15,5,10,"It's hard when you feel you can't help snapping at those close to you. Because interacting feels tense right now, have you noticed if your're losing interest in spending time with friends or family lately?","Yeah. I just don't have the energy for it. I keep telling them I'm busy, but I guess I'm just avoiding it.",0,0,0,0,0,0,0,0,0,0,0,1,0,0,1,0,0,0,0,0,0,-1,-1,-1,-1,-1,-1,-1,-1,-1,-1,-1,1,-1,-1,1,-1,-1,-1,-1,-1,-1
15,5,11,"Avoiding interactions makes sense when you just don't have the stamina for it. With your energy being so low right now, have you noticed any major changes in your appetite or eating habits?","Not really. I just eat what I have to, I guess.",0,0,0,1,0,0,0,0,0,0,0,0,0,0,0,0,0,1,0,0,0,-1,-1,-1,1,-1,-1,-1,-1,-1,-1,-1,-1,-1,-1,-1,-1,-1,1,-1,-1,-1
15,5,12,"When everything feels like this much of a chore, do you ever find yourself having thoughts of giving up or ending your life?",Sometimes. It feels like there is no point in trying anymore.,0,1,0,0,0,0,0,0,1,0,0,0,0,0,0,0,0,0,0,0,0,-1,1,-1,-1,-1,-1,-1,-1,1,-1,-1,-1,-1,-1,-1,-1,-1,-1,-1,-1,-1
15,5,13,"Hearing that feels like there's no point in trying highlights how exhausting and dark things have become for you. When you are feeling this low, do you ever find yourself feeling like you are being punished, or that you've done something wrong to deserve this?",Yeah. I guess I blame myself. I just feel like I'm a burden to everyone around me.,0,0,0,0,0,1,0,0,0,0,0,0,0,1,0,0,0,0,0,0,0,-1,-1,-1,-1,-1,1,-1,-1,-1,-1,-1,-1,-1,1,-1,-1,-1,-1,-1,-1,-1
15,5,14,"Feeling like a burden to others sounds incredibly isolating and painful. When carrying these heavy thoughts, have you noticed it has become harder to make daily decisions or choices?",Yeah. Everything just feels wrong. I just want to go back to bed.,0,0,0,0,0,0,0,0,0,0,0,0,1,0,0,1,0,0,0,0,0,-1,-1,-1,-1,-1,-1,-1,-1,-1,-1,-1,-1,1,-1,-1,1,-1,-1,-1,-1,-1
15,5,15,"Wanting to just go to bed shows how completely drained you are right now. On a more personal or physical level with all these fatigue, have you noticed a major drop in your interest in intimacy or sex lately?","I guess I haven't thought about that. I just don't have the energy for it, so I guess I just avoid it.",0,0,0,0,0,0,0,0,0,0,0,0,0,0,1,0,0,0,0,0,1,-1,-1,-1,-1,-1,-1,-1,-1,-1,-1,-1,-1,-1,-1,1,-1,-1,-1,-1,-1,1
0,3,1,"Hello, how are you feeling today?","I’m a bit drained, I guess. It’s been a long week, and I’m just running on empty. I probably just need a rest.",0,0,0,0,0,0,0,0,0,0,0,0,0,0,1,0,0,0,0,0,0,-1,-1,-1,-1,-1,-1,-1,-1,-1,-1,-1,-1,-1,-1,2,-1,-1,-1,-1,-1,-1
0,3,2,You seem to be very busy and needing some rest. What is occupying your time?,"Work is pretty demanding, and the kids need attention too. It feels like there aren't enough hours in the day to do everything I want.",0,0,0,0,0,0,0,0,0,0,0,0,0,0,0,0,0,0,0,1,0,-1,-1,-1,-1,-1,-1,-1,-1,-1,-1,-1,-1,-1,-1,-1,-1,-1,-1,-1,2,-1
0,3,3,"That sounds a bit hard, how many hours do you sleep?",I’m probably not sleeping as much as I should be. Maybe 6 or 7 hours? I just haven't had the chance to get into a good routine lately.,0,0,0,0,0,0,0,0,0,0,0,0,0,0,0,1,0,0,0,0,0,-1,-1,-1,-1,-1,-1,-1,-1,-1,-1,-1,-1,-1,-1,-1,2,-1,-1,-1,-1,-1
0,3,4,"I am sorry to hear that, It is important to rest well to be able to function properly the next day, are you eating well lately?","I’m eating, I guess. Just whatever is quick. I’m not really thinking about what I’m putting in my body, I’m just trying to get through the day.",0,0,0,0,0,0,0,0,0,0,0,0,0,0,0,0,0,1,0,0,0,-1,-1,-1,-1,-1,-1,-1,-1,-1,-1,-1,-1,-1,-1,-1,-1,-1,0,-1,-1,-1
0,3,5,"All the lack of rest you are having, Is it worthy? ","I guess not. I’m just tired, but I feel like I should be able to handle this. I don't want to complain too much, I’m just running on empty.",0,0,0,0,0,0,0,0,0,0,0,0,0,1,0,0,0,0,0,0,0,-1,-1,-1,-1,-1,-1,-1,-1,-1,-1,-1,-1,-1,2,-1,-1,-1,-1,-1,-1,-1
0,3,6,"It seems that you are exhausted doing all the things you have to do, do you have moments when you feel down?","Yes, I get a bit tearful. I don't know, maybe I’m just overthinking things. It's hard to explain, I just feel... drained.",0,0,0,0,0,0,0,0,0,1,0,0,0,0,0,0,0,0,0,0,0,-1,-1,-1,-1,-1,-1,-1,-1,-1,1,-1,-1,-1,-1,-1,-1,-1,-1,-1,-1,-1
0,3,7,"I am sorry to hear that, do you feel sometimes nervous at work or more irritable when talking to people?","Yeah, I get a bit jumpy at work. I think it’s just stress, but I’m not sure how to manage it.",0,0,0,0,0,0,0,0,0,0,0,0,0,0,0,0,1,0,0,0,0,-1,-1,-1,-1,-1,-1,-1,-1,-1,-1,-1,-1,-1,-1,-1,-1,2,-1,-1,-1,-1
0,3,8,"It would be good to have a moment for yourself, have you tried yoga?","I haven't. I feel too busy to take the time, and I'm not sure I'd be any good at it.",0,0,0,0,0,0,0,1,0,0,0,0,0,0,0,0,0,0,0,0,0,-1,-1,-1,-1,-1,-1,-1,2,-1,-1,-1,-1,-1,-1,-1,-1,-1,-1,-1,-1,-1
0,3,9,"Well, you will not know until you try, you may be better than you think",I suppose you're right. I'll look into it. Maybe it will help me relax a bit.,0,0,0,0,0,0,0,0,0,0,0,0,0,0,0,0,0,0,0,0,0,-1,-1,-1,-1,-1,-1,-1,-1,-1,-1,-1,-1,-1,-1,-1,-1,-1,-1,-1,-1,-1
0,3,10,What things are you good at?,"I’m good with the kids, I suppose. And I manage to keep the house running, so I guess I’m capable of handling things.",0,0,0,0,0,0,1,0,0,0,0,0,0,0,0,0,0,0,0,0,0,-1,-1,-1,-1,-1,-1,0,-1,-1,-1,-1,-1,-1,-1,-1,-1,-1,-1,-1,-1,-1
0,3,11,Are you good taking decisions in your life or you prefer your partner to do it for you?,I’m not sure. I usually let him decide because I’m not sure what I want. I guess I just need to make a bigger effort to decide for myself.,0,0,0,0,0,0,0,0,0,0,0,0,1,0,0,0,0,0,0,0,0,-1,-1,-1,-1,-1,-1,-1,-1,-1,-1,-1,-1,2,-1,-1,-1,-1,-1,-1,-1,-1
0,3,12,"What about your hobbies, would you like to have time to do all that things you love?","I miss reading, but it feels like a luxury right now. I haven't had time for that in ages.",0,0,0,0,0,0,0,0,0,0,0,1,0,0,0,0,0,0,0,0,0,-1,-1,-1,-1,-1,-1,-1,-1,-1,-1,-1,1,-1,-1,-1,-1,-1,-1,-1,-1,-1
0,3,13,I see you are very busy and I think It´s important that you speak with your partner about having some time for each of you so you could read a book or do yoga. Do you feel in general more agitated with things in the last weeks?,"Yes, I guess I am. I don't know, maybe I'm just overthinking things. It's hard to explain.",0,0,0,0,0,0,0,0,0,0,1,0,0,0,0,0,0,0,0,0,0,-1,-1,-1,-1,-1,-1,-1,-1,-1,-1,2,-1,-1,-1,-1,-1,-1,-1,-1,-1,-1
0,3,14,Sometimes our minds can be very annoying like a radio from morning to night that never stops. Do you have thoughts that make you feel guilty?,"Yes, I worry about the kids and not being able to give them enough attention. I guess I just feel like I’m failing at everything right now.",0,0,0,0,1,0,0,0,0,0,0,0,0,0,0,0,0,0,0,0,0,-1,-1,-1,-1,2,-1,-1,-1,-1,-1,-1,-1,-1,-1,-1,-1,-1,-1,-1,-1,-1
0,3,15,"You seem to love very much your kids and you are trying your best, don´t be hard with yourself. Do you have thoughts that make you feel sad ?","Yes, I get a bit tearful. I don't know, maybe I’m just overthinking things. It's hard to explain.",1,0,0,0,0,0,0,0,0,0,0,0,0,0,0,0,0,0,0,0,0,2,-1,-1,-1,-1,-1,-1,-1,-1,-1,-1,-1,-1,-1,-1,-1,-1,-1,-1,-1,-1
0,3,16,I am sorry to hear that. Do you also feel like it is more difficult to concentrate because your mind is annoying you with other things?,"Yes, definitely. I feel like I’m just not focusing well, and it’s frustrating.",0,0,0,0,0,0,0,0,0,0,0,0,0,0,0,0,0,0,1,0,0,-1,-1,-1,-1,-1,-1,-1,-1,-1,-1,-1,-1,-1,-1,-1,-1,-1,-1,3,-1,-1
0,3,17,"Something that is really important in a couple is how your sex relationship is going, with work and kids do you find this important moment to connect with your partner?","We haven't really... I don't know, maybe we're just too tired. I feel bad about it, but I'm just not sure how to make it work.",0,1,0,1,0,0,0,0,0,0,0,0,0,0,0,0,0,0,0,0,1,-1,3,-1,2,-1,-1,-1,-1,-1,-1,-1,-1,-1,-1,-1,-1,-1,-1,-1,-1,2
0,3,18,"I am sorry to hear that, sometimes It is difficult to find a moment when you have to work and then take care of the children. Could you leave the children with your parents or a nanny for a night and try to spend quality time with your partner?",I should probably try that. I just feel guilty leaving them with someone else.,0,0,0,0,1,0,0,0,0,0,0,0,0,0,0,0,0,0,0,0,0,-1,-1,-1,-1,3,-1,-1,-1,-1,-1,-1,-1,-1,-1,-1,-1,-1,-1,-1,-1,-1
0,3,19,"you said that you are sometimes overthinking, are your thoughts telling you that you deserve to feel sad or that you are a failure? Sometimes our minds are very hard with ourselves ","Yes, I guess I am. I feel like I’m failing at everything, and I don't know why I can't just handle it.",0,0,1,0,0,1,0,0,0,0,0,0,0,0,0,0,0,0,0,0,0,-1,-1,2,-1,-1,2,-1,-1,-1,-1,-1,-1,-1,-1,-1,-1,-1,-1,-1,-1,-1
0,3,20,"I think you are stronger than you think you are. Sometimes our minds are saying to us that we are not good enough and are criticising us, judging us and telling us things that are not useful for us in order to build a better way of living. has your mind been saying to you things like I want to die, I hate myself?","No, not exactly. I think I’m just overthinking things. I don't know, maybe I’m just too tired.",0,0,0,0,0,0,0,0,1,0,0,0,0,0,0,0,0,0,0,0,0,-1,-1,-1,-1,-1,-1,-1,-1,0,-1,-1,-1,-1,-1,-1,-1,-1,-1,-1,-1,-1
0,3,21,"It was nice chatting with you, I hope you can find time for yourself to read a nice book and find time to reconnect with your partner and remember the love that you felt for each other before you had children. You will not regret if you try yoga, It may really help you to settle your mind and relax your body.","Thank you. I think you’re right, I need to find a way to manage this better. I appreciate your advice.",0,0,0,0,0,0,0,0,0,0,0,0,0,0,0,0,0,0,0,0,0,-1,-1,-1,-1,-1,-1,-1,-1,-1,-1,-1,-1,-1,-1,-1,-1,-1,-1,-1,-1,-1
4,41,1,hi there. could you please tell me how have you been feeling lately regarding your mood in past few weeks?,"Irritable, mostly. I get frustrated with the smallest things. Like if the kettle takes a minute to boil, I get annoyed. I don't know why, but it just feels like everything is getting to me.",0,0,0,0,0,0,0,0,0,0,0,0,0,0,0,0,1,0,0,0,0,-1,-1,-1,-1,-1,-1,-1,-1,-1,-1,-1,-1,-1,-1,-1,-1,3,-1,-1,-1,-1
4,41,2,could you please tell me how has your mood been lately ,"It's... gone. I don't know if it's the medication or just me, but I don't have the energy to care. I just sit there, staring at the wall. It's like I'm just waiting for something to happen, but I'm not sure what.",0,0,0,0,0,0,0,0,0,0,0,0,0,0,1,0,0,0,0,0,0,-1,-1,-1,-1,-1,-1,-1,-1,-1,-1,-1,-1,-1,-1,2,-1,-1,-1,-1,-1,-1
4,41,3,"if you had to rate your mood from 1 to qo 1 being the lowest and 10 the most happiest, how does it seems to be ?","I'd say... 2. I'm not angry, I'm just... empty. Like the excitement has been drained out of me. I don't know how to get it back.",1,0,0,0,0,0,0,0,0,0,0,0,0,0,0,0,0,0,0,0,0,3,-1,-1,-1,-1,-1,-1,-1,-1,-1,-1,-1,-1,-1,-1,-1,-1,-1,-1,-1,-1
4,41,4,and how about your daily activities. do you feel interested in doing things that used to be interesting and worthwhile previously?,"No. I tried to cook last night, but I just stared at the ingredients and couldn't decide. It's like my brain is broken. I used to love cooking, but now it just feels like a chore.",0,0,0,0,0,0,0,0,0,0,0,1,0,0,0,0,0,0,0,0,0,-1,-1,-1,-1,-1,-1,-1,-1,-1,-1,-1,3,-1,-1,-1,-1,-1,-1,-1,-1,-1
4,41,5,and how about your hobbies and things that you liked and brought happiness to you . are you able to feel the same level of happiness when you are indulgent or think about doin them?,"No. I picked up my guitar yesterday and just held it. I didn't even think about playing. It felt... heavy. Like it was just a thing I used to do, not something that brought me joy.",0,0,0,1,0,0,0,0,0,0,0,0,0,0,0,0,0,0,0,0,0,-1,-1,-1,3,-1,-1,-1,-1,-1,-1,-1,-1,-1,-1,-1,-1,-1,-1,-1,-1,-1
4,41,6,"can you please tell me how hhas your daily activities been these weeks, do you have any difficulties in performing usual activities?","I can't even get the laundry started. I put the washing machine on, then I just stand there and forget what I'm doing. It's like my brain is stuck on pause.",0,0,0,0,0,0,0,0,0,0,0,0,0,0,0,0,0,0,1,0,0,-1,-1,-1,-1,-1,-1,-1,-1,-1,-1,-1,-1,-1,-1,-1,-1,-1,-1,3,-1,-1
4,41,7,can you please tell me how is your body coping recently and easy fatiguability or tiredness that has been bothering you?,"It's... exhausting. I get up, make a cup of tea, and then I'm done. I can't even watch the news without feeling drained. I don't know how to get the energy back.",0,0,0,0,0,0,0,0,0,0,0,0,0,0,0,0,0,0,0,1,0,-1,-1,-1,-1,-1,-1,-1,-1,-1,-1,-1,-1,-1,-1,-1,-1,-1,-1,-1,3,-1
4,41,8,what about your future plans. do you feel generally interested and hopeful about your futual and life goals?,"No. I look at the calendar and think about the things I used to want to do, and I just can't see myself doing them. I feel like I'm just going through the motions.",0,1,0,0,0,0,0,0,0,0,0,0,0,0,0,0,0,0,0,0,0,-1,3,-1,-1,-1,-1,-1,-1,-1,-1,-1,-1,-1,-1,-1,-1,-1,-1,-1,-1,-1
4,41,9,do you generally feel upset or not happy when you look at past events or decisions in you life ?,"Yeah. I look back on things and think, 'Why did I do that?' or 'Why did I let that happen?' It just feels like I've been making the wrong choices for years.",0,0,1,0,0,0,0,0,0,0,0,0,0,0,0,0,0,0,0,0,0,-1,-1,3,-1,-1,-1,-1,-1,-1,-1,-1,-1,-1,-1,-1,-1,-1,-1,-1,-1,-1
4,41,10,and do you feel that you are responsible for everything that went bad in your life and feel guilty for the decisions?,"Yeah. I definitely blame myself. I think, 'If only I'd done this or that...' But I don't know how to stop doing it.",0,0,0,0,1,0,0,0,0,0,0,0,0,0,0,0,0,0,0,0,0,-1,-1,-1,-1,3,-1,-1,-1,-1,-1,-1,-1,-1,-1,-1,-1,-1,-1,-1,-1,-1
4,41,11,so how would you describe yourself when you think about yourself and reflect upon ?,I'm just... a mess. I don't know what I'm doing or where I'm going. I just feel lost.,0,0,0,0,0,0,1,0,0,0,0,0,0,0,0,0,0,0,0,0,0,-1,-1,-1,-1,-1,-1,3,-1,-1,-1,-1,-1,-1,-1,-1,-1,-1,-1,-1,-1,-1
4,41,12,and do you often ponder about yourself and think about the aspects of your life and critisize yourself for bad thing that happened in your life?,Constantly. I think about what I've done wrong and how I should've done it differently. It's like I'm just waiting for the other shoe to drop.,0,0,0,0,0,0,0,1,0,0,0,0,0,0,0,0,0,0,0,0,0,-1,-1,-1,-1,-1,-1,-1,3,-1,-1,-1,-1,-1,-1,-1,-1,-1,-1,-1,-1,-1
4,41,13,have you had any problems in deciding upon things or plans and felt confused in what to do next ?,"All the time. I sit there staring at the phone, deciding whether to call someone or not. I can't make a choice. It's like I've lost control of my own life.",0,0,0,0,0,0,0,0,0,0,0,0,1,0,0,0,0,0,0,0,0,-1,-1,-1,-1,-1,-1,-1,-1,-1,-1,-1,-1,3,-1,-1,-1,-1,-1,-1,-1,-1
4,41,14,have you had any incidents where you just gave away and cried recently?,Yes. I had a shower yesterday and just... broke down. I don't know why. I just felt like I've lost everything.,0,0,0,0,0,0,0,0,0,1,0,0,0,0,0,0,0,0,0,0,0,-1,-1,-1,-1,-1,-1,-1,-1,-1,3,-1,-1,-1,-1,-1,-1,-1,-1,-1,-1,-1
4,41,15,can you please tell me have you had any incidents where you lost your temper or cool and acted out of anger but realised it to be avoidable later?,Yes. I got annoyed with the TV volume yesterday and... I just slammed the remote. I felt stupid afterwards.,0,0,0,0,0,0,0,0,0,0,1,0,0,0,0,0,0,0,0,0,0,-1,-1,-1,-1,-1,-1,-1,-1,-1,-1,3,-1,-1,-1,-1,-1,-1,-1,-1,-1,-1
4,41,16,how do you value yourself in your family or groups or among you loved ones and are you able to value yourself as you would have done previously,"No. I don't know how to do that anymore. I used to be the one who kept everyone going, but now... I'm just a shadow of who I used to be.",0,0,0,0,0,0,0,0,0,0,0,0,0,1,0,0,0,0,0,0,0,-1,-1,-1,-1,-1,-1,-1,-1,-1,-1,-1,-1,-1,2,-1,-1,-1,-1,-1,-1,-1
4,41,17,have you recently had any thoughts of devpriving yourself with love or activities or things you deserved just with the thought that you did not deserve them now?,"Yeah. I think about giving up things I love. I was looking at a recipe book yesterday, and I just felt... guilty. Like I don't deserve to enjoy food anymore.",0,0,0,0,0,1,0,0,0,0,0,0,0,0,0,0,0,0,0,0,0,-1,-1,-1,-1,-1,2,-1,-1,-1,-1,-1,-1,-1,-1,-1,-1,-1,-1,-1,-1,-1
4,41,18,can you please tell me how has your sleep been recently? ,Awful. I wake up in the middle of the night and just lie there. I can't relax. I just feel... trapped.,0,0,0,0,0,0,0,0,0,0,0,0,0,0,0,1,0,0,0,0,0,-1,-1,-1,-1,-1,-1,-1,-1,-1,-1,-1,-1,-1,-1,-1,3,-1,-1,-1,-1,-1
4,41,19,have you had any thoughts of harming yourself or ending your life recently?,"I don't know. I think about it sometimes. I don't want to be this person anymore. I don't know how to fix it, so maybe it's just easier to... stop.",0,0,0,0,0,0,0,0,1,0,0,0,0,0,0,0,0,0,0,0,0,-1,-1,-1,-1,-1,-1,-1,-1,3,-1,-1,-1,-1,-1,-1,-1,-1,-1,-1,-1,-1
4,41,20,"how have you been eating lately, are there any changes ?","I'm not eating much. I just pick at things. I don't have the appetite. I used to love food, but now it just feels like a chore.",0,0,0,0,0,0,0,0,0,0,0,0,0,0,0,0,0,1,0,0,0,-1,-1,-1,-1,-1,-1,-1,-1,-1,-1,-1,-1,-1,-1,-1,-1,-1,3,-1,-1,-1
4,41,21,"lastly, can you explain, how has your indulgence in intimacy been or if there has been any change in it lately?",I don't want it. I don't want anyone. I just... I feel so alone.,0,0,0,0,0,0,0,0,0,0,0,0,0,0,0,0,0,0,0,0,1,-1,-1,-1,-1,-1,-1,-1,-1,-1,-1,-1,-1,-1,-1,-1,-1,-1,-1,-1,-1,3
2,39,1,Hi,Just trying to get everything organized. I feel a bit behind schedule with my orders.,0,0,0,0,0,0,0,1,0,0,0,0,0,0,0,0,0,0,0,0,0,-1,-1,-1,-1,-1,-1,-1,3,-1,-1,-1,-1,-1,-1,-1,-1,-1,-1,-1,-1,-1
2,39,2,That must be a lot of pressure. Could you elaborate what you are trying to organize?,Just my work schedule. I have a lot of deadlines coming up and I don't want to mess up.,0,0,0,0,0,0,0,0,0,0,0,0,0,0,0,0,0,0,0,1,0,-1,-1,-1,-1,-1,-1,-1,-1,-1,-1,-1,-1,-1,-1,-1,-1,-1,-1,-1,1,-1
2,39,3,Why do you think you might mess up?,"Just the usual stuff—losing a file or missing a step. I'm a bit of a perfectionist, so I worry about it happening.",0,1,0,0,0,0,0,0,0,0,0,0,0,0,0,0,0,0,0,0,0,-1,2,-1,-1,-1,-1,-1,-1,-1,-1,-1,-1,-1,-1,-1,-1,-1,-1,-1,-1,-1
2,39,4,I understand. It can be a lot. Has that happened with you before?,"Yeah, once or twice. But I've learned to double-check everything. It's just part of the job.",0,0,0,0,0,0,0,0,0,0,0,0,0,0,0,0,0,0,0,0,0,-1,-1,-1,-1,-1,-1,-1,-1,-1,-1,-1,-1,-1,-1,-1,-1,-1,-1,-1,-1,-1
2,39,5,"Yeah, sure. Is this the main thing you're worried about or is there anything in particular or more?","No, it's just this one thing. I'm fine otherwise. Just a bit stressed about getting it done.",0,0,0,0,0,0,0,0,0,0,0,0,0,0,0,0,0,0,0,0,0,-1,-1,-1,-1,-1,-1,-1,-1,-1,-1,-1,-1,-1,-1,-1,-1,-1,-1,-1,-1,-1
2,39,6,"Okay. I'm sure once you get it done, it'll be fine, like you said. How have things been on the family front?",They're good. Just busy with their own things. I'm just trying to keep up with the workload.,0,0,0,0,0,0,0,0,0,0,0,0,0,0,0,0,0,0,0,0,0,-1,-1,-1,-1,-1,-1,-1,-1,-1,-1,-1,-1,-1,-1,-1,-1,-1,-1,-1,-1,-1
2,39,7,What else about about the workload seems stressful?,"Just the volume of orders. I'm used to it, but it's been a bit hectic lately.",0,0,0,0,0,0,0,0,0,0,0,0,0,0,0,0,0,0,0,1,0,-1,-1,-1,-1,-1,-1,-1,-1,-1,-1,-1,-1,-1,-1,-1,-1,-1,-1,-1,2,-1
2,39,8,How so?,"I just feel like I'm running around in circles, trying to get everything done. It's a lot to handle.",0,0,0,0,0,0,0,0,0,0,0,0,0,0,0,0,0,0,0,1,0,-1,-1,-1,-1,-1,-1,-1,-1,-1,-1,-1,-1,-1,-1,-1,-1,-1,-1,-1,3,-1
2,39,9,I understand. How does this feel different?,"It's just more pressure, I guess. I'm used to the workload, but the deadlines are tighter this time.",0,0,0,0,0,0,0,0,0,0,0,0,0,0,0,0,0,0,0,0,0,-1,-1,-1,-1,-1,-1,-1,-1,-1,-1,-1,-1,-1,-1,-1,-1,-1,-1,-1,-1,-1
2,39,10,How do deadlines make you feel?,A bit anxious. I want to make sure I do everything right.,0,0,0,0,0,0,0,0,0,0,0,0,0,0,0,0,0,0,0,0,0,-1,-1,-1,-1,-1,-1,-1,-1,-1,-1,-1,-1,-1,-1,-1,-1,-1,-1,-1,-1,-1
2,39,11,how does it make you feel anxious?,"Just a bit stressed out, I guess. I want to be sure I'm doing the best job I can.",0,0,0,0,0,0,0,0,0,0,0,0,0,0,0,0,0,0,0,0,0,-1,-1,-1,-1,-1,-1,-1,-1,-1,-1,-1,-1,-1,-1,-1,-1,-1,-1,-1,-1,-1
2,39,12,I understand. Have things gone wrong in the past?,"No, nothing major. I just worry about it happening.",0,0,1,0,0,0,0,0,0,0,0,0,0,0,0,0,0,0,0,0,0,-1,-1,0,-1,-1,-1,-1,-1,-1,-1,-1,-1,-1,-1,-1,-1,-1,-1,-1,-1,-1
2,39,13,Do you feel guilty if things don't go right?,"Yeah, a little. I just feel like I should be able to get it done.",0,0,0,0,1,0,0,0,0,0,0,0,0,0,0,0,0,0,0,0,0,-1,-1,-1,-1,2,-1,-1,-1,-1,-1,-1,-1,-1,-1,-1,-1,-1,-1,-1,-1,-1
2,39,14,Do you feel like you need to compensate for everything that does wrong or punish yourself?,"No, I just try to learn from it and do better next time.",0,0,0,0,0,1,0,0,0,0,0,0,0,0,0,0,0,0,0,0,0,-1,-1,-1,-1,-1,0,-1,-1,-1,-1,-1,-1,-1,-1,-1,-1,-1,-1,-1,-1,-1
2,39,15,How do you feel right now?,"Just a bit tired. I'm fine, though.",0,0,0,0,0,0,0,0,0,0,0,0,0,0,0,0,0,0,0,0,0,-1,-1,-1,-1,-1,-1,-1,-1,-1,-1,-1,-1,-1,-1,-1,-1,-1,-1,-1,-1,-1
2,39,16,do you feel you don't have energy or is it more of a mental exhaustion?,"It's a bit of both, I guess. I'm just tired of the stress.",0,0,0,0,0,0,0,0,0,0,0,0,0,0,1,0,0,0,0,0,0,-1,-1,-1,-1,-1,-1,-1,-1,-1,-1,-1,-1,-1,-1,2,-1,-1,-1,-1,-1,-1
2,39,17,Have you felt agitated or nor good enough when doing these tasks?,"Yeah, I get a bit snappy sometimes. I'm trying to work on that, though.",0,0,0,0,0,0,0,0,0,0,1,0,0,0,0,0,0,0,0,0,0,-1,-1,-1,-1,-1,-1,-1,-1,-1,-1,2,-1,-1,-1,-1,-1,-1,-1,-1,-1,-1
2,39,18,"Agitated, how?","Just a bit short with my family. I know I shouldn't be, but I'm just stressed out.",0,0,0,0,0,0,0,0,0,0,0,0,0,0,0,0,1,0,0,0,0,-1,-1,-1,-1,-1,-1,-1,-1,-1,-1,-1,-1,-1,-1,-1,-1,2,-1,-1,-1,-1
2,39,19,Do you feel bad about yourself during those time or not good enough/,"A bit. I feel like I'm not doing enough. It's stupid, I know.",0,0,0,0,0,0,1,0,0,0,0,0,0,1,0,0,0,0,0,0,0,-1,-1,-1,-1,-1,-1,1,-1,-1,-1,-1,-1,-1,1,-1,-1,-1,-1,-1,-1,-1
2,39,20,Are you feeling a bit down emotionally?,Not really. I just feel a bit stressed. I'm fine.,1,0,0,0,0,0,0,0,0,0,0,0,0,0,0,0,0,0,0,0,0,0,-1,-1,-1,-1,-1,-1,-1,-1,-1,-1,-1,-1,-1,-1,-1,-1,-1,-1,-1,-1
2,39,21,"How are you with expressing emotions like crying, sharing things, etc.?",I don't really cry. I'm just not that type.,0,0,0,0,0,0,0,0,0,1,0,0,0,0,0,0,0,0,0,0,0,-1,-1,-1,-1,-1,-1,-1,-1,-1,0,-1,-1,-1,-1,-1,-1,-1,-1,-1,-1,-1
2,39,22,Do you still find pleasure in life/work?,"Yeah, I do. I just have to learn to manage the stress better, I guess.",0,0,0,1,0,0,0,0,0,0,0,0,0,0,0,0,0,0,0,0,0,-1,-1,-1,0,-1,-1,-1,-1,-1,-1,-1,-1,-1,-1,-1,-1,-1,-1,-1,-1,-1
2,39,23,Have you had any thoughts or feelings about not wanting to be here anymore?,No. I just want to get everything done.,0,0,0,0,0,0,0,0,1,0,0,0,0,0,0,0,0,0,0,0,0,-1,-1,-1,-1,-1,-1,-1,-1,0,-1,-1,-1,-1,-1,-1,-1,-1,-1,-1,-1,-1
2,39,24,Are you make to make decisions and find yourself engaged and interested in things?,"Yeah, I am. I just need to get this one thing done.",0,0,0,0,0,0,0,0,0,0,0,1,1,0,0,0,0,0,0,0,0,-1,-1,-1,-1,-1,-1,-1,-1,-1,-1,-1,0,0,-1,-1,-1,-1,-1,-1,-1,-1
2,39,25,Do you have any difficulty concentrating?,"No, not really. I just get a bit distracted sometimes.",0,0,0,0,0,0,0,0,0,0,0,0,0,0,0,0,0,0,1,0,0,-1,-1,-1,-1,-1,-1,-1,-1,-1,-1,-1,-1,-1,-1,-1,-1,-1,-1,1,-1,-1
2,39,26,How is your sleep and appetite?,It's fine. I'm just a bit tired.,0,0,0,0,0,0,0,0,0,0,0,0,0,0,0,0,0,1,0,0,0,-1,-1,-1,-1,-1,-1,-1,-1,-1,-1,-1,-1,-1,-1,-1,-1,-1,0,-1,-1,-1
2,39,27,Do you get a full nights sleep?,I get most of it. I just wake up a bit early and then I'm good.,0,0,0,0,0,0,0,0,0,0,0,0,0,0,0,0,0,0,0,0,0,-1,-1,-1,-1,-1,-1,-1,-1,-1,-1,-1,-1,-1,-1,-1,-1,-1,-1,-1,-1,-1
2,39,28,Have there been any changes in sleep and appetite recently?,"No, not really. I'm just a bit tired today.",0,0,0,0,0,0,0,0,0,0,0,0,0,0,0,1,0,0,0,0,0,-1,-1,-1,-1,-1,-1,-1,-1,-1,-1,-1,-1,-1,-1,-1,0,-1,-1,-1,-1,-1
2,39,29,How about your sex life?,"It's fine. I'm just a bit stressed, so it's not really a priority right now.",0,0,0,0,0,0,0,0,0,0,0,0,0,0,0,0,0,0,0,0,1,-1,-1,-1,-1,-1,-1,-1,-1,-1,-1,-1,-1,-1,-1,-1,-1,-1,-1,-1,-1,1
13,44,1,"Hello, thank you for taking the time for administering this conversation. would you be willing to engage in conversation from which I will understand better what simptoms, thoughts and feelings have you had lately in the last past 2 weeks?","I suppose I just haven't been thinking about it that much. I've been trying to keep busy with work and just... existing, really.",0,0,0,0,0,0,0,0,0,0,0,0,0,0,0,0,0,0,0,0,0,-1,-1,-1,-1,-1,-1,-1,-1,-1,-1,-1,-1,-1,-1,-1,-1,-1,-1,-1,-1,-1
13,44,2,"I understant that this must be tough for you, since only work can distract you from hard feelings. would you be willing to tell me more about this hardship to exist?","I don't know if I can put it into words. It's just... this heaviness that follows me around. I try to push it aside, but it stays there, like a cloud.",0,0,1,0,0,0,0,0,0,0,0,0,0,0,0,0,0,0,0,0,0,-1,-1,2,-1,-1,-1,-1,-1,-1,-1,-1,-1,-1,-1,-1,-1,-1,-1,-1,-1,-1
13,44,3,you are doing great at describing what you feel. is this heaviness linked to anything particular from your past maybe?,Maybe. I lost my father a few years ago. I keep thinking about how he'd handle this job crisis... but I don't know if that's just me being lazy.,0,0,0,0,0,0,0,1,0,0,0,0,0,0,0,0,0,0,0,0,0,-1,-1,-1,-1,-1,-1,-1,2,-1,-1,-1,-1,-1,-1,-1,-1,-1,-1,-1,-1,-1
13,44,4,"oh my sincere condolances. that must be tough on you, missing your father and also struggling at your career. have you noticed any other changes in motivation, energy in the past period?","I wake up early, but by lunchtime, I'm already exhausted. I don't know if it's just me getting older or if it's something more.",0,0,0,0,0,0,0,0,0,0,0,0,0,0,1,0,0,0,0,0,0,-1,-1,-1,-1,-1,-1,-1,-1,-1,-1,-1,-1,-1,-1,2,-1,-1,-1,-1,-1,-1
13,44,5,"This must be quite hard for you to follow up with your daily doutine. You said you wake up early, how would you describe your sleep overall?","It's... fitful, I suppose. I wake up a lot, usually around 2 a.m. and can't go back to sleep. I just lie there thinking about everything.",0,0,0,0,0,0,0,0,0,0,0,0,0,0,0,1,0,0,0,0,0,-1,-1,-1,-1,-1,-1,-1,-1,-1,-1,-1,-1,-1,-1,-1,3,-1,-1,-1,-1,-1
13,44,6,sorry to hear that. it must be really tough all this hours lying awake. Do you have any particular thoughts in mind while you lie in bed?,"Just that I'm not doing anything right. I should be managing this job better, or... I don't know, just being more productive, I guess.",0,0,1,0,0,0,0,0,0,0,0,0,0,0,0,0,0,0,0,0,0,-1,-1,2,-1,-1,-1,-1,-1,-1,-1,-1,-1,-1,-1,-1,-1,-1,-1,-1,-1,-1
13,44,7,I see...  how do you feel about yourself when you think like that?,"I just feel... useless, I suppose. I'm 52 and I can't even manage a job properly. It feels like I'm just losing my grip on things.",0,0,0,0,0,0,1,0,0,0,0,0,0,0,0,0,0,0,0,0,0,-1,-1,-1,-1,-1,-1,2,-1,-1,-1,-1,-1,-1,-1,-1,-1,-1,-1,-1,-1,-1
13,44,8,has in your job happened anything particular  for evoking that feelings?,"The downsizing. I was told my department is closing, and I don't know what happens next. It feels like the rug has been pulled out from under me.",0,0,0,0,0,1,0,0,0,0,0,0,0,0,0,0,0,0,0,0,0,-1,-1,-1,-1,-1,2,-1,-1,-1,-1,-1,-1,-1,-1,-1,-1,-1,-1,-1,-1,-1
13,44,9,oh that must have been quite a shock for you I can imagine. has this news followed you up with any changes in mood?,"I get this knot in my stomach when I think about it. I keep thinking I should be better at this by now, and I don't know if it's just me being old-fashioned.",0,0,0,0,1,0,0,0,0,0,0,0,0,0,0,0,0,0,0,0,0,-1,-1,-1,-1,1,-1,-1,-1,-1,-1,-1,-1,-1,-1,-1,-1,-1,-1,-1,-1,-1
13,44,10,any other changes inf you apetite?,"I haven't been eating much. I think I've lost my taste for things. I used to love cooking, but now I just don't have the energy.",0,0,0,0,0,0,0,0,0,0,0,0,0,0,0,0,0,0,0,1,0,-1,-1,-1,-1,-1,-1,-1,-1,-1,-1,-1,-1,-1,-1,-1,-1,-1,-1,-1,3,-1
13,44,11,"Oh I see, you lost quite a lot of your daily motivation. Have you lost any wieght recently?","Yeah, I've lost a few pounds. I don't know if it's just me slowing down, but I feel like I'm disappearing.",0,0,0,0,0,0,0,0,0,0,0,0,0,0,0,0,0,1,0,0,0,-1,-1,-1,-1,-1,-1,-1,-1,-1,-1,-1,-1,-1,-1,-1,-1,-1,2,-1,-1,-1
13,44,12,disappearing in what waz?,"Physically, I suppose. I look in the mirror and don't see the person I used to be.",0,0,0,0,0,0,0,0,0,0,0,0,0,0,0,0,0,1,0,0,0,-1,-1,-1,-1,-1,-1,-1,-1,-1,-1,-1,-1,-1,-1,-1,-1,-1,3,-1,-1,-1
13,44,13,"It must be tough to watch yourself shrinking, I can imagine. Have you found any recent mood swings as well?","I get these... waves, I suppose. One minute I'm fine, the next I'm crying. It feels like I'm losing control of my own emotions.",0,0,0,0,0,0,0,0,0,1,0,0,0,0,0,0,0,0,0,0,0,-1,-1,-1,-1,-1,-1,-1,-1,-1,3,-1,-1,-1,-1,-1,-1,-1,-1,-1,-1,-1
13,44,14,that must be quite sad and exhousting for you I suppose?,Yeah... I don't know if I can keep going like this. It feels like the darkness is just getting deeper.,0,1,0,0,0,0,0,0,0,0,0,0,0,0,0,0,0,0,0,0,0,-1,3,-1,-1,-1,-1,-1,-1,-1,-1,-1,-1,-1,-1,-1,-1,-1,-1,-1,-1,-1
13,44,15,I get that you are feeling really low right now. how would you describe your interest in daily life and things you liked in the past?,"I don't really have any interest in anything anymore. I used to love gardening, but now it just feels like too much effort.",0,0,0,0,0,0,0,0,0,0,0,1,0,0,0,0,0,0,0,0,0,-1,-1,-1,-1,-1,-1,-1,-1,-1,-1,-1,3,-1,-1,-1,-1,-1,-1,-1,-1,-1
13,44,16,"I see,  that must be quite irritating i suppose","It is, actually. I look out the window and see everyone else moving forward, and I'm just stuck in this rut.",0,0,0,0,0,0,0,0,0,0,0,0,0,0,0,0,1,0,0,0,0,-1,-1,-1,-1,-1,-1,-1,-1,-1,-1,-1,-1,-1,-1,-1,-1,3,-1,-1,-1,-1
13,44,17,How do you feel about yourself when you think about wour life owerall?,I don't know if I'm even the same person I used to be. I feel like I'm just a shadow of who I was.,0,0,1,0,0,0,0,1,0,0,0,0,0,0,0,0,0,0,0,0,0,-1,-1,3,-1,-1,-1,-1,2,-1,-1,-1,-1,-1,-1,-1,-1,-1,-1,-1,-1,-1
13,44,18,"I hear you saying you feel quite low with many dificulties in your daily functioning. I can hear you, that this feels quite heavy. Can I ask you, if you also had thoughts of harming yourself recently?",No... I don't think I could do that. I'm just... tired. I don't think I have the energy to do anything more drastic than just sitting here.,0,0,0,0,0,0,0,0,1,0,0,0,0,0,0,0,0,0,0,1,0,-1,-1,-1,-1,-1,-1,-1,-1,0,-1,-1,-1,-1,-1,-1,-1,-1,-1,-1,3,-1
13,44,19,"So if I understand you correctly, you havent thought of any ways you would inflict any harm on yourself?","No... I don't think I could bring myself to do it. I just want to be left alone, really.",1,0,0,0,0,0,0,0,1,0,0,0,0,0,0,0,0,0,0,0,0,3,-1,-1,-1,-1,-1,-1,-1,0,-1,-1,-1,-1,-1,-1,-1,-1,-1,-1,-1,-1
13,44,20,"I see, you have been wishing lately to isolate yourself.  have you also noticed any changes in you concentration or decision making?","I don't know if it's just me getting older, but I find myself getting stuck on tiny things and can't seem to focus.",0,0,0,0,0,0,0,0,0,0,0,0,0,0,0,0,0,0,1,0,0,-1,-1,-1,-1,-1,-1,-1,-1,-1,-1,-1,-1,-1,-1,-1,-1,-1,-1,1,-1,-1
13,44,21,do you have any dificulty making decisions?,"Yes, I do. I'll look at a list of chores and just freeze. I don't know if it's just me, but I can't seem to make my mind up.",0,0,0,0,0,0,0,0,0,0,0,0,1,0,0,0,0,0,1,0,0,-1,-1,-1,-1,-1,-1,-1,-1,-1,-1,-1,-1,1,-1,-1,-1,-1,-1,2,-1,-1
13,44,22,"does that make you chift your mood, make you agitated maybe?","Yes, it does. I get frustrated with myself for being so indecisive. I don't know if I'm just overthinking everything, but it feels like I'm losing my grip on things.",0,0,0,0,0,0,0,0,0,0,1,0,0,1,0,0,0,0,0,0,0,-1,-1,-1,-1,-1,-1,-1,-1,-1,-1,2,-1,-1,1,-1,-1,-1,-1,-1,-1,-1
13,44,23,has besides sleep and apetite also changed your interest in sexual activity?,"No... I don't think that's changed. I don't have the energy for it, but I don't really think about it much anymore either.",0,0,0,1,0,0,0,0,0,0,0,0,0,0,0,0,0,0,0,0,1,-1,-1,-1,0,-1,-1,-1,-1,-1,-1,-1,-1,-1,-1,-1,-1,-1,-1,-1,-1,0
0,2,1,"Hello, thank you for meeting with me today. Before we get into specific questions, I'd like to hear things in your own words. Over the past couple of weeks, what changes have you noticed in your mood, thoughts, energy, or daily life that concern you the most?","I guess I just feel really drained lately. It’s hard to explain. I’m not doing anything different, but I’m just running on empty. I worry I’m just being lazy or overthinking it.",0,0,0,0,0,0,0,0,0,0,0,0,0,0,0,0,0,0,0,1,0,-1,-1,-1,-1,-1,-1,-1,-1,-1,-1,-1,-1,-1,-1,-1,-1,-1,-1,-1,2,-1
0,2,2,"It sounds frustrating to feel that exhausted without a clear explanation. Besides the fatigue, how has this been affecting the things you normally enjoy or look forward to during the week?","I haven't been able to keep up with my hobbies or the things I used to love. It’s like I’m running on empty, and even the things that used to give me energy now feel like too much effort.",0,0,0,1,0,0,0,0,0,0,0,1,0,0,0,0,0,0,0,0,0,-1,-1,-1,2,-1,-1,-1,-1,-1,-1,-1,2,-1,-1,-1,-1,-1,-1,-1,-1,-1
0,2,3,"When you're not occupied with work or responsibilities, what has your mood been like lately? Have you found yourself feeling down, discouraged, or emotionally different from your usual self?","I’ve been crying a bit more than usual, I suppose. I try to tell myself it’s just stress, but it’s hard to explain. Maybe I’m just overthinking it again.",0,0,0,0,0,0,0,1,0,1,0,0,0,0,0,0,0,0,0,0,0,-1,-1,-1,-1,-1,-1,-1,1,-1,1,-1,-1,-1,-1,-1,-1,-1,-1,-1,-1,-1
0,2,4,"You mentioned wondering whether you're overthinking things. When those thoughts come up, what do you tend to tell yourself? Do you find yourself being hard on yourself or blaming yourself for how you've been feeling?",I guess I tell myself I should be handling it better. I’m not sure why I’m making such a big deal out of it. It’s probably just a phase.,0,0,0,0,0,0,0,1,0,0,0,0,0,0,0,0,0,0,0,0,0,-1,-1,-1,-1,-1,-1,-1,2,-1,-1,-1,-1,-1,-1,-1,-1,-1,-1,-1,-1,-1
0,2,5,You've mentioned a few times that you're telling yourself it's probably just stress or a phase. What has made you start wondering that something might be different from your usual stress?,"I guess it's just the frequency of it. I'm usually pretty good at managing my workload, so I don't know why I'm falling apart over things that should be manageable.",0,0,1,0,0,0,0,1,0,0,0,0,0,0,0,0,0,0,0,0,0,-1,-1,1,-1,-1,-1,-1,2,-1,-1,-1,-1,-1,-1,-1,-1,-1,-1,-1,-1,-1
0,2,6,"When you say you're falling apart over things that used to feel manageable, what does that look like day to day? Are you finding it harder to focus, make decisions, keep up with tasks, or is it more that you don't have the energy for them?","It’s a bit of everything, I suppose. I’m just not sure how to make it stop. I guess I’m just overworked and need to get a handle on things.",0,0,0,0,0,0,0,0,0,0,0,0,1,0,0,0,0,0,0,0,0,-1,-1,-1,-1,-1,-1,-1,-1,-1,-1,-1,-1,1,-1,-1,-1,-1,-1,-1,-1,-1
0,2,7,"You mentioned not knowing how to make it stop. When you have time to rest or take a break, do you feel any better, or does the exhaustion seem to stay with you regardless of what you do?","I don't feel any better, even when I do stop. It’s like my body just won't let me catch up.",0,0,0,0,0,0,0,0,0,0,0,0,0,0,1,0,0,0,0,0,0,-1,-1,-1,-1,-1,-1,-1,-1,-1,-1,-1,-1,-1,-1,2,-1,-1,-1,-1,-1,-1
0,2,8,"That sounds exhausting. When you're trying to rest, how have you been sleeping lately? Are you able to fall asleep and stay asleep, or have you noticed changes in your sleep compared with your usual pattern?","I’m not sleeping well at all. I guess I’m just running on empty, because even after long days, I’m still tired.",0,0,0,0,0,0,0,0,0,0,0,0,0,0,0,1,0,0,0,0,0,-1,-1,-1,-1,-1,-1,-1,-1,-1,-1,-1,-1,-1,-1,-1,2,-1,-1,-1,-1,-1
0,2,9,"It sounds like this has been going on for a while. When you're at work or trying to take care of everyday responsibilities, have you noticed any changes in your concentration or memory? For example, finding it harder to stay focused, finish tasks, or keep track of things?","I’ve been making small mistakes at work, like forgetting to send emails or dropping things. I guess I’m just not paying attention.",0,0,0,0,0,0,0,0,0,0,0,0,0,0,0,0,0,0,1,0,0,-1,-1,-1,-1,-1,-1,-1,-1,-1,-1,-1,-1,-1,-1,-1,-1,-1,-1,2,-1,-1
0,2,10,"When those mistakes happen, how do you feel afterward? Do you mostly brush them off, or do you find yourself dwelling on them and being hard on yourself about it?","I guess I feel a bit embarrassed. It’s not a big deal, but I just feel like I should be able to handle things without making mistakes.",0,0,0,0,0,0,0,1,0,0,0,0,0,0,0,0,0,0,0,0,0,-1,-1,-1,-1,-1,-1,-1,2,-1,-1,-1,-1,-1,-1,-1,-1,-1,-1,-1,-1,-1
0,2,11,"It sounds like you've been carrying a lot of pressure to keep everything together. When you think about the next few weeks or months, what do you expect will happen? Do you feel things are likely to improve, stay the same, or get worse?","I guess I’m just worried it will keep going like this. I don't know how to stop it, so I’m just waiting to see if things clear up on their own.",0,1,0,0,0,0,0,0,0,0,0,0,0,0,0,0,0,0,0,0,0,-1,1,-1,-1,-1,-1,-1,-1,-1,-1,-1,-1,-1,-1,-1,-1,-1,-1,-1,-1,-1
0,2,12,"Living with this day after day sounds difficult. When you think about yourself lately, has it changed the way you see yourself as a person, or the way you feel about your own value or worth?",I guess I feel a bit useless. I’m not sure why I can’t just handle things like everyone else.,0,0,0,0,0,0,0,0,0,0,0,0,0,1,0,0,0,0,0,0,0,-1,-1,-1,-1,-1,-1,-1,-1,-1,-1,-1,-1,-1,1,-1,-1,-1,-1,-1,-1,-1
0,2,13,"When you've been struggling like this, do you ever find yourself feeling guilty about the impact it's having on other people, or feeling as though you're letting someone down?","Yes, I do. I feel like I'm failing everyone, to be honest.",0,0,1,0,1,0,0,0,0,0,0,0,0,0,0,0,0,0,0,0,0,-1,-1,1,-1,2,-1,-1,-1,-1,-1,-1,-1,-1,-1,-1,-1,-1,-1,-1,-1,-1
0,2,14,"When those thoughts about letting people down come up, do you ever find yourself feeling disappointed in who you've become or not liking yourself very much because of what you're going through?","Yes, I do. I guess I feel like I’m failing at being a good friend, wife, and employee.",0,0,1,0,1,0,1,0,0,0,0,0,0,0,0,0,0,0,0,0,0,-1,-1,1,-1,2,-1,1,-1,-1,-1,-1,-1,-1,-1,-1,-1,-1,-1,-1,-1,-1
0,2,15,"Earlier you mentioned feeling drained and overwhelmed. Underneath all of that, have you been feeling sad or low much of the time, or is it more a sense of numbness and exhaustion than sadness?","I think it’s mostly exhaustion. I’m not sure why I’m not crying more, to be honest.",1,0,0,0,0,0,0,0,0,1,0,0,0,0,0,0,0,0,0,0,0,1,-1,-1,-1,-1,-1,-1,-1,-1,1,-1,-1,-1,-1,-1,-1,-1,-1,-1,-1,-1
0,2,16,"When people are feeling worn down for a long time, they sometimes notice they're more impatient or easily annoyed than usual. Have you noticed yourself becoming more irritable with other people lately, even over small things?","Yes, I have. I guess I'm just running on empty, and it’s hard to keep a handle on things.",0,0,0,0,0,0,0,0,0,0,0,0,0,0,0,0,1,0,0,0,0,-1,-1,-1,-1,-1,-1,-1,-1,-1,-1,-1,-1,-1,-1,-1,-1,1,-1,-1,-1,-1
0,2,17,"With everything that's been going on, have you noticed any changes in your appetite or eating habits? For example, eating less than usual, eating more than usual, or finding that food just isn't as appealing as it used to be?",I haven’t been eating much. I just don’t have the energy to cook or even finish a meal.,0,0,0,0,0,0,0,0,0,0,0,0,0,0,0,0,0,1,0,0,0,-1,-1,-1,-1,-1,-1,-1,-1,-1,-1,-1,-1,-1,-1,-1,-1,-1,1,-1,-1,-1
0,2,18,"You've described feeling exhausted and overwhelmed for quite a while. During the day, do you ever find yourself feeling restless, keyed up, unable to relax, or pacing around even when you're tired?","Yes, I do. I’m not sure why, but I feel like I’m running on empty, and even when I’m tired, I’m still restless.",0,0,0,0,0,0,0,0,0,0,1,0,0,0,0,0,0,0,0,0,0,-1,-1,-1,-1,-1,-1,-1,-1,-1,-1,1,-1,-1,-1,-1,-1,-1,-1,-1,-1,-1
0,2,19,"You've been carrying a lot of guilt and self-criticism. Sometimes when people feel this way, they start to feel as though they somehow deserve what they're going through or are being punished for not coping better. Have thoughts like that come up for you at all?","Yes, I do. I guess I feel like I’m just not good at this.",0,0,0,0,0,1,0,0,0,0,0,0,0,0,0,0,0,0,0,0,0,-1,-1,-1,-1,-1,1,-1,-1,-1,-1,-1,-1,-1,-1,-1,-1,-1,-1,-1,-1,-1
0,2,20,"You've shared a lot about feeling exhausted, discouraged, and hard on yourself lately. When people have been struggling for this long, they sometimes start to feel like they want a break from everything or wish they could just disappear for a while. Have thoughts like that come up for you at all?","Yes, I have. I guess I feel like I'm failing at everything, and I just want to hide.",0,0,0,0,0,0,0,0,1,0,0,0,0,0,0,0,0,0,0,0,0,-1,-1,-1,-1,-1,-1,-1,-1,1,-1,-1,-1,-1,-1,-1,-1,-1,-1,-1,-1,-1
0,2,21,"Before we finish, I'd like to ask about one more area that can sometimes be affected when people are under a lot of stress. Over the past couple of weeks, have you noticed any change in your interest in physical affection, intimacy, or sex compared with what is normal for you?",I haven't been interested in it at all. I guess I'm just too tired to even think about it.,0,0,0,0,0,0,0,0,0,0,0,0,0,0,0,0,0,0,0,0,1,-1,-1,-1,-1,-1,-1,-1,-1,-1,-1,-1,-1,-1,-1,-1,-1,-1,-1,-1,-1,3
8,33,1,"Hi, thanks for taking the time to talk with me today. What has life been like for you over the last couple of weeks?","It’s been okay, I guess. Just busy with work and stuff. Nothing too out of the ordinary, really.",0,0,0,0,0,0,0,0,0,0,0,0,0,0,0,0,0,0,0,0,0,-1,-1,-1,-1,-1,-1,-1,-1,-1,-1,-1,-1,-1,-1,-1,-1,-1,-1,-1,-1,-1
8,33,2,"I appreciate that. I'd like to understand a bit more about how you've been feeling over the past two weeks. Have you noticed any changes in your mood, sleep, energy, appetite, or interest in activities you usually enjoy?","I think I’ve just been a bit tired lately. Work has been a bit stressful, so I haven't had the energy to do much in my free time.",0,0,0,0,0,0,0,0,0,0,0,0,0,0,0,0,0,0,0,1,0,-1,-1,-1,-1,-1,-1,-1,-1,-1,-1,-1,-1,-1,-1,-1,-1,-1,-1,-1,2,-1
8,33,3,"You mentioned feeling tired and having less energy. How has that affected your daily life? Are there activities you used to enjoy that you don't feel like doing anymore, or is it mainly because you're exhausted from work?","Just the usual things, like going out with friends. I just don't have the energy to go out as much as I used to.",0,0,0,0,0,0,0,0,0,0,0,0,0,0,1,0,0,0,0,0,0,-1,-1,-1,-1,-1,-1,-1,-1,-1,-1,-1,-1,-1,-1,1,-1,-1,-1,-1,-1,-1
8,33,4,"How have you been sleeping lately? Have you noticed any changes in your sleep, appetite, or ability to concentrate?","Sleep’s been a bit patchy. I wake up in the middle of the night sometimes, but I think it’s just stress. I'm managing to get through the day, so I’m not too worried about it.",0,0,0,0,0,0,0,0,0,0,0,0,0,0,0,1,0,0,0,0,0,-1,-1,-1,-1,-1,-1,-1,-1,-1,-1,-1,-1,-1,-1,-1,1,-1,-1,-1,-1,-1
8,33,5,"You mentioned work has been stressful. Has it affected your concentration, your ability to make decisions, or made you feel more irritable than usual?","A bit of both, I suppose. It’s just been a lot to handle lately, but I think I’m just tired and need to get back to a normal routine.",0,0,0,0,0,0,0,0,0,0,0,0,0,0,0,0,0,0,1,0,0,-1,-1,-1,-1,-1,-1,-1,-1,-1,-1,-1,-1,-1,-1,-1,-1,-1,-1,1,-1,-1
8,33,6,"When you say it's been a lot to handle, how has it affected the way you feel about yourself? Have you been feeling down, hopeless, guilty, or like you've let yourself or others down?","Maybe a bit down. I've just been frustrated with the workload and feeling like I'm not doing a good job, but I don't think that's anything unusual.",0,0,0,0,0,0,0,0,0,0,0,0,0,0,0,0,1,0,0,0,0,-1,-1,-1,-1,-1,-1,-1,-1,-1,-1,-1,-1,-1,-1,-1,-1,1,-1,-1,-1,-1
8,33,7,"Thanks for sharing that. Have you noticed any changes in your appetite or your ability to concentrate? For example, is it harder to focus at work or make decisions than it used to be?","Maybe a bit. I've been eating a bit more for dinner, probably because I’m just tired. I'm sure it will settle down once things calm down a bit.",0,0,0,0,0,0,0,0,0,0,0,0,0,0,0,0,0,1,0,0,0,-1,-1,-1,-1,-1,-1,-1,-1,-1,-1,-1,-1,-1,-1,-1,-1,-1,1,-1,-1,-1
8,33,8,"Thanks. Have you noticed any problems concentrating, making decisions, or feeling more irritable than usual?","Maybe a bit. I just need to get my head back to normal, I think.",0,0,0,0,0,0,0,0,0,0,0,0,1,0,0,0,0,0,0,0,0,-1,-1,-1,-1,-1,-1,-1,-1,-1,-1,-1,-1,1,-1,-1,-1,-1,-1,-1,-1,-1
8,33,9,How would you describe your mood most days over the past two weeks?,"Just a bit flat, I suppose. I’m just tired and need to get my energy back.",1,0,0,0,0,0,0,0,0,0,0,0,0,0,0,0,0,0,0,0,0,1,-1,-1,-1,-1,-1,-1,-1,-1,-1,-1,-1,-1,-1,-1,-1,-1,-1,-1,-1,-1
8,33,10,"I hope you come back from this. When considering the future how do you feel about the it? Do you feel hopeful, or does it seem difficult to look forward to things?",I think I’m just a bit burnt out. I just need to get some rest and focus on the positives.,0,1,0,0,0,0,0,0,0,0,0,0,0,0,0,0,0,0,0,0,0,-1,1,-1,-1,-1,-1,-1,-1,-1,-1,-1,-1,-1,-1,-1,-1,-1,-1,-1,-1,-1
8,33,11,Being positive is what really matters. How has your past failures affected you. Have you found yourself dwelling on mistakes or feeling like you've failed more than usual?,"A bit, I suppose. I’ve just been beating myself up over things I could have done differently.",0,0,1,0,0,0,0,0,0,0,0,0,0,0,0,0,0,0,0,0,0,-1,-1,2,-1,-1,-1,-1,-1,-1,-1,-1,-1,-1,-1,-1,-1,-1,-1,-1,-1,-1
8,33,12,"You should try and focus on the future and the positive achievements. When you do spend time with friends or hobbies, do you still enjoy them as much as before?","Yeah, I do. I just need to get back to my normal routine, and I think I'll be fine.",0,0,0,1,0,0,0,0,0,0,0,0,0,0,0,0,0,0,0,0,0,-1,-1,-1,2,-1,-1,-1,-1,-1,-1,-1,-1,-1,-1,-1,-1,-1,-1,-1,-1,-1
8,33,13,"I'm glad to hear you feel hopeful about getting back to your normal routine. Can I ask, have you been finding yourself blaming or criticizing yourself more than usual, or feeling guilty about things?","A bit, I suppose. I just need to work on letting go of that and focusing on the positive.",0,0,0,0,1,0,0,0,0,0,0,0,0,0,0,0,0,0,0,0,0,-1,-1,-1,-1,1,-1,-1,-1,-1,-1,-1,-1,-1,-1,-1,-1,-1,-1,-1,-1,-1
8,33,14,"Thank you for sharing that. Have you been crying more than usual, or felt like crying even if you didn't actually cry?","Maybe a bit. I’ve just been feeling a bit down, so I need to work on lifting my mood.",0,0,0,0,0,0,0,0,0,1,0,0,0,0,0,0,0,0,0,0,0,-1,-1,-1,-1,-1,-1,-1,-1,-1,1,-1,-1,-1,-1,-1,-1,-1,-1,-1,-1,-1
8,33,15,Thank you for sharing that. Have you found yourself feeling restless or more irritable than usual lately?,Maybe a bit. I just need to get my energy back.,0,0,0,0,0,0,0,0,0,0,0,0,0,0,0,0,1,0,0,0,0,-1,-1,-1,-1,-1,-1,-1,-1,-1,-1,-1,-1,-1,-1,-1,-1,1,-1,-1,-1,-1
8,33,16,Do you ever feel like you're being punished or deserve bad things to happen?,I wouldn't say that exactly. I just need to focus on getting back to a better place.,0,0,0,0,0,1,0,0,0,0,0,0,0,0,0,0,0,0,0,0,0,-1,-1,-1,-1,-1,2,-1,-1,-1,-1,-1,-1,-1,-1,-1,-1,-1,-1,-1,-1,-1
8,33,17,"If you're comfortable answering, have you noticed any change in your interest in sex?",I don't really think about it that much. I just need to get my energy back.,0,0,0,0,0,0,0,0,0,0,0,0,0,0,0,0,0,0,0,0,1,-1,-1,-1,-1,-1,-1,-1,-1,-1,-1,-1,-1,-1,-1,-1,-1,-1,-1,-1,-1,3
8,33,18,What about when it comes to suicidal thoughts?Have you had any thoughts that life isn't worth living or thoughts of harming yourself?,"No, I don't think that. I just need to get my energy back.",0,0,0,0,0,0,0,0,1,0,0,0,0,0,0,0,0,0,0,0,0,-1,-1,-1,-1,-1,-1,-1,-1,0,-1,-1,-1,-1,-1,-1,-1,-1,-1,-1,-1,-1
8,33,19,Have you felt worthless or like you don't matter in any way in this life or lately?,"No, I don't think that. I just need to work on lifting my mood.",0,0,0,0,0,0,0,0,0,0,0,0,0,1,0,0,0,0,0,0,0,-1,-1,-1,-1,-1,-1,-1,-1,-1,-1,-1,-1,-1,0,-1,-1,-1,-1,-1,-1,-1
8,33,20,Have you been feeling restless or unable to relax?,"A bit, I suppose. I just need to get back to my normal routine.",0,0,0,0,0,0,0,0,0,0,1,0,0,0,0,0,0,0,0,0,0,-1,-1,-1,-1,-1,-1,-1,-1,-1,-1,1,-1,-1,-1,-1,-1,-1,-1,-1,-1,-1
8,33,21,"Is staying home mainly because you're tired, or have you also lost interest in seeing people?","Both, probably. I just need to get my energy back.",0,0,0,0,0,0,0,0,0,0,0,1,0,0,0,0,0,0,0,0,0,-1,-1,-1,-1,-1,-1,-1,-1,-1,-1,-1,2,-1,-1,-1,-1,-1,-1,-1,-1,-1
8,33,22,Do you find yourself criticizing or blaming yourself more than usual?,Maybe a bit. I just need to work on letting go of that.,0,0,0,0,0,0,0,1,0,0,0,0,0,0,0,0,0,0,0,0,0,-1,-1,-1,-1,-1,-1,-1,1,-1,-1,-1,-1,-1,-1,-1,-1,-1,-1,-1,-1,-1
8,33,23,Finally how have you been feeling about yourself lately? Have you found yourself disliking yourself or feeling disappointed in who you are?,Not really. I just need to get back to being myself.,0,0,0,0,0,0,1,0,0,0,0,0,0,0,0,0,0,0,0,0,0,-1,-1,-1,-1,-1,-1,0,-1,-1,-1,-1,-1,-1,-1,-1,-1,-1,-1,-1,-1,-1
14,39,1,Hi. How are you?,"I'm... okay, I guess. Just trying to get through the day. It feels like I’m walking through mud, though. I’m tired all the time.",0,0,0,0,0,0,0,0,0,0,0,0,0,0,1,0,0,0,0,1,0,-1,-1,-1,-1,-1,-1,-1,-1,-1,-1,-1,-1,-1,-1,2,-1,-1,-1,-1,3,-1
14,39,2,That's tough. Why have you been so tired lately?,"Work. It’s just... I used to be able to handle it, but now it feels like climbing a mountain. I just want to go home and sleep, but then I’m wide awake at 2 am. It’s frustrating.",0,0,0,0,0,0,0,1,0,0,1,0,0,0,0,1,0,0,0,0,0,-1,-1,-1,-1,-1,-1,-1,2,-1,-1,2,-1,-1,-1,-1,3,-1,-1,-1,-1,-1
14,39,3,Has the work load changed for you?,"No, it's the same. Maybe less. But I just can't keep up. I'm just... I don't know how I used to do it.",0,0,0,0,0,0,0,0,0,0,0,1,0,0,0,0,0,0,1,1,0,-1,-1,-1,-1,-1,-1,-1,-1,-1,-1,-1,2,-1,-1,-1,-1,-1,-1,1,2,-1
14,39,4,It seems like maybe you are burnout,Yeah. That sounds right. I just... I feel like I'm losing my grip on everything.,0,1,0,0,0,0,0,0,0,0,0,0,0,0,0,0,0,0,0,0,0,-1,2,-1,-1,-1,-1,-1,-1,-1,-1,-1,-1,-1,-1,-1,-1,-1,-1,-1,-1,-1
14,39,5,How does that make you feel?,Scared. Like I’m standing on the edge of a cliff and I don't know how to get back down.,0,0,0,0,0,0,0,0,0,0,0,0,0,0,0,0,0,0,0,0,0,-1,-1,-1,-1,-1,-1,-1,-1,-1,-1,-1,-1,-1,-1,-1,-1,-1,-1,-1,-1,-1
14,39,6,Have you been feeling hopeless or you do have anything in mind to cope with this feeling?,Just... waiting. I don't know what I'd even do. I don't have the energy to try anything else.,0,0,0,0,0,0,0,0,0,0,0,0,0,0,0,0,0,0,0,0,0,-1,-1,-1,-1,-1,-1,-1,-1,-1,-1,-1,-1,-1,-1,-1,-1,-1,-1,-1,-1,-1
14,39,7,Have you gone through a slump like this before/,Yeah. It happened after my divorce. I just felt... useless. But I got through it. I just... I don't know how to get through this one.,1,0,0,0,0,0,0,0,0,0,0,0,1,0,0,0,0,0,0,0,0,2,-1,-1,-1,-1,-1,-1,-1,-1,-1,-1,-1,1,-1,-1,-1,-1,-1,-1,-1,-1
14,39,8,Were you stuck the way you are now?,No. I didn't have to choose between sleep and a panic attack every day. I didn't lose my spark.,0,0,0,0,0,0,0,0,0,0,0,0,0,0,0,0,0,0,0,0,0,-1,-1,-1,-1,-1,-1,-1,-1,-1,-1,-1,-1,-1,-1,-1,-1,-1,-1,-1,-1,-1
14,39,9,That sounds challenging. How have you been feeling about yourself?,I don't know. I used to be the person who could handle anything. Now I'm just... I don't know if I'm even capable of being a good person anymore.,0,0,1,0,0,0,1,0,0,0,0,0,0,1,0,0,0,0,0,0,0,-1,-1,0,-1,-1,-1,1,-1,-1,-1,-1,-1,-1,2,-1,-1,-1,-1,-1,-1,-1
14,39,10,Have you been expressing you tiredness through crying or talking to others?,I don't cry. I just... I get quiet. I don't want to talk about it. I just want to disappear.,0,0,0,0,0,0,0,0,0,1,0,0,0,0,0,0,0,0,0,0,0,-1,-1,-1,-1,-1,-1,-1,-1,-1,0,-1,-1,-1,-1,-1,-1,-1,-1,-1,-1,-1
14,39,11,Is there anything that makes you feel happy right now?,"Nothing. I used to love music, but it just sounds loud now. I don't get the same rush. It’s all just... noise.",0,0,0,1,0,0,0,0,0,0,0,0,0,0,0,0,1,0,0,0,0,-1,-1,-1,3,-1,-1,-1,-1,-1,-1,-1,-1,-1,-1,-1,-1,2,-1,-1,-1,-1
14,39,12,How are people around you reacting to your mental health?,They just tell me to 'snap out of it' or 'toughen up.' They don't get it. They just don't understand.,0,0,0,0,0,0,0,0,0,0,0,0,0,0,0,0,0,0,0,0,0,-1,-1,-1,-1,-1,-1,-1,-1,-1,-1,-1,-1,-1,-1,-1,-1,-1,-1,-1,-1,-1
14,39,13,Do you feel like you can or feel like a burden?,"Both. I don't want to be a burden, but I can't handle it on my own.",0,0,0,0,1,1,0,0,0,0,0,0,0,0,0,0,0,0,0,0,0,-1,-1,-1,-1,1,1,-1,-1,-1,-1,-1,-1,-1,-1,-1,-1,-1,-1,-1,-1,-1
14,39,14,Have you had any self-harming thoughts?,Yes. I... I don't want to say it out loud. I just want it to be over.,0,0,0,0,0,0,0,0,1,0,0,0,0,0,0,0,0,0,0,0,0,-1,-1,-1,-1,-1,-1,-1,-1,2,-1,-1,-1,-1,-1,-1,-1,-1,-1,-1,-1,-1
14,39,15,Okay. Have you thought of acting on it or is it just a feeling that comes and goes?,"I don't know. It comes and goes. I don't want to say it out loud, but... I don't know if I can keep going.",0,0,0,0,0,0,0,0,1,0,0,0,0,0,0,0,0,0,0,0,0,-1,-1,-1,-1,-1,-1,-1,-1,3,-1,-1,-1,-1,-1,-1,-1,-1,-1,-1,-1,-1
14,39,16,You are not alone. You can get through this this time like you did last time.,I... I don't know if I can. I feel so weak.,0,0,0,0,0,0,0,0,0,0,0,0,0,0,0,0,0,0,0,0,0,-1,-1,-1,-1,-1,-1,-1,-1,-1,-1,-1,-1,-1,-1,-1,-1,-1,-1,-1,-1,-1
14,39,17,"That is understandable but you're here and talking, that is more that enough right now",I... I guess you’re right. I’m here. I just... I need to figure out how to make it stop.,0,0,0,0,0,0,0,0,0,0,0,0,0,0,0,0,0,0,0,0,0,-1,-1,-1,-1,-1,-1,-1,-1,-1,-1,-1,-1,-1,-1,-1,-1,-1,-1,-1,-1,-1
14,39,18,Yes. Have there been any changes in appetite?,I don't eat much. It tastes bad. I just... I don't want to eat.,0,0,0,0,0,0,0,0,0,0,0,0,0,0,0,0,0,1,0,0,0,-1,-1,-1,-1,-1,-1,-1,-1,-1,-1,-1,-1,-1,-1,-1,-1,-1,2,-1,-1,-1
14,39,19,How has your social and sex life been?,"I... I don't have one. I used to care about that stuff, but now... I just can't.",0,0,0,0,0,0,0,0,0,0,0,0,0,0,0,0,0,0,0,0,1,-1,-1,-1,-1,-1,-1,-1,-1,-1,-1,-1,-1,-1,-1,-1,-1,-1,-1,-1,-1,0
12,25,1,How are you feeling generally lately?,"I am tired, even after sleeping a lot. I just wake up feeling heavy, like I am carrying a weight around that I cannot explain.",0,0,0,0,0,0,0,0,0,0,0,0,0,0,0,0,0,0,0,1,0,-1,-1,-1,-1,-1,-1,-1,-1,-1,-1,-1,-1,-1,-1,-1,-1,-1,-1,-1,2,-1
12,25,2,Are you experiencing any change in appetite?,"Not really. I eat when I have to, but it is not satisfying. I just feel like I am going through the motions of eating, without really tasting anything.",0,0,0,0,0,0,0,0,0,0,0,0,0,0,0,0,0,1,0,0,0,-1,-1,-1,-1,-1,-1,-1,-1,-1,-1,-1,-1,-1,-1,-1,-1,-1,1,-1,-1,-1
12,25,3,When you are tired even after sleeping a lot. How is your energy level in general?,"It is pretty low. I can't even walk the stairs without getting winded. I feel like I am losing my strength, like my body is just giving in.",0,0,0,0,0,0,0,0,0,0,0,0,0,0,1,0,0,0,0,0,0,-1,-1,-1,-1,-1,-1,-1,-1,-1,-1,-1,-1,-1,-1,3,-1,-1,-1,-1,-1,-1
12,25,4,"Do you also have experienced any changes in your sleeping pattern, like going to bed to completly different times?","Yes, I am not sleeping at the right hours. I lie down at three in the morning and stare at the ceiling, thinking about things I cannot control.",0,0,0,0,0,0,0,0,0,0,0,0,0,0,0,1,0,0,0,0,0,-1,-1,-1,-1,-1,-1,-1,-1,-1,-1,-1,-1,-1,-1,-1,2,-1,-1,-1,-1,-1
12,25,5,The things that you cannot control. What specific thoughts do you have?,"Just worries about the future. My mum is getting older, and I am worried that I am not doing enough to help her.",0,0,1,0,0,0,0,0,0,0,0,0,0,0,0,0,0,0,0,0,0,-1,-1,1,-1,-1,-1,-1,-1,-1,-1,-1,-1,-1,-1,-1,-1,-1,-1,-1,-1,-1
12,25,6,"These worries and that you are not doing enough, How does that make you feel?","Guilty. I feel like I should be doing more to help her, but I am just so tired all the time that I don't know what to do.",0,0,0,0,1,0,0,0,0,0,0,0,0,0,0,0,0,0,0,0,0,-1,-1,-1,-1,2,-1,-1,-1,-1,-1,-1,-1,-1,-1,-1,-1,-1,-1,-1,-1,-1
12,25,7,How does that guilt change your attitude towards yourself?,"It makes me feel like I am failing. I am not the person I used to be, and I don't know how to get back to that.",0,0,0,0,0,0,1,1,0,0,0,0,0,0,0,0,0,0,0,0,0,-1,-1,-1,-1,-1,-1,0,0,-1,-1,-1,-1,-1,-1,-1,-1,-1,-1,-1,-1,-1
12,25,8,When you say you are failing. Do you have at any time the urge to punish yourself for it?,"Sometimes. I look at my mum and I think, 'Why can't I be stronger for her?' I know that is not fair, but it feels like the truth.",0,0,0,0,0,1,0,0,0,0,0,0,0,0,0,0,0,0,0,0,0,-1,-1,-1,-1,-1,0,-1,-1,-1,-1,-1,-1,-1,-1,-1,-1,-1,-1,-1,-1,-1
12,25,9,"What are things that you have tried to be ""stronger""?","I've tried to push through the fatigue, but I just end up collapsing. I have tried to cook for her, but I just burn the food.",0,0,0,0,0,0,0,0,0,0,0,0,0,0,1,0,0,0,0,0,0,-1,-1,-1,-1,-1,-1,-1,-1,-1,-1,-1,-1,-1,-1,0,-1,-1,-1,-1,-1,-1
12,25,10,When you say that you burn the food. Do you have difficulties concentrating on for example cooking?,"Yes, my mind wanders. I start to chop vegetables and then I realize I have no idea what I am making.",0,0,0,0,0,0,0,0,0,0,0,0,0,0,0,0,0,0,1,0,0,-1,-1,-1,-1,-1,-1,-1,-1,-1,-1,-1,-1,-1,-1,-1,-1,-1,-1,0,-1,-1
12,25,11,Is cooking something that you find fun?,"Not anymore. I used to love it, but now it just feels like a chore. I look at the recipe and I just stare at it, unable to remember the next step.",0,0,0,1,0,0,0,0,0,0,0,0,0,0,0,0,0,0,0,0,0,-1,-1,-1,0,-1,-1,-1,-1,-1,-1,-1,-1,-1,-1,-1,-1,-1,-1,-1,-1,-1
12,25,12,In the example with cooking. Do you find it hard to decide what to do? What recipe you want to cook?,"I stand in front of the fridge for ages, trying to decide what to make, and I just end up making nothing because I cannot decide.",0,0,0,0,0,0,0,0,0,0,0,0,1,0,0,0,0,0,0,0,0,-1,-1,-1,-1,-1,-1,-1,-1,-1,-1,-1,-1,0,-1,-1,-1,-1,-1,-1,-1,-1
12,25,13,In the moments were you cannot decide and were you feel you are not strong enough for others. How does that make you feel about yourself?,"It makes me feel weak. I look at my mum and I think, 'Why can't I be the person she needs?' I know I am not doing enough, and it makes me feel like I am failing her.",0,0,0,0,0,0,1,1,0,0,0,0,0,1,0,0,0,0,0,0,0,-1,-1,-1,-1,-1,-1,0,0,-1,-1,-1,-1,-1,0,-1,-1,-1,-1,-1,-1,-1
12,25,14,Did you have at any time the feeling that you are not worth?,Yes. I lie there at night thinking that maybe I am not worth her love because I am not doing enough to help her.,0,0,0,0,0,0,0,0,0,0,0,0,0,1,0,0,0,0,0,0,0,-1,-1,-1,-1,-1,-1,-1,-1,-1,-1,-1,-1,-1,0,-1,-1,-1,-1,-1,-1,-1
12,25,15,At those moments did you had at any moment the urge to harm yourself?,"No, I never wanted to hurt myself. I just feel empty.",0,0,0,0,0,0,0,0,1,0,0,0,0,0,0,0,0,0,0,0,0,-1,-1,-1,-1,-1,-1,-1,-1,0,-1,-1,-1,-1,-1,-1,-1,-1,-1,-1,-1,-1
12,25,16,So I want to ask directly. Did you ever thought of suicide?,"Yes. It crosses my mind sometimes. I think about how much easier it would be if I just went away, but I know that would hurt her too much.",0,0,0,0,0,0,0,0,1,0,0,0,0,0,0,0,0,0,0,0,0,-1,-1,-1,-1,-1,-1,-1,-1,0,-1,-1,-1,-1,-1,-1,-1,-1,-1,-1,-1,-1
12,25,17,"When for example you are thinking about how it would hurt her, do you sometimes cry in such moments?",Yes. I cry a lot. I cry because I am so sorry that I am not the person she deserves.,0,0,0,0,0,0,0,0,0,1,0,0,0,0,0,0,0,0,0,0,0,-1,-1,-1,-1,-1,-1,-1,-1,-1,0,-1,-1,-1,-1,-1,-1,-1,-1,-1,-1,-1
12,25,18,On a scale from 1-10. How sad did you feel in the last two weeks in general?,I would say it is a 10. I feel like I have lost myself completely.,1,0,0,0,0,0,0,0,0,0,0,0,0,0,0,0,0,0,0,0,0,0,-1,-1,-1,-1,-1,-1,-1,-1,-1,-1,-1,-1,-1,-1,-1,-1,-1,-1,-1,-1
12,25,19,Do you sense any hope that it will get better in the next weeks?,"Not really. I think about the future, and I just don't see a way out.",0,1,0,0,0,0,0,0,0,0,0,0,0,0,0,0,0,0,0,0,0,-1,0,-1,-1,-1,-1,-1,-1,-1,-1,-1,-1,-1,-1,-1,-1,-1,-1,-1,-1,-1
12,25,20,"You said that you now view cooking only as a chore, but it was something you enjoyed. Is there any other hobby that you lost interest in?","Yes, reading. I used to love reading, but lately, I just can't focus on a book. I pick it up and I just stare at the page, and I have to put it down because I can't keep my mind on it.",0,0,0,0,0,0,0,0,0,0,0,1,1,0,0,0,0,0,1,0,0,-1,-1,-1,-1,-1,-1,-1,-1,-1,-1,-1,0,0,-1,-1,-1,-1,-1,0,-1,-1
12,25,21,Are there moments when you feel irritable because of your situation?,"Yes, all the time. I am just so tired and frustrated that I feel like I am snapping at everyone.",0,0,0,0,0,0,0,0,0,0,0,0,0,0,0,0,1,0,0,0,0,-1,-1,-1,-1,-1,-1,-1,-1,-1,-1,-1,-1,-1,-1,-1,-1,0,-1,-1,-1,-1
12,25,22,Are you in a relationsship? And how do you show the irritability there?,I am married. I am just so short-tempered. I shout at him for things he didn't even do.,0,0,0,0,0,0,0,0,0,0,0,0,0,0,0,0,1,0,0,0,0,-1,-1,-1,-1,-1,-1,-1,-1,-1,-1,-1,-1,-1,-1,-1,-1,0,-1,-1,-1,-1
12,25,23,Did your intimicy change over the last weeks?,"We don't talk as much. We just sit there together, but we don't really connect.",0,0,0,0,0,0,0,0,0,0,0,0,0,0,0,0,0,0,0,0,1,-1,-1,-1,-1,-1,-1,-1,-1,-1,-1,-1,-1,-1,-1,-1,-1,-1,-1,-1,-1,0
12,25,24,Does this effect your sex life?,We haven't had sex in weeks. I just don't have the energy.,0,0,0,0,0,0,0,0,0,0,0,0,0,0,0,0,0,0,0,0,1,-1,-1,-1,-1,-1,-1,-1,-1,-1,-1,-1,-1,-1,-1,-1,-1,-1,-1,-1,-1,0
12,25,25,In the moments where you do not have the concentration. Do you have racing thoughts or problems controlling your motion?,"Yes, I have thoughts about the past that I can't stop thinking about.",0,0,0,0,0,0,0,0,0,0,1,0,0,0,0,0,0,0,0,0,0,-1,-1,-1,-1,-1,-1,-1,-1,-1,-1,0,-1,-1,-1,-1,-1,-1,-1,-1,-1,-1
10,14,1,"Hello, why did you ask for our help?","I just feel stuck. I have a good job, but the routine is getting to me. I don't know how to break free from it.",0,0,0,0,0,0,0,0,0,0,0,0,0,0,0,0,0,0,0,0,0,-1,-1,-1,-1,-1,-1,-1,-1,-1,-1,-1,-1,-1,-1,-1,-1,-1,-1,-1,-1,-1
10,14,2,what do you mean about routine getting to you?,"It feels like I am just going through the motions. I am 45, but I feel like I am still running on the same treadmill.",0,0,0,0,0,0,0,0,0,0,0,0,0,0,0,0,0,0,0,0,0,-1,-1,-1,-1,-1,-1,-1,-1,-1,-1,-1,-1,-1,-1,-1,-1,-1,-1,-1,-1,-1
10,14,3,do you find it hard to think about a better future?,"Yeah, it's hard to picture. I'm too tired to think about it. I just get through the day and worry about the rest later.",0,1,0,0,0,0,0,0,0,0,0,0,0,0,1,0,0,0,0,1,0,-1,1,-1,-1,-1,-1,-1,-1,-1,-1,-1,-1,-1,-1,1,-1,-1,-1,-1,1,-1
10,14,4,i understand... how has been your mood these weeks?,Low. I just feel drained. But I don't want to complain. I'm fine. I'll get through it.,1,0,0,0,0,0,0,0,0,0,0,0,0,0,0,0,0,0,0,0,0,2,-1,-1,-1,-1,-1,-1,-1,-1,-1,-1,-1,-1,-1,-1,-1,-1,-1,-1,-1,-1
10,14,5,you can complain here... what kind of things comes up to your mind?,"Just little stuff. The kids are growing up, and I feel like I missed the boat. It's not a big deal, I'll manage.",0,0,0,0,0,0,0,0,0,0,0,0,0,0,0,0,0,0,0,0,0,-1,-1,-1,-1,-1,-1,-1,-1,-1,-1,-1,-1,-1,-1,-1,-1,-1,-1,-1,-1,-1
10,14,6,and when you think about past.. how is it?,"Fine. I have a mortgage, kids, the usual. I'm not complaining. I just need to get my head back in the game, I guess.",0,0,1,0,1,1,0,0,0,0,0,0,0,0,0,0,0,0,0,0,0,-1,-1,0,-1,0,0,-1,-1,-1,-1,-1,-1,-1,-1,-1,-1,-1,-1,-1,-1,-1
10,14,7,okay... and what about when you think about you? can you find good things? ,"Honestly, not much. I look at my life and think I should be further along. I guess I'm just stuck.",0,0,0,0,0,0,1,1,0,0,0,0,0,0,0,0,0,0,0,0,0,-1,-1,-1,-1,-1,-1,1,1,-1,-1,-1,-1,-1,-1,-1,-1,-1,-1,-1,-1,-1
10,14,8,have you felt more irritable or agitated these weeks?,"Yeah. I snap at the kids. I know I shouldn't, but I just can't seem to keep my cool.",0,0,0,0,0,0,0,0,0,0,1,0,0,0,0,0,1,0,0,0,0,-1,-1,-1,-1,-1,-1,-1,-1,-1,-1,1,-1,-1,-1,-1,-1,2,-1,-1,-1,-1
10,14,9,how is job going? can you do your tasks as usually? ,"It's fine. I get the work done, but I'm not on fire about it. I just go through the motions.",0,0,0,0,0,0,0,0,0,0,0,0,1,0,0,0,0,0,1,0,0,-1,-1,-1,-1,-1,-1,-1,-1,-1,-1,-1,-1,0,-1,-1,-1,-1,-1,1,-1,-1
10,14,10,have you been able to join activities that you like?,No. I don't have the energy for it. I just want to sit on the couch and watch TV.,0,0,0,0,0,0,0,0,0,0,0,1,0,0,1,0,0,0,0,0,0,-1,-1,-1,-1,-1,-1,-1,-1,-1,-1,-1,2,-1,-1,2,-1,-1,-1,-1,-1,-1
10,14,11,"and when you do these activities, can you enjoy them?",No. I sit there and think about bills. I feel like I'm wasting my time.,0,0,0,1,0,0,0,0,0,0,0,0,0,0,0,0,0,0,0,0,0,-1,-1,-1,2,-1,-1,-1,-1,-1,-1,-1,-1,-1,-1,-1,-1,-1,-1,-1,-1,-1
10,14,12,how have you been sleeping and doing meals?,Awful. I wake up tired. And eating is a chore. I just grab something quick.,0,0,0,0,0,0,0,0,0,0,0,0,0,0,0,1,0,1,0,0,0,-1,-1,-1,-1,-1,-1,-1,-1,-1,-1,-1,-1,-1,-1,-1,2,-1,2,-1,-1,-1
10,14,13,how is your relation with your wife,Fine. We just coexist. We don't really talk much anymore. We are just two adults living in the same house.,0,0,0,0,0,0,0,0,0,0,0,0,0,0,0,0,0,0,0,0,0,-1,-1,-1,-1,-1,-1,-1,-1,-1,-1,-1,-1,-1,-1,-1,-1,-1,-1,-1,-1,-1
10,14,14,has it affect to your intimate moments with her?,"Not really. We just don't have the time or energy for that anymore. It's fine. We have the kids, that's enough.",0,0,0,0,0,0,0,0,0,0,0,0,0,0,0,0,0,0,0,0,0,-1,-1,-1,-1,-1,-1,-1,-1,-1,-1,-1,-1,-1,-1,-1,-1,-1,-1,-1,-1,-1
10,14,15,and do you feel like you don't want to have sex with her?,Yeah. It's been a while. I think we are just too tired for that.,0,0,0,0,0,0,0,0,0,0,0,0,0,0,0,0,0,0,0,0,1,-1,-1,-1,-1,-1,-1,-1,-1,-1,-1,-1,-1,-1,-1,-1,-1,-1,-1,-1,-1,2
10,14,16,have you been crying more often than usual?,Yeah. I get emotional sometimes. I just feel like I'm running out of time to get things right.,0,0,0,0,0,0,0,0,0,1,0,0,0,0,0,0,0,0,0,0,0,-1,-1,-1,-1,-1,-1,-1,-1,-1,2,-1,-1,-1,-1,-1,-1,-1,-1,-1,-1,-1
10,14,17,have you felt like life is not worth it or thought about ending it?,"No. I just feel stuck. It's frustrating, but I'm not suicidal. I just need to find a way to get moving again.",0,0,0,0,0,0,0,0,1,1,0,0,0,1,0,0,0,0,0,0,0,-1,-1,-1,-1,-1,-1,-1,-1,0,1,-1,-1,-1,0,-1,-1,-1,-1,-1,-1,-1
3,48,1,Hi! how are you today?,"A bit drained, to be honest. I had a late night with work stuff, and it’s still catching up with me. Just feeling a bit foggy, you know?",0,0,0,0,0,0,0,0,0,0,0,0,0,0,1,0,0,0,0,1,0,-1,-1,-1,-1,-1,-1,-1,-1,-1,-1,-1,-1,-1,-1,3,-1,-1,-1,-1,3,-1
3,48,2,"I see, how's work been? and whay do you mean by foggy? ","Just... slow. I can’t seem to focus on anything for more than a minute. I've been checking my phone a lot, trying to distract myself from it.",0,0,0,0,0,0,0,0,0,0,0,0,0,0,0,0,0,0,1,0,0,-1,-1,-1,-1,-1,-1,-1,-1,-1,-1,-1,-1,-1,-1,-1,-1,-1,-1,3,-1,-1
3,48,3,"I see, have you seen any friends or girlfriend lately? or you've been working a lot?","Not really. I’ve been keeping to myself mostly. I don't want to bother anyone with how I’m feeling, you know? I just need to get my head back in the game.",0,0,0,0,0,0,0,0,0,0,0,0,0,0,0,0,0,0,0,1,0,-1,-1,-1,-1,-1,-1,-1,-1,-1,-1,-1,-1,-1,-1,-1,-1,-1,-1,-1,3,-1
3,48,4,how have you been feeling lately? ,"Anxious, mostly. I keep thinking I should be doing more with my life, but I just can't seem to get the motivation to start.",0,0,0,0,0,0,0,1,0,0,0,0,0,0,0,0,0,0,0,0,0,-1,-1,-1,-1,-1,-1,-1,3,-1,-1,-1,-1,-1,-1,-1,-1,-1,-1,-1,-1,-1
3,48,5,what kind of things do you feel like you should be doing in your life? ,"Just... settling down, I guess. Having a stable routine. I feel like I'm drifting a bit, and I want to get back on track.",0,0,0,0,0,0,0,0,0,0,0,0,0,0,0,0,0,0,0,0,0,-1,-1,-1,-1,-1,-1,-1,-1,-1,-1,-1,-1,-1,-1,-1,-1,-1,-1,-1,-1,-1
3,48,6,"I didnt asked you this, but how old are you? and whats your name?","I'm thirty-one. And, uh, just... Jack.",0,0,0,0,0,0,0,0,0,0,0,0,0,0,0,0,0,0,0,0,0,-1,-1,-1,-1,-1,-1,-1,-1,-1,-1,-1,-1,-1,-1,-1,-1,-1,-1,-1,-1,-1
3,48,7,"Ok Jack, i understand what you're saying. I need to ask you if you ever had any suicidal thoughts or wishes",Yeah. I have had them. It’s mostly just when I’m feeling really down about my progress. I just think I’m wasting time and that I should have been more focused.,0,0,0,0,0,0,0,0,1,0,0,0,0,0,0,0,0,0,0,0,0,-1,-1,-1,-1,-1,-1,-1,-1,3,-1,-1,-1,-1,-1,-1,-1,-1,-1,-1,-1,-1
3,48,8,"I understand. It sounds like you're putting a lot of pressure on yourself. But before we talk about that, Jack, i need to ask you a little bit mor about these suicidal thoughts you mentioned, and whether there has been a time when you've hurt yourself in any way","No, I haven't hurt myself. It's just a thought. I know I need to talk to someone about it, but it feels like a failure to admit it.",0,0,0,0,0,0,0,0,1,0,0,0,0,0,0,0,0,0,0,0,0,-1,-1,-1,-1,-1,-1,-1,-1,3,-1,-1,-1,-1,-1,-1,-1,-1,-1,-1,-1,-1
3,48,9,"I see, thank you for tellling me. It must be hard for you, but i want you to know that this is a safe place, i really want to help and understand what you're been feeling. im curious, since when have you felt this way?","It started about six months ago. I moved to a new city and just... felt disconnected. I thought it would get better, but it hasn’t really.",1,0,0,1,0,0,0,0,0,0,0,0,0,0,0,0,0,0,0,0,0,3,-1,-1,2,-1,-1,-1,-1,-1,-1,-1,-1,-1,-1,-1,-1,-1,-1,-1,-1,-1
3,48,10,why did you had to change from your city? ,"Just a fresh start, I guess. I thought it would be a clean slate, but it hasn't really worked out.",0,0,1,0,0,0,0,0,0,0,0,0,0,0,0,0,0,0,0,0,0,-1,-1,3,-1,-1,-1,-1,-1,-1,-1,-1,-1,-1,-1,-1,-1,-1,-1,-1,-1,-1
3,48,11,what do you mean by that?,"Just... I don’t have a network here. I feel like I’m starting from scratch, which is frustrating.",0,1,0,0,0,0,0,1,0,0,0,0,0,0,0,0,0,0,0,0,0,-1,2,-1,-1,-1,-1,-1,3,-1,-1,-1,-1,-1,-1,-1,-1,-1,-1,-1,-1,-1
3,48,12,I see. Moving to a new city means having to adjust to a lot of things. Do you still keep in touch with your friends from  your previous city? or with a girlfriend or boyfriend?,"Not really. I tried to keep in touch, but I got busy with work and just... lost touch.",0,1,0,0,0,0,0,0,0,0,0,1,0,0,0,0,0,0,0,0,0,-1,3,-1,-1,-1,-1,-1,-1,-1,-1,-1,2,-1,-1,-1,-1,-1,-1,-1,-1,-1
3,48,13,"You mentioned feeling foggy. Im curious about your sleep habits, and whether this tiredness has also made you feel sadder than usual","Yeah, it’s definitely affected my mood. I wake up feeling really flat, and it takes me ages to get going.",1,0,0,0,0,0,0,0,0,0,0,0,0,0,0,1,0,0,0,0,0,2,-1,-1,-1,-1,-1,-1,-1,-1,-1,-1,-1,-1,-1,-1,1,-1,-1,-1,-1,-1
3,48,14,How many hours of sleep are you having now?,"I’m getting around 5-6 hours, which is pretty low. I know I need to sort out my sleep schedule, but it feels like a big task.",0,0,0,0,0,0,0,0,0,0,0,0,0,0,0,1,0,0,0,0,0,-1,-1,-1,-1,-1,-1,-1,-1,-1,-1,-1,-1,-1,-1,-1,3,-1,-1,-1,-1,-1
3,48,15,"i see, and you said your mood has been affected. Would you explain me that with more details?","Just... I feel irritable. I snap at people I wouldn't normally. I know it’s not healthy, and I just need to find a way to regulate my emotions better.",0,0,0,0,0,0,0,0,0,0,0,0,0,0,0,0,1,0,0,0,0,-1,-1,-1,-1,-1,-1,-1,-1,-1,-1,-1,-1,-1,-1,-1,-1,3,-1,-1,-1,-1
3,48,16,Does that makes you agitated? sad? or makes you cry?,Just... frustrated. I get this knot in my chest and I feel like I'm just wasting time.,0,1,1,0,0,0,0,1,0,0,0,0,0,0,0,0,0,0,0,0,0,-1,3,3,-1,-1,-1,-1,3,-1,-1,-1,-1,-1,-1,-1,-1,-1,-1,-1,-1,-1
3,48,17,how do you feel about yourself? because i see that you put a lot of pressure under your shoulders,I feel like I've let myself down. I thought I was a bit more together than this.,0,0,0,0,0,0,0,0,0,0,0,0,0,0,0,0,0,0,0,0,0,-1,-1,-1,-1,-1,-1,-1,-1,-1,-1,-1,-1,-1,-1,-1,-1,-1,-1,-1,-1,-1
3,48,18,how does that makes you fee?,Just... guilty. Like I should be further ahead.,0,0,0,0,1,0,0,0,0,0,0,0,0,0,0,0,0,0,0,0,0,-1,-1,-1,-1,3,-1,-1,-1,-1,-1,-1,-1,-1,-1,-1,-1,-1,-1,-1,-1,-1
3,48,19,"i asked you your sleeping habits, but i dont know if those symptoms have affected other areas of your life that you can identify","Yeah, definitely. I’m just... restless. I can’t sit still.",0,0,0,0,0,0,0,0,0,0,0,0,0,0,0,0,0,0,0,1,0,-1,-1,-1,-1,-1,-1,-1,-1,-1,-1,-1,-1,-1,-1,-1,-1,-1,-1,-1,3,-1
3,48,20,how about your appetite?,"It’s been off. I eat, but I don’t really enjoy it.",0,0,0,0,0,0,0,0,0,0,0,0,0,0,0,0,0,1,0,0,0,-1,-1,-1,-1,-1,-1,-1,-1,-1,-1,-1,-1,-1,-1,-1,-1,-1,3,-1,-1,-1
3,48,21,I can imagine. Could you tell me a little bit more about what it feels like for you when you're sad. Do you tend to cry? do you become hard on yourself or criticize yourself for not having achieved certain things?,"I get a bit... prickly. I don't cry, but I just feel... disconnected. I don't know how to deal with the sadness, so I just... hide.",0,0,0,0,0,0,0,0,0,0,0,1,0,0,1,0,1,0,0,0,0,-1,-1,-1,-1,-1,-1,-1,-1,-1,-1,-1,3,-1,-1,3,-1,3,-1,-1,-1,-1
3,48,22,"so, instead of been sad, you feel irritated?",Yeah. It's easier to be mad at myself than sad. I just need to stop being so useless and get my life sorted.,0,0,0,0,0,1,0,0,0,0,0,0,0,1,0,0,0,0,0,0,0,-1,-1,-1,-1,-1,3,-1,-1,-1,-1,-1,-1,-1,3,-1,-1,-1,-1,-1,-1,-1
3,48,23,what do you mean by been useless and get your life sorted?,Just... not being productive. I feel like I’m wasting time.,0,0,0,0,0,1,1,0,0,0,0,0,0,0,0,0,0,0,0,0,0,-1,-1,-1,-1,-1,2,3,-1,-1,-1,-1,-1,-1,-1,-1,-1,-1,-1,-1,-1,-1
3,48,24,do you have anything that makes you feel a little bit better?,Just... coffee. I drink a lot of coffee.,0,0,0,0,0,0,0,0,0,0,0,0,0,0,0,0,0,1,0,0,0,-1,-1,-1,-1,-1,-1,-1,-1,-1,-1,-1,-1,-1,-1,-1,-1,-1,1,-1,-1,-1
3,48,25,where does this feeling like youre not beeing productive comes from?,Just... being in my thirties and not having achieved what I wanted.,0,0,0,0,0,0,0,0,0,0,0,0,0,0,0,0,0,0,0,0,0,-1,-1,-1,-1,-1,-1,-1,-1,-1,-1,-1,-1,-1,-1,-1,-1,-1,-1,-1,-1,-1
3,48,27,Jack?,"I wanted to be settled. I wanted a career, a family... the whole thing.",0,0,0,0,0,0,0,0,0,0,0,0,0,0,0,0,0,0,0,0,0,-1,-1,-1,-1,-1,-1,-1,-1,-1,-1,-1,-1,-1,-1,-1,-1,-1,-1,-1,-1,-1
3,48,28,"I see, do you have any girlfriend or boyfriend to talk about this?",Not really. I don't want to burden them with it.,1,0,0,0,0,0,0,0,0,0,0,0,0,0,0,0,0,0,0,0,0,1,-1,-1,-1,-1,-1,-1,-1,-1,-1,-1,-1,-1,-1,-1,-1,-1,-1,-1,-1,-1
3,48,29,"so you have a partner, but you dont talk about this with her?",No. I don't want her to see me like this.,1,0,0,0,1,0,0,0,0,0,0,0,0,0,0,0,0,0,0,0,0,2,-1,-1,-1,2,-1,-1,-1,-1,-1,-1,-1,-1,-1,-1,-1,-1,-1,-1,-1,-1
3,48,30,"ok, but can both of you spend time together?","We go out, I guess. It’s just... awkward.",1,0,0,0,0,0,0,0,0,0,0,0,1,0,0,0,0,0,0,0,0,3,-1,-1,-1,-1,-1,-1,-1,-1,-1,-1,-1,1,-1,-1,-1,-1,-1,-1,-1,-1
3,48,31,what do you mean by that?,I just... don't know how to be myself. I feel like I’m hiding behind a mask.,0,0,0,0,1,0,0,0,0,0,0,0,0,0,0,0,0,0,0,0,0,-1,-1,-1,-1,3,-1,-1,-1,-1,-1,-1,-1,-1,-1,-1,-1,-1,-1,-1,-1,-1
3,48,32,does she noticed anything about what you've been feeling?,Maybe a little. She says I’m distant.,0,0,0,0,0,0,0,0,0,0,0,0,0,0,0,0,0,0,0,0,1,-1,-1,-1,-1,-1,-1,-1,-1,-1,-1,-1,-1,-1,-1,-1,-1,-1,-1,-1,-1,3
3,48,33,and how's the libido?,It’s... low. I don't really feel like... doing anything.,0,0,0,0,0,0,0,0,0,0,1,0,0,0,0,0,0,0,0,0,0,-1,-1,-1,-1,-1,-1,-1,-1,-1,-1,3,-1,-1,-1,-1,-1,-1,-1,-1,-1,-1
3,48,34,"When you're feeling sad, do you tend to cry? and have there been times when you've felt particulary restless or agitated, like you couldnt settle down or felt very on edge?",I don't cry. I just... feel restless.,0,0,0,0,0,0,0,0,0,0,0,0,0,1,0,0,0,0,0,0,0,-1,-1,-1,-1,-1,-1,-1,-1,-1,-1,-1,-1,-1,3,-1,-1,-1,-1,-1,-1,-1
3,48,35,when have you allowed yourself to cry about hte thing that have been weighing on you?,Never. I just... hide it.,0,0,0,0,0,0,0,0,0,1,0,0,0,0,0,0,0,0,0,0,0,-1,-1,-1,-1,-1,-1,-1,-1,-1,0,-1,-1,-1,-1,-1,-1,-1,-1,-1,-1,-1
3,48,36,when was the last time you cried?,I didn't.,0,0,0,0,0,0,0,0,0,1,0,0,0,0,0,0,0,0,0,0,0,-1,-1,-1,-1,-1,-1,-1,-1,-1,0,-1,-1,-1,-1,-1,-1,-1,-1,-1,-1,-1
3,48,37,"I understand. From what you've told me, it sounds like you've been feeling more irrritable over the past six months, and that may sometimes push the sadness a little into the background. At any point during these past six months, have you cried because of how you've been feeling? i imagine all of this must be quite difficult, the move, demands of work, and not really knowing how to tell your girlfriend how you're feeling because you don't want to bother or burden her",No. I just... don't.,0,0,0,0,0,0,0,0,0,0,0,0,0,0,0,0,0,0,0,0,0,-1,-1,-1,-1,-1,-1,-1,-1,-1,-1,-1,-1,-1,-1,-1,-1,-1,-1,-1,-1,-1
10,40,1,"Hello, it's nice you meet you. Today I'll ask you a few questions to better understand how you've been feeling in the past two weeks, including today, okay? ","Sounds good. I've just been a bit tired lately, so I'm not sure what else to say.",0,0,0,0,0,0,0,0,0,0,0,0,0,0,0,0,0,0,0,1,0,-1,-1,-1,-1,-1,-1,-1,-1,-1,-1,-1,-1,-1,-1,-1,-1,-1,-1,-1,1,-1
10,40,2,Do you feel sad?,"No, not really. Just stressed. I know it's just a phase, but I am not sure how to shake it off.",1,0,0,0,0,0,0,0,0,0,0,0,0,0,0,0,0,0,0,0,0,0,-1,-1,-1,-1,-1,-1,-1,-1,-1,-1,-1,-1,-1,-1,-1,-1,-1,-1,-1,-1
10,40,3,Are you pessimistic about your future?,"I don't know. I used to think I was on the right track, but now it feels like I am just drifting.",0,1,0,0,0,0,0,0,0,0,0,0,0,0,0,0,0,0,0,0,0,-1,1,-1,-1,-1,-1,-1,-1,-1,-1,-1,-1,-1,-1,-1,-1,-1,-1,-1,-1,-1
10,40,4,Do you feel like a failure?,"No, I don't think that. I am just stuck, that's all. I will figure it out eventually.",0,0,1,0,0,0,0,0,0,0,0,0,0,0,0,0,0,0,0,0,0,-1,-1,0,-1,-1,-1,-1,-1,-1,-1,-1,-1,-1,-1,-1,-1,-1,-1,-1,-1,-1
10,40,5,do you still get pleasure from the things you enjoy?,"Not as much. I used to love football, but now it just feels like a chore. I am just going through the motions.",0,0,0,1,0,0,0,0,0,0,0,0,0,0,0,0,0,0,0,0,0,-1,-1,-1,1,-1,-1,-1,-1,-1,-1,-1,-1,-1,-1,-1,-1,-1,-1,-1,-1,-1
10,40,6,do you feel guilty about anything?,Not really. I just wish I could get back to being the person I was five years ago.,0,0,0,0,1,0,0,0,0,0,0,0,0,0,0,0,0,0,0,0,0,-1,-1,-1,-1,0,-1,-1,-1,-1,-1,-1,-1,-1,-1,-1,-1,-1,-1,-1,-1,-1
10,40,7,Have you felt like you're being punished?,"No, it's not that. I just feel like I am running on empty.",0,0,0,0,0,1,0,0,0,0,0,0,0,0,0,0,0,0,0,0,0,-1,-1,-1,-1,-1,0,-1,-1,-1,-1,-1,-1,-1,-1,-1,-1,-1,-1,-1,-1,-1
10,40,8,"So, no energy to function?","No, I manage. I just need a break, that's all.",0,0,0,0,0,0,0,0,0,0,0,0,0,0,0,0,0,0,0,1,0,-1,-1,-1,-1,-1,-1,-1,-1,-1,-1,-1,-1,-1,-1,-1,-1,-1,-1,-1,1,-1
10,40,9,do you dislike yourself?,"No, not at all. I just feel stuck.",0,0,0,0,0,0,1,0,0,0,0,0,0,0,0,0,0,0,0,0,0,-1,-1,-1,-1,-1,-1,0,-1,-1,-1,-1,-1,-1,-1,-1,-1,-1,-1,-1,-1,-1
10,40,10,are you critical with yourself',"Yeah, a bit. I keep thinking I should be doing better, but I just can't get there.",0,0,0,0,0,0,0,1,0,0,0,0,0,0,0,0,0,0,0,0,0,-1,-1,-1,-1,-1,-1,-1,1,-1,-1,-1,-1,-1,-1,-1,-1,-1,-1,-1,-1,-1
10,40,11,"I'm sorry but I have to ask this question, have you felt suicidal?","No, I am not there. I am just frustrated.",0,0,0,0,0,0,0,0,1,0,0,0,0,0,0,0,0,0,0,0,0,-1,-1,-1,-1,-1,-1,-1,-1,0,-1,-1,-1,-1,-1,-1,-1,-1,-1,-1,-1,-1
10,40,12,Do you cry often?,"No, not really. I just get annoyed.",0,0,0,0,0,0,0,0,0,1,0,0,0,0,0,0,1,0,0,0,0,-1,-1,-1,-1,-1,-1,-1,-1,-1,0,-1,-1,-1,-1,-1,-1,1,-1,-1,-1,-1
10,40,13,have you felt agitated?,"Yes, I get short with my family. I know I am not being fair, but I just can't seem to switch it off.",0,0,0,0,0,0,0,0,0,0,1,0,0,0,0,0,0,0,0,0,0,-1,-1,-1,-1,-1,-1,-1,-1,-1,-1,2,-1,-1,-1,-1,-1,-1,-1,-1,-1,-1
10,40,14,have you loss interest in things or other people?,Not really. I just feel drained. I will be fine once I get some rest.,0,0,0,0,0,0,0,0,0,0,0,1,0,0,0,0,0,0,0,0,0,-1,-1,-1,-1,-1,-1,-1,-1,-1,-1,-1,0,-1,-1,-1,-1,-1,-1,-1,-1,-1
10,40,15,do you find it hard to make decisions?,"Yeah, sometimes. I just pick the path of least resistance.",0,0,0,0,0,0,0,0,0,0,0,0,1,0,0,0,0,0,0,0,0,-1,-1,-1,-1,-1,-1,-1,-1,-1,-1,-1,-1,1,-1,-1,-1,-1,-1,-1,-1,-1
10,40,16,have you felt worthless?,"No, I am not that bad. I just feel stuck.",0,0,0,0,0,0,0,0,0,0,0,0,0,1,0,0,0,0,0,0,0,-1,-1,-1,-1,-1,-1,-1,-1,-1,-1,-1,-1,-1,0,-1,-1,-1,-1,-1,-1,-1
10,40,17,How are your energy levels? You've mention that you're tired repeteadly ,It's just a long week. I'll sleep in tomorrow and be fine.,0,0,0,0,0,0,0,0,0,0,0,0,0,0,1,0,0,0,0,0,0,-1,-1,-1,-1,-1,-1,-1,-1,-1,-1,-1,-1,-1,-1,1,-1,-1,-1,-1,-1,-1
10,40,18,any changes in your appetite?,"Not really. I eat, but I don't feel like I am really hungry.",0,0,0,0,0,0,0,0,0,0,0,0,0,0,0,0,0,1,0,0,0,-1,-1,-1,-1,-1,-1,-1,-1,-1,-1,-1,-1,-1,-1,-1,-1,-1,1,-1,-1,-1
10,40,19,and your sleep patterns?,I get a few hours. I'm fine.,0,0,0,0,0,0,0,0,0,0,0,0,0,0,0,1,0,0,0,0,0,-1,-1,-1,-1,-1,-1,-1,-1,-1,-1,-1,-1,-1,-1,-1,0,-1,-1,-1,-1,-1
10,40,20,do you find it hard to concentrate?,"Yeah, a bit. But I am managing.",0,0,0,0,0,0,0,0,0,0,0,0,0,0,0,0,0,0,1,0,0,-1,-1,-1,-1,-1,-1,-1,-1,-1,-1,-1,-1,-1,-1,-1,-1,-1,-1,1,-1,-1
10,40,21,"This is somehow a personal question but, have you lost interest in sex?","No, we still do it. It's just... routine.",0,0,0,0,0,0,0,0,0,0,0,0,0,0,0,0,0,0,0,0,1,-1,-1,-1,-1,-1,-1,-1,-1,-1,-1,-1,-1,-1,-1,-1,-1,-1,-1,-1,-1,1
10,40,22,"Okay, thank you for answering me. We'll now get your results.","You're welcome. I know it's a waste of your time, but thanks for trying.",0,0,0,0,0,0,0,0,0,0,0,0,0,0,0,0,0,0,0,0,0,-1,-1,-1,-1,-1,-1,-1,-1,-1,-1,-1,-1,-1,-1,-1,-1,-1,-1,-1,-1,-1
10,40,23,not at all ,"I know I am being a bit down, but I will get through it.",0,0,0,0,0,0,0,0,0,0,0,0,0,0,0,0,0,0,0,0,0,-1,-1,-1,-1,-1,-1,-1,-1,-1,-1,-1,-1,-1,-1,-1,-1,-1,-1,-1,-1,-1
11,45,1,how are you?,"I’m a bit tired, honestly. It’s been a long week and I haven’t had much energy to do much else besides work and sleep.",0,0,0,0,0,0,0,0,0,0,0,0,0,0,1,0,0,0,0,0,0,-1,-1,-1,-1,-1,-1,-1,-1,-1,-1,-1,-1,-1,-1,2,-1,-1,-1,-1,-1,-1
11,45,2,"oh, I undertand, i need you to think about these two last weeks. Have you been feeling sad lately?","Yeah, a bit. I have these big plans for my life, but they feel really far away right now. It’s hard to stay motivated when things are just moving so slow.",1,1,0,0,0,0,0,0,0,0,0,1,0,0,0,0,0,0,0,0,0,2,1,-1,-1,-1,-1,-1,-1,-1,-1,-1,2,-1,-1,-1,-1,-1,-1,-1,-1,-1
11,45,3,"Okay, have you been thinkg about past failures or maybe things that you enjoyed that doesn´t have that effect now?","Yeah, I have. I look at my friends who are settled down, and I just feel like I’m stuck. It makes me want to just go back to the safe thing, even if it’s not what I really want.",0,0,0,0,0,0,0,0,0,0,0,0,0,0,0,0,0,0,0,0,0,-1,-1,-1,-1,-1,-1,-1,-1,-1,-1,-1,-1,-1,-1,-1,-1,-1,-1,-1,-1,-1
11,45,4,which things have you been lossing interest of?,"Just the language courses, mostly. I was really into it last year, but it feels like a lot to keep up with the grammar and vocabulary tests. I guess I’m just not sure if it’s worth the effort right now.",0,0,0,1,0,0,0,0,0,0,0,0,0,0,0,0,0,0,0,0,0,-1,-1,-1,2,-1,-1,-1,-1,-1,-1,-1,-1,-1,-1,-1,-1,-1,-1,-1,-1,-1
11,45,5,"I undertand, maybe you have been thinking about how guilty you feel, or about self dislike ",Maybe a bit. I feel like I’m being selfish for even thinking about myself when everyone else is dealing with their own stuff.,0,0,1,0,1,0,1,0,0,0,0,0,0,0,0,0,0,0,0,0,0,-1,-1,1,-1,2,-1,2,-1,-1,-1,-1,-1,-1,-1,-1,-1,-1,-1,-1,-1,-1
11,45,6,so can we say you are punishing youself or maybe your too much critical with yourself?,"Yeah, I guess I am. I keep expecting myself to be more productive or better at things, and when I’m not, I just feel like a failure.",0,0,0,0,0,1,0,1,0,0,0,0,0,0,0,0,0,0,0,0,0,-1,-1,-1,-1,-1,2,-1,3,-1,-1,-1,-1,-1,-1,-1,-1,-1,-1,-1,-1,-1
11,45,7,and what about wishing been dead or go to sleep and do not wake up?,"No, I don't want to be dead. That’s just a silly thought. I just... I don’t know how to make things better, so I just sit here.",0,0,0,0,0,0,0,0,1,0,0,0,0,0,0,0,0,0,0,0,0,-1,-1,-1,-1,-1,-1,-1,-1,1,-1,-1,-1,-1,-1,-1,-1,-1,-1,-1,-1,-1
11,45,8,that makes you cry or been agitated?,"Yeah, it does. I feel like I’m just stuck in this loop and I don't know how to get out of it.",0,0,0,0,0,0,0,0,0,1,0,0,0,0,0,0,0,0,0,0,0,-1,-1,-1,-1,-1,-1,-1,-1,-1,2,-1,-1,-1,-1,-1,-1,-1,-1,-1,-1,-1
11,45,9,what do you mean by agitated?,"Like a low-grade anger, I guess. I get frustrated with myself for not being better, and then I just feel awful for even thinking that way.",0,0,0,0,0,0,0,0,0,0,0,0,0,0,0,0,1,0,0,0,0,-1,-1,-1,-1,-1,-1,-1,-1,-1,-1,-1,-1,-1,-1,-1,-1,2,-1,-1,-1,-1
11,45,10,and what can you tell me about decision taking situations or the feeling of been worth?,"It’s like I’m paralyzed. I see a choice, and I just can’t make it. I feel like I’m not good enough to decide what I want, so I just wait.",0,0,0,0,0,0,0,0,0,0,0,0,1,0,0,0,0,0,0,0,0,-1,-1,-1,-1,-1,-1,-1,-1,-1,-1,-1,-1,3,-1,-1,-1,-1,-1,-1,-1,-1
11,45,11,and your sense of worth?,"I guess I feel like I’m not worth anything unless I’m helping someone else. It sounds stupid, but I just feel like I’m a burden if I’m not doing anything useful.",0,0,0,0,0,0,0,0,0,0,0,0,0,1,0,0,0,0,0,0,0,-1,-1,-1,-1,-1,-1,-1,-1,-1,-1,-1,-1,-1,1,-1,-1,-1,-1,-1,-1,-1
11,45,12,and how have you been sleeping?,"Not great, usually. I just lie there thinking about how I’m not doing enough, and then I get up feeling drained.",0,0,0,0,0,0,0,0,0,0,0,0,0,0,0,1,0,0,0,0,0,-1,-1,-1,-1,-1,-1,-1,-1,-1,-1,-1,-1,-1,-1,-1,2,-1,-1,-1,-1,-1
11,45,13,and your appetite and concentration?,"It’s all just a bit dull. I eat because I have to, but I don’t really taste anything. And reading is a struggle – I start a page and then just put it down because my brain is too tired.",0,0,0,0,0,0,0,0,0,0,0,0,0,0,0,0,0,1,1,0,0,-1,-1,-1,-1,-1,-1,-1,-1,-1,-1,-1,-1,-1,-1,-1,-1,-1,2,3,-1,-1
11,45,14,and what can you tell me about sexual arousal and fatigue?,"I haven't really felt either. I mean, I haven't tried to have sex, but even just thinking about it feels like too much effort.",0,0,0,0,0,0,0,0,0,0,0,0,0,0,0,0,0,0,0,1,1,-1,-1,-1,-1,-1,-1,-1,-1,-1,-1,-1,-1,-1,-1,-1,-1,-1,-1,-1,2,3
11,45,15,and what about agitation?,"I get this... this pressure. I’m sorry, it sounds weird. It’s just like my body is tense and my mind is a mess.",0,0,0,0,0,0,0,0,0,0,1,0,0,0,0,0,0,0,0,0,0,-1,-1,-1,-1,-1,-1,-1,-1,-1,-1,3,-1,-1,-1,-1,-1,-1,-1,-1,-1,-1
7,9,1,"Do you feel sad right now, and if so, is this a constant feeling that you've been experiencing over time?","It is, yeah. It’s been a while since the breakup, but the feeling of failure is still there. It’s hard to shake off.",1,0,0,0,0,0,0,0,0,0,0,0,0,0,0,0,0,0,0,0,0,3,-1,-1,-1,-1,-1,-1,-1,-1,-1,-1,-1,-1,-1,-1,-1,-1,-1,-1,-1,-1
7,9,2,Would you say you feel pessimistic about what lies ahead? Do you think your situation will improve at some point?,"Yeah, I do. I think I just need to get used to the new normal, but it’s hard to see right now.",0,1,0,0,0,0,0,0,0,0,0,0,0,0,0,0,0,0,0,0,0,-1,3,-1,-1,-1,-1,-1,-1,-1,-1,-1,-1,-1,-1,-1,-1,-1,-1,-1,-1,-1
7,9,3,"Do you find yourself feeling like you've failed right now? And if you do, is this a feeling that has been with you over the past few years?","Yeah, definitely. I feel like I should have done something different to make it work, but I don't know what that is.",0,0,1,0,0,0,0,0,0,0,0,0,0,0,0,0,0,0,0,0,0,-1,-1,3,-1,-1,-1,-1,-1,-1,-1,-1,-1,-1,-1,-1,-1,-1,-1,-1,-1,-1
7,9,4,"Are you still able to enjoy the things you used to love doing, or has that changed recently?","Not really. I used to love painting, but I haven't picked up the brush in weeks. It just feels too... happy.",0,0,0,1,0,0,0,0,0,0,0,0,0,0,0,0,0,0,0,0,0,-1,-1,-1,3,-1,-1,-1,-1,-1,-1,-1,-1,-1,-1,-1,-1,-1,-1,-1,-1,-1
7,9,5,Do you feel guilty right now? And do you feel that way in general?,"Yeah, I do. I keep thinking I should have been better, but I don't know how to be better.",0,0,0,0,1,0,0,0,0,0,0,0,0,0,0,0,0,0,0,0,0,-1,-1,-1,-1,3,-1,-1,-1,-1,-1,-1,-1,-1,-1,-1,-1,-1,-1,-1,-1,-1
7,9,6,Do you find yourself caught up in the feeling that everything you do turns into a mistake?,"Yeah. I keep thinking I’m not good enough, so maybe I just deserve this.",0,0,0,0,0,1,0,0,0,0,0,0,0,0,0,0,0,0,0,0,0,-1,-1,-1,-1,-1,3,-1,-1,-1,-1,-1,-1,-1,-1,-1,-1,-1,-1,-1,-1,-1
7,9,7,"When you look at yourself, do you feel comfortable with what you see? Would you say you feel better, worse, or about the same toward yourself compared to before?","Worse. I just feel like I failed, and I don't know how to stop thinking about it.",0,0,0,0,0,0,1,0,0,0,0,0,0,0,0,0,0,0,0,0,0,-1,-1,-1,-1,-1,-1,0,-1,-1,-1,-1,-1,-1,-1,-1,-1,-1,-1,-1,-1,-1
7,9,8,"When you look at yourself, do you feel comfortable with what you see? Would you say you feel better, worse, or about the same toward yourself compared to before?","Worse. I just feel like I failed, and I don't know how to stop thinking about it.",0,0,0,0,0,0,1,0,0,0,0,0,0,0,0,0,0,0,0,0,0,-1,-1,-1,-1,-1,-1,3,-1,-1,-1,-1,-1,-1,-1,-1,-1,-1,-1,-1,-1,-1
7,9,9,Do you find yourself blaming or criticizing yourself a lot? Has that feeling grown stronger over time?,"Yeah, it has. I keep thinking I should have tried harder or been different, but I don't know what I could have done.",0,0,0,0,0,0,0,1,0,0,0,0,0,0,0,0,0,0,0,0,0,-1,-1,-1,-1,-1,-1,-1,3,-1,-1,-1,-1,-1,-1,-1,-1,-1,-1,-1,-1,-1
7,9,10,"Many people going through a hard time experience thoughts of suicide. Have you found yourself having any suicidal thoughts over the last few months? If so, would you say they happen occasionally, or are they quite frequent?","Not recently, but I have had those thoughts before. It’s not strong, but it’s there, and it’s hard to ignore.",0,0,0,0,0,0,0,0,1,0,0,0,0,0,0,0,0,0,0,0,0,-1,-1,-1,-1,-1,-1,-1,-1,1,-1,-1,-1,-1,-1,-1,-1,-1,-1,-1,-1,-1
7,9,11,"How have your emotions been feeling lately? Have you been crying at all during these past few months, or has it felt harder to let those tears out?","It’s been hard. I just don’t want to cry because I feel like I’m the one who messed it up, and I don't want to be the one crying about it.",0,0,0,0,0,0,0,0,0,0,0,0,0,0,0,0,0,0,0,0,0,-1,-1,-1,-1,-1,-1,-1,-1,-1,-1,-1,-1,-1,-1,-1,-1,-1,-1,-1,-1,-1
7,9,12,"Would you say it feels difficult to let your tears out right now, even when you feel like crying?","Yeah. I just keep thinking I should be stronger, and crying makes me feel weak.",0,0,0,0,0,0,0,0,0,1,0,0,0,0,0,0,0,0,0,0,0,-1,-1,-1,-1,-1,-1,-1,-1,-1,3,-1,-1,-1,-1,-1,-1,-1,-1,-1,-1,-1
7,9,13,Would you say you've been feeling more jittery or restless lately compared to how you usually feel?,"Yeah, I have. I wake up in the middle of the night and can't sleep because I just lie there thinking about it.",0,0,0,0,0,0,0,0,0,0,1,0,0,0,0,0,0,0,0,0,0,-1,-1,-1,-1,-1,-1,-1,-1,-1,-1,3,-1,-1,-1,-1,-1,-1,-1,-1,-1,-1
7,9,14,"Would you say your interest in your hobbies and connecting with others is the same as it used to be, or has that desire dropped off recently?","It's gone. I used to love painting, but now it just feels like something I used to do, not something I enjoy.",0,0,0,0,0,0,0,0,0,0,0,1,0,0,0,0,0,0,0,0,0,-1,-1,-1,-1,-1,-1,-1,-1,-1,-1,-1,2,-1,-1,-1,-1,-1,-1,-1,-1,-1
7,9,15,Would you say you're struggling to make up your mind more than you used to? Do you find yourself putting off decisions?,"Yeah, I do. I just feel like I'm not good enough, so I don't know why I would bother trying again.",0,0,0,0,0,0,0,0,0,0,0,0,0,0,0,0,0,0,0,0,0,-1,-1,-1,-1,-1,-1,-1,-1,-1,-1,-1,-1,-1,-1,-1,-1,-1,-1,-1,-1,-1
7,9,16,"Would you say it feels hard to make any choice right now, no matter how small or unimportant it might seem?","Yeah. I just feel like I'm stuck, and I don't know how to get out of it.",0,0,0,0,0,0,0,0,0,0,0,0,1,0,0,0,0,0,0,0,0,-1,-1,-1,-1,-1,-1,-1,-1,-1,-1,-1,-1,3,-1,-1,-1,-1,-1,-1,-1,-1
7,9,17,"Would you say you see yourself as equally important compared to your family or friends, or do you feel like you are worth less than they are?","Less. I keep thinking I should have been better, so maybe I don't deserve the same level of respect.",0,0,0,0,0,0,0,0,0,0,0,0,0,1,0,0,0,0,0,0,0,-1,-1,-1,-1,-1,-1,-1,-1,-1,-1,-1,-1,-1,2,-1,-1,-1,-1,-1,-1,-1
7,9,18,How has your energy been over the past few months? Have you been feeling significantly more exhausted or drained than you normally would?,"Yeah. I wake up tired, and it takes a while to get going. I just feel drained, like I'm walking through mud.",0,0,0,0,0,0,0,0,0,0,0,0,0,0,1,0,0,0,0,0,0,-1,-1,-1,-1,-1,-1,-1,-1,-1,-1,-1,-1,-1,-1,3,-1,-1,-1,-1,-1,-1
7,9,19,Have you noticed any shifts in your sleeping habits recently? Do you feel like your sleep is less restful than it used to be?,Yeah. I wake up in the middle of the night and can't sleep because I just lie there thinking about it.,0,0,0,0,0,0,0,0,0,0,0,0,0,0,0,1,0,0,0,0,0,-1,-1,-1,-1,-1,-1,-1,-1,-1,-1,-1,-1,-1,-1,-1,3,-1,-1,-1,-1,-1
7,9,20,"Do you feel irritable right now? If you do, does it feel like you're getting frustrated much more intensely or frequently than in the past?","Yeah, I do. I get angry at the smallest things, and it takes me a while to calm down.",0,0,0,0,0,0,0,0,0,0,0,0,0,0,0,0,1,0,0,0,0,-1,-1,-1,-1,-1,-1,-1,-1,-1,-1,-1,-1,-1,-1,-1,-1,3,-1,-1,-1,-1
7,9,21,Do you find yourself getting irritated more frequently now compared to how things were in the past?,"Yeah, a lot. I just get frustrated at everything, and I don't know how to stop it.",0,0,0,0,0,0,0,0,0,0,0,0,0,0,0,0,1,0,0,0,0,-1,-1,-1,-1,-1,-1,-1,-1,-1,-1,-1,-1,-1,-1,-1,-1,3,-1,-1,-1,-1
7,9,22,Have you noticed any changes in how much you want to eat? Would you say your appetite has increased or decreased compared to what is normal for you?,"It’s decreased. I just don't have the energy to cook, so I end up eating very little.",0,0,0,0,0,0,0,0,0,0,0,0,0,0,0,0,0,1,0,0,0,-1,-1,-1,-1,-1,-1,-1,-1,-1,-1,-1,-1,-1,-1,-1,-1,-1,2,-1,-1,-1
7,9,23,"Would you say your concentration is as sharp as it always has been, or does it feel like your mind is wandering and it takes a lot more effort to pay attention?","It’s not sharp. I have to read things twice just to understand them, because my brain feels foggy.",0,0,0,0,0,0,0,0,0,0,0,0,0,0,0,0,0,0,1,0,0,-1,-1,-1,-1,-1,-1,-1,-1,-1,-1,-1,-1,-1,-1,-1,-1,-1,-1,3,-1,-1
7,9,24,"Are there certain times of day, or specific activities, where you find it's still possible to focus?","Not really. I used to love painting, but now I just can't seem to get into it.",0,0,0,0,0,0,0,0,0,0,0,0,0,0,0,0,0,0,0,0,0,-1,-1,-1,-1,-1,-1,-1,-1,-1,-1,-1,-1,-1,-1,-1,-1,-1,-1,-1,-1,-1
7,9,25,Have you been feeling significantly more tired or worn out lately than you normally would?,"Yeah. I wake up tired, and it takes a while to get going. I just feel drained, like I'm walking through mud.",0,0,0,0,0,0,0,0,0,0,0,0,0,0,0,0,0,0,0,1,0,-1,-1,-1,-1,-1,-1,-1,-1,-1,-1,-1,-1,-1,-1,-1,-1,-1,-1,-1,3,-1
7,9,26,"Have you noticed any changes in your sex drive lately, or has your interest in sex stayed about the same?","It’s gone. I used to enjoy it, but now I just don't want to.",0,0,0,0,0,0,0,0,0,0,0,0,0,0,0,0,0,0,0,0,1,-1,-1,-1,-1,-1,-1,-1,-1,-1,-1,-1,-1,-1,-1,-1,-1,-1,-1,-1,-1,3
9,14,1,"Hello, how have you been feeling?","Tired a lot. I usually get to the office around 9 and I’m already yawning. I try to tell myself I’m just busy, but it’s probably just the heat.",0,0,0,0,0,0,0,0,0,0,0,0,0,0,1,0,0,0,0,1,0,-1,-1,-1,-1,-1,-1,-1,-1,-1,-1,-1,-1,-1,-1,1,-1,-1,-1,-1,1,-1
9,14,2,"okay, and does it makes it difficult to achieve your tasks? do you feel it affects on your concentration or your ability to make decisions?","A bit, yeah. I find myself staring at the screen for a minute before I remember what I’m doing. It’s probably just me being lazy.",0,0,0,0,0,0,0,0,0,0,0,0,1,0,0,0,0,0,1,0,0,-1,-1,-1,-1,-1,-1,-1,-1,-1,-1,-1,-1,0,-1,-1,-1,-1,-1,1,-1,-1
9,14,3,"i understand... how would you describe your mood these weeks?? have you been feeling sad, crying often, more irritable... or have you been feeling nervous and agitated?","A bit irritable, I suppose. I snapped at a customer in the shop yesterday because they were slow. I apologized straight away, but I shouldn't have reacted like that.",1,0,0,0,0,0,0,0,0,0,1,0,0,0,0,0,1,0,0,0,0,0,-1,-1,-1,-1,-1,-1,-1,-1,-1,0,-1,-1,-1,-1,-1,1,-1,-1,-1,-1
9,14,4,what kind of thought crosses your mind often? do you think much about future o r past?,Just the usual stuff. ‘Should I be doing more with my life?’ or ‘Is this the best I can do with my career?’ It’s probably just me overthinking it.,0,1,1,0,0,1,0,0,0,0,0,0,0,0,0,0,0,0,0,0,0,-1,0,1,-1,-1,1,-1,-1,-1,-1,-1,-1,-1,-1,-1,-1,-1,-1,-1,-1,-1
9,14,5,"i get it, and when that happens, do you feel like you begin being so critical with yourself? or you feel guilty frequently?","Yeah, definitely guilty. I’ll think I should be further along by now, and then I get annoyed with myself for not being perfect. It’s a bit of a cycle, really.",0,0,0,0,1,0,1,1,0,0,0,0,0,0,0,0,0,0,0,0,0,-1,-1,-1,-1,2,-1,1,1,-1,-1,-1,-1,-1,-1,-1,-1,-1,-1,-1,-1,-1
9,14,6,have you been doing activities that you used to enjoy? ,"Not really. I used to go out with friends on the weekends, but since the move, I haven't really found the time. It’s probably just me being lazy.",0,0,0,0,0,0,0,0,0,0,0,1,0,0,0,0,0,0,0,0,0,-1,-1,-1,-1,-1,-1,-1,-1,-1,-1,-1,2,-1,-1,-1,-1,-1,-1,-1,-1,-1
9,14,7,"ok, and when you do some activity you like, can you enjoy it?","Yeah, when I finally get around to it, I can enjoy it. I took my camera out last weekend and got some good shots. It’s nice to have something to look at and think, 'Yeah, I did that.'",0,0,0,1,0,0,0,0,0,0,0,0,0,0,0,0,0,0,0,0,0,-1,-1,-1,0,-1,-1,-1,-1,-1,-1,-1,-1,-1,-1,-1,-1,-1,-1,-1,-1,-1
9,14,8,what do you think about future? have you had any thought about ending your life?,"No, I haven't thought about that. It’s just a phase, I suppose. I’m working on getting settled and finding a better routine.",0,0,0,0,0,0,0,0,1,0,0,0,0,1,0,0,0,0,0,0,0,-1,-1,-1,-1,-1,-1,-1,-1,0,-1,-1,-1,-1,0,-1,-1,-1,-1,-1,-1,-1
9,14,9,how have you been sleeping and eating these weeks?,"Not great. I skip breakfast most days. I tell myself I’m saving money, but I know I should probably eat something.",0,0,0,0,0,0,0,0,0,0,0,0,0,0,0,0,0,1,0,0,0,-1,-1,-1,-1,-1,-1,-1,-1,-1,-1,-1,-1,-1,-1,-1,-1,-1,1,-1,-1,-1
9,14,10,and your sleep?,"It’s hit or miss. Some nights I’m up late checking emails, and others I just can’t get to sleep.",0,0,0,0,0,0,0,0,0,0,0,0,0,0,0,1,0,0,0,0,0,-1,-1,-1,-1,-1,-1,-1,-1,-1,-1,-1,-1,-1,-1,-1,2,-1,-1,-1,-1,-1
9,14,11,do you feel like having relationships with your partner?,"We talk a bit, but it feels a bit forced. I think we’re just both busy with our own things.",0,0,0,0,0,0,0,0,0,0,0,0,0,0,0,0,0,0,0,0,1,-1,-1,-1,-1,-1,-1,-1,-1,-1,-1,-1,-1,-1,-1,-1,-1,-1,-1,-1,-1,1
9,14,12,do you cry often?,"No, I don't really cry. I get annoyed sometimes, but I keep it inside.",0,0,0,0,0,0,0,0,0,1,0,0,0,0,0,0,0,0,0,0,0,-1,-1,-1,-1,-1,-1,-1,-1,-1,0,-1,-1,-1,-1,-1,-1,-1,-1,-1,-1,-1
17,35,1,"hello, how are you feeliing?","I am a bit tired, to be honest. I haven't been sleeping as well as I should be.",0,0,0,0,0,0,0,0,0,0,0,0,0,0,0,1,0,0,0,1,0,-1,-1,-1,-1,-1,-1,-1,-1,-1,-1,-1,-1,-1,-1,-1,3,-1,-1,-1,3,-1
17,35,2,"you look sad, are you well?","Yeah, I'm fine. Just a bit snappy when I wake up, that's all.",0,0,0,0,0,0,0,0,0,0,0,0,0,0,0,0,1,0,0,0,0,-1,-1,-1,-1,-1,-1,-1,-1,-1,-1,-1,-1,-1,-1,-1,-1,3,-1,-1,-1,-1
17,35,3,you look like you ve been through a lot lately. can you tell me more?,"Just work stress mostly. It's been a heavy workload, but I'm managing.",0,0,0,0,0,0,0,0,0,0,0,0,0,0,1,0,0,0,0,0,0,-1,-1,-1,-1,-1,-1,-1,-1,-1,-1,-1,-1,-1,-1,3,-1,-1,-1,-1,-1,-1
17,35,4,has anything change these past few weeks?,"Not really. Just the usual stuff. Maybe I am just overreacting to nothing, but it feels like a lot is weighing on me.",1,1,0,0,0,0,0,0,0,0,0,0,0,0,0,0,0,0,0,0,0,1,3,-1,-1,-1,-1,-1,-1,-1,-1,-1,-1,-1,-1,-1,-1,-1,-1,-1,-1,-1
17,35,5,do you have any hobbies?,I like playing guitar in my free time. It helps clear my head.,0,0,0,0,0,0,0,0,0,0,0,0,0,0,0,0,0,0,0,0,0,-1,-1,-1,-1,-1,-1,-1,-1,-1,-1,-1,-1,-1,-1,-1,-1,-1,-1,-1,-1,-1
17,35,6,can you concentrate?,"Sometimes it takes a bit to get going, but once I'm in the zone, I'm fine.",0,0,0,0,0,0,0,0,0,0,0,0,0,0,0,0,0,0,1,0,0,-1,-1,-1,-1,-1,-1,-1,-1,-1,-1,-1,-1,-1,-1,-1,-1,-1,-1,2,-1,-1
17,35,7,have you noticed anything different in particular lately?,"Just little things, like dishes piling up. I guess I'm just being a bit of a perfectionist.",0,0,0,0,0,0,0,0,0,0,0,0,0,0,0,0,0,0,0,0,0,-1,-1,-1,-1,-1,-1,-1,-1,-1,-1,-1,-1,-1,-1,-1,-1,-1,-1,-1,-1,-1
17,35,8,how do you describe yourself?,"I'm pretty laid-back, I guess. I just like to keep things simple and easy.",0,0,0,0,0,0,0,0,0,0,0,0,0,0,0,0,0,0,0,0,0,-1,-1,-1,-1,-1,-1,-1,-1,-1,-1,-1,-1,-1,-1,-1,-1,-1,-1,-1,-1,-1
17,35,9,what have you achieved lately?,"I got a promotion, which is nice. It's a bit of a weight off my shoulders, actually.",0,0,0,0,0,0,0,0,0,0,0,0,0,0,0,0,0,0,0,0,0,-1,-1,-1,-1,-1,-1,-1,-1,-1,-1,-1,-1,-1,-1,-1,-1,-1,-1,-1,-1,-1
17,35,10,are you interested in your job?,"I enjoy the work itself, but the stress is getting to me. I think I just need to find a better balance.",0,0,0,0,0,0,0,0,0,0,0,0,0,0,0,0,0,0,0,0,0,-1,-1,-1,-1,-1,-1,-1,-1,-1,-1,-1,-1,-1,-1,-1,-1,-1,-1,-1,-1,-1
17,35,11,have you experienced any anger or mixed feelinfs?,"I get a bit snappy sometimes, but I usually manage it. I just need to take a step back.",0,0,0,0,0,0,0,0,0,0,0,0,0,0,0,0,0,0,0,0,0,-1,-1,-1,-1,-1,-1,-1,-1,-1,-1,-1,-1,-1,-1,-1,-1,-1,-1,-1,-1,-1
17,35,12,have you got an active sex life?,"It's...fine. We haven't been as active as we used to be, but we're still happy.",0,0,0,0,0,0,0,0,0,0,0,0,0,0,0,0,0,0,0,0,1,-1,-1,-1,-1,-1,-1,-1,-1,-1,-1,-1,-1,-1,-1,-1,-1,-1,-1,-1,-1,2
17,35,13,have you had trouble making decisions?,Sometimes I get stuck on small things. I just need to push through it.,0,0,0,0,0,0,0,0,0,0,0,0,1,0,0,0,0,0,0,0,0,-1,-1,-1,-1,-1,-1,-1,-1,-1,-1,-1,-1,3,-1,-1,-1,-1,-1,-1,-1,-1
17,35,14,what small things exactly?,Like what to eat for dinner. I usually just end up ordering takeout.,0,0,0,0,0,0,0,0,0,0,0,0,0,0,0,0,0,0,0,0,0,-1,-1,-1,-1,-1,-1,-1,-1,-1,-1,-1,-1,-1,-1,-1,-1,-1,-1,-1,-1,-1
17,35,15,you eat like before or has something changed?,"I still eat the same, just less variety. I'm probably just being picky.",0,0,0,0,0,0,0,0,0,0,0,0,0,0,0,0,0,0,0,0,0,-1,-1,-1,-1,-1,-1,-1,-1,-1,-1,-1,-1,-1,-1,-1,-1,-1,-1,-1,-1,-1
17,35,16,do you get agitaded easily?,"I get annoyed with small things, but I don't stay angry for long.",0,0,0,0,0,0,0,0,0,0,1,0,0,0,0,0,0,0,0,0,0,-1,-1,-1,-1,-1,-1,-1,-1,-1,-1,1,-1,-1,-1,-1,-1,-1,-1,-1,-1,-1
17,35,17,in general do you think the world is a good place?,"I think it's fine. There are bad things, but there's good too.",0,0,0,0,0,0,0,0,0,0,0,0,0,0,0,0,0,0,0,0,0,-1,-1,-1,-1,-1,-1,-1,-1,-1,-1,-1,-1,-1,-1,-1,-1,-1,-1,-1,-1,-1
17,35,18,doyou have any regrets?,"I wish I'd started saving sooner, but I'm not complaining.",0,0,0,0,0,0,0,0,0,0,0,0,0,0,0,0,0,0,0,0,0,-1,-1,-1,-1,-1,-1,-1,-1,-1,-1,-1,-1,-1,-1,-1,-1,-1,-1,-1,-1,-1
17,35,19,could you elaborate on that/,"I wish I'd been more responsible with my money, but I'm making up for it now.",0,0,1,0,0,0,0,0,0,0,0,0,0,0,0,0,0,0,0,0,0,-1,-1,3,-1,-1,-1,-1,-1,-1,-1,-1,-1,-1,-1,-1,-1,-1,-1,-1,-1,-1
17,35,20,are you guilty about that?>,"I feel a bit guilty when I see my friends doing better, but I'm not beating myself up over it.",0,0,0,0,1,0,0,0,0,0,0,0,0,0,0,0,0,0,0,0,0,-1,-1,-1,-1,2,-1,-1,-1,-1,-1,-1,-1,-1,-1,-1,-1,-1,-1,-1,-1,-1
17,35,21,have you caught yourself wanting to cry?,"No, not really. I just get a bit annoyed and then I'm fine.",0,0,0,1,0,1,1,1,1,1,0,1,0,1,0,0,0,1,0,0,0,-1,-1,-1,1,-1,0,0,1,0,0,-1,1,-1,0,-1,-1,-1,1,-1,-1,-1
16,9,1,"In the last year, have you felt a constant state of sadness?",Not really. It’s more of a heavy feeling that comes and goes. I just try to focus on my work and friends to lift it.,1,0,0,0,0,0,0,0,0,0,0,0,0,0,0,0,0,0,0,0,0,1,-1,-1,-1,-1,-1,-1,-1,-1,-1,-1,-1,-1,-1,-1,-1,-1,-1,-1,-1,-1
16,9,2,"When you picture yourself in the future, do positive or negative scenarios come to mind?","Definitely positive. I see myself in a new city, maybe working on environmental projects. It keeps me motivated.",0,1,0,0,0,0,0,0,0,0,0,0,0,0,0,0,0,0,0,0,0,-1,3,-1,-1,-1,-1,-1,-1,-1,-1,-1,-1,-1,-1,-1,-1,-1,-1,-1,-1,-1
16,9,3,How do you evaluate your past achievements? Positive or negative?,Positive. I think I've done a good job considering I'm new to the field. I just wish I could have done more with the time I had.,0,0,1,0,0,0,0,0,0,0,0,0,0,0,0,0,0,0,0,0,0,-1,-1,3,-1,-1,-1,-1,-1,-1,-1,-1,-1,-1,-1,-1,-1,-1,-1,-1,-1,-1
16,9,4,"Do the same things that gave you pleasure in the past still bring you pleasure, or have you been experiencing anhedonia lately?","They do. If I’m feeling off, I just get outside or paint. It usually lifts the mood.",0,0,0,1,0,0,0,0,0,0,0,0,0,0,0,0,0,0,0,0,0,-1,-1,-1,3,-1,-1,-1,-1,-1,-1,-1,-1,-1,-1,-1,-1,-1,-1,-1,-1,-1
16,9,5,Have you experienced feelings of guilt in the last six months?,"Occasionally. I feel like I should be doing more with my free time. It passes pretty quickly, though.",0,0,0,0,1,0,0,0,0,0,0,0,0,0,0,0,0,0,0,0,0,-1,-1,-1,-1,2,-1,-1,-1,-1,-1,-1,-1,-1,-1,-1,-1,-1,-1,-1,-1,-1
16,9,6,"Have you frequently felt like you are being punished, without knowing why?","No, not really. It’s just that nagging feeling I should be doing more, but I don't dwell on it.",0,0,0,0,0,1,0,0,0,0,0,0,0,0,0,0,0,0,0,0,0,-1,-1,-1,-1,-1,1,-1,-1,-1,-1,-1,-1,-1,-1,-1,-1,-1,-1,-1,-1,-1
16,9,7,"Comparing yourself to your friends, do you see yourself as better, equal, or worse than them?","Equal, mostly. I see people who are further ahead, but I’m proud of how far I’ve come already.",0,0,0,0,0,0,1,0,0,0,0,0,0,0,0,0,0,0,0,0,0,-1,-1,-1,-1,-1,-1,0,-1,-1,-1,-1,-1,-1,-1,-1,-1,-1,-1,-1,-1,-1
16,9,8,"Are you usually hard on yourself?""",Sometimes. I think I could be more disciplined with my finances. But I try to be kind to myself about it.,0,0,0,0,0,0,0,1,0,0,0,0,0,0,0,0,0,0,0,0,0,-1,-1,-1,-1,-1,-1,-1,1,-1,-1,-1,-1,-1,-1,-1,-1,-1,-1,-1,-1,-1
16,9,9,"Over the last year, have you experienced suicidal thoughts or tried to escape from reality?","No, I don't think I've ever seriously considered that. I just try to focus on what I can control.",0,0,0,0,0,0,0,0,1,0,0,0,0,0,0,0,0,0,0,0,0,-1,-1,-1,-1,-1,-1,-1,-1,0,-1,-1,-1,-1,-1,-1,-1,-1,-1,-1,-1,-1
16,9,10,"Even so, have you had an uncontrollable, suicidal thought that came to you as a way to escape reality?","No, never. I just feel the heavy feeling, but I wouldn't say it's ever been overwhelming.",0,0,0,0,0,0,0,0,1,0,0,0,0,0,0,0,0,0,0,0,0,-1,-1,-1,-1,-1,-1,-1,-1,0,-1,-1,-1,-1,-1,-1,-1,-1,-1,-1,-1,-1
16,9,11,"Have you cried in the last few months? If yes, how often?","Yes, definitely. Maybe once a week? It’s usually just a release after a tough day.",0,0,0,0,0,0,0,0,0,1,0,0,0,0,0,0,0,0,0,0,0,-1,-1,-1,-1,-1,-1,-1,-1,-1,2,-1,-1,-1,-1,-1,-1,-1,-1,-1,-1,-1
16,9,12,How nervous or agitated are you in your day-to-day life?,"Not really. I might feel a bit restless if I've been sitting still for a while, but it doesn't keep me up at night.",0,0,0,0,0,0,0,0,0,0,1,0,0,0,0,0,0,0,0,0,0,-1,-1,-1,-1,-1,-1,-1,-1,-1,-1,1,-1,-1,-1,-1,-1,-1,-1,-1,-1,-1
16,9,13,"Compared to how you used to be, do you feel like you've lost interest in your hobbies or things that matter to you?","No, I still love hiking and painting. I just need to make sure I schedule that time in my calendar.",0,0,0,0,0,0,0,0,0,0,0,1,0,0,0,0,0,0,0,0,0,-1,-1,-1,-1,-1,-1,-1,-1,-1,-1,-1,0,-1,-1,-1,-1,-1,-1,-1,-1,-1
16,9,14,Have you been having trouble making decisions over the last few months?,"Not really. I might second-guess myself a bit, but I usually trust my instincts.",0,0,0,0,0,0,0,0,0,0,0,0,1,0,0,0,0,0,0,0,0,-1,-1,-1,-1,-1,-1,-1,-1,-1,-1,-1,-1,1,-1,-1,-1,-1,-1,-1,-1,-1
16,9,15,Do you feel like a valuable person who can contribute to the lives of those around you?,"I do. I feel like I’m doing my part, even if I’m not perfect at everything.",0,0,0,0,0,0,0,0,0,0,0,0,0,1,0,0,0,0,0,0,0,-1,-1,-1,-1,-1,-1,-1,-1,-1,-1,-1,-1,-1,0,-1,-1,-1,-1,-1,-1,-1
16,9,16,Do you feel like you have less energy than you used to?,"Not really. I might need a nap after a long hike, but I’m not feeling drained all the time.",0,0,0,0,0,0,0,0,0,0,0,0,0,0,1,0,0,0,0,0,0,-1,-1,-1,-1,-1,-1,-1,-1,-1,-1,-1,-1,-1,-1,0,-1,-1,-1,-1,-1,-1
16,9,17,"Has your sleep changed lately? Meaning, are you sleeping more or less, or is your sleep quality worse?","I sleep pretty well. Maybe I wake up once or twice, but it doesn't last.",0,0,0,0,0,0,0,0,0,0,0,0,0,0,0,1,0,0,0,0,0,-1,-1,-1,-1,-1,-1,-1,-1,-1,-1,-1,-1,-1,-1,-1,1,-1,-1,-1,-1,-1
16,9,18,Do you experience irritability in the absence of a provoking situation?,"No, not really. I might get annoyed if someone is late, but I don't just snap at people for no reason.",0,0,0,0,0,0,0,0,0,0,0,0,0,0,0,0,1,0,0,0,0,-1,-1,-1,-1,-1,-1,-1,-1,-1,-1,-1,-1,-1,-1,-1,-1,0,-1,-1,-1,-1
16,9,19,"Have you noticed a change in your appetite over the past few months? Specifically, has your food intake increased or decreased?","I eat pretty normally. Maybe a bit less on busy days, but I’m not eating a lot more than usual.",0,0,0,0,0,0,0,0,0,0,0,0,0,0,0,0,0,1,0,0,0,-1,-1,-1,-1,-1,-1,-1,-1,-1,-1,-1,-1,-1,-1,-1,-1,-1,1,-1,-1,-1
16,9,20,Do you feel like it's harder for you to focus lately?,"Not really. I might get distracted by my phone, but I can usually stay on track with my tasks.",0,0,0,0,0,0,0,0,0,0,0,0,0,0,0,0,0,0,1,0,0,-1,-1,-1,-1,-1,-1,-1,-1,-1,-1,-1,-1,-1,-1,-1,-1,-1,-1,1,-1,-1
16,9,21,Have you recently experienced unexplained fatigue that is not related to extreme exercise or hot weather?,"No, I don't feel tired for no reason. I might be a bit sluggish in the morning, but that’s just being a normal person.",0,0,0,0,0,0,0,0,0,0,0,0,0,0,0,0,0,0,0,1,0,-1,-1,-1,-1,-1,-1,-1,-1,-1,-1,-1,-1,-1,-1,-1,-1,-1,-1,-1,1,-1
16,9,22,"Have you experienced a recent change in your sexual appetite, either independently or within your relationships?","No, my interest in that area hasn't changed.",0,0,0,0,0,0,0,0,0,0,0,0,0,0,0,0,0,0,0,0,1,-1,-1,-1,-1,-1,-1,-1,-1,-1,-1,-1,-1,-1,-1,-1,-1,-1,-1,-1,-1,0
16,9,23,How do you evaluate your past achievements? Positive or negative?,Positive. I think I’ve done a good job considering I’m new to the field.,0,0,1,0,0,0,0,0,0,0,0,0,0,0,0,0,0,0,0,0,0,-1,-1,0,-1,-1,-1,-1,-1,-1,-1,-1,-1,-1,-1,-1,-1,-1,-1,-1,-1,-1
9,8,1,"Are you feeling symptoms of sadness? If yes, how often?","I get a bit down sometimes, but it’s mostly just frustration with the move. I keep telling myself I'll settle in eventually, but it’s hard to see that right now.",0,1,0,0,0,0,0,0,0,0,0,0,0,0,0,0,0,0,0,0,0,-1,2,-1,-1,-1,-1,-1,-1,-1,-1,-1,-1,-1,-1,-1,-1,-1,-1,-1,-1,-1
9,8,2,Do you still experience pleasure in things you do know? ,"Yeah, I do. I actually enjoyed cooking a new recipe the other day. It’s just the day-to-day stuff that feels dull.",0,0,0,0,0,0,0,0,0,0,0,1,0,0,0,0,0,0,0,0,0,-1,-1,-1,-1,-1,-1,-1,-1,-1,-1,-1,2,-1,-1,-1,-1,-1,-1,-1,-1,-1
9,8,3,So you say day-to-day stuff feels dull. Is that also because you feel tired? Do you experience loss of energy you would say?,"A bit, yeah. I don't have the same energy I used to. I try to tell myself I'm just adjusting, but it feels like I'm running on empty sometimes.",0,1,0,1,0,0,0,0,0,0,0,0,0,0,1,0,0,0,0,1,0,-1,3,-1,2,-1,-1,-1,-1,-1,-1,-1,-1,-1,-1,3,-1,-1,-1,-1,2,-1
9,8,4,How you do feel about yourself? Do you like the way you are? And do you feel like you are generally critical to yourself?,"I guess I feel a bit behind. I thought I'd be more settled by now. It’s probably just me being picky, but I feel like I’m not doing great.",0,0,0,0,0,0,1,1,0,0,0,0,0,0,0,0,0,0,0,0,0,-1,-1,-1,-1,-1,-1,2,2,-1,-1,-1,-1,-1,-1,-1,-1,-1,-1,-1,-1,-1
9,8,5,And where does this feeling come from? Are you feeling like something did not go well in the past? Or do you have a feeling of guilt towards someone of something?,"Just a general feeling of not quite being there yet, I suppose. I keep thinking I should be more sorted out, but I guess I’m just working on it.",0,1,0,0,0,0,0,1,0,0,0,0,0,0,0,0,0,0,0,0,0,-1,3,-1,-1,-1,-1,-1,3,-1,-1,-1,-1,-1,-1,-1,-1,-1,-1,-1,-1,-1
9,8,6,"Okay. And some other questions, did you notice any changes in your sleeping pattern or appetite lately?","My appetite dropped a bit. I just wasn't interested in food, but I'm getting back to normal now.",0,0,0,0,0,0,0,0,0,0,0,0,0,0,0,0,0,1,0,0,0,-1,-1,-1,-1,-1,-1,-1,-1,-1,-1,-1,-1,-1,-1,-1,-1,-1,2,-1,-1,-1
9,8,7,What about your sleeping pattern?,"It’s been a bit off. I go to bed late and then lie there a bit, but I’m working on getting a better routine.",0,0,0,0,0,0,0,0,0,0,0,0,0,0,0,1,0,0,0,0,0,-1,-1,-1,-1,-1,-1,-1,-1,-1,-1,-1,-1,-1,-1,-1,2,-1,-1,-1,-1,-1
9,8,8,Did you also notice any feelings of irritability of agitation? Maybe towards yourself or towards others?,"A bit, yeah. I snapped at a friend for nothing. I was just tired, I think. I’m working on keeping it together better.",0,0,0,0,0,0,0,0,0,0,1,0,0,0,0,0,1,0,0,1,0,-1,-1,-1,-1,-1,-1,-1,-1,-1,-1,2,-1,-1,-1,-1,-1,2,-1,-1,3,-1
9,8,9,"And a bit of a heavier question, have you experienced any thoughts about not wanting to live anymore lately? I understand that this is very personal, but know that we are in a safe space.  ","No, no. I wouldn't say that. It’s just the moving thing. I'm trying to stay positive and get settled.",0,0,0,0,0,0,0,0,1,0,0,0,0,0,0,0,0,0,0,0,0,-1,-1,-1,-1,-1,-1,-1,-1,0,-1,-1,-1,-1,-1,-1,-1,-1,-1,-1,-1,-1
9,8,10,"Okay, so from what I understand you also dont really experience feelings of worthlessness or punishment feelings?","No, I don't feel that way. It’s more just a feeling of being stuck than anything else.",0,0,0,0,0,1,0,0,0,0,0,0,0,1,0,0,0,0,0,0,0,-1,-1,-1,-1,-1,0,-1,-1,-1,-1,-1,-1,-1,0,-1,-1,-1,-1,-1,-1,-1
9,8,11,"Earlier you said you feel a bit down sometimes, do you often cry?","No, not really. I just feel a bit frustrated, mostly with the house.",1,0,0,0,0,0,0,0,0,1,0,0,0,0,0,0,0,0,0,0,0,1,-1,-1,-1,-1,-1,-1,-1,-1,0,-1,-1,-1,-1,-1,-1,-1,-1,-1,-1,-1
9,8,12,"I understand that you feel frustrated with the moving and the house. Do you experience any feelings of guilt, or think about something that went wrong in the past?","No, I try not to dwell on that. I'm just trying to get settled.",0,0,1,0,1,0,0,0,0,0,0,0,0,0,0,0,0,0,0,0,0,-1,-1,1,-1,0,-1,-1,-1,-1,-1,-1,-1,-1,-1,-1,-1,-1,-1,-1,-1,-1
9,8,13,And what about feelings of indecisiveness or loss of concentration?,"I get a bit stuck on things sometimes, but I’m working on breaking the cycle.",0,0,0,0,0,0,0,0,0,0,0,0,1,0,0,0,0,0,1,0,0,-1,-1,-1,-1,-1,-1,-1,-1,-1,-1,-1,-1,2,-1,-1,-1,-1,-1,1,-1,-1
9,8,14,"I understand. It is good that you are trying to break the cycle. A last question, do you experience any loss of interest in sex?","Not really, no. It’s just the daily routine that feels dull.",0,0,0,0,0,0,0,0,0,0,0,0,0,0,0,0,0,0,0,0,1,-1,-1,-1,-1,-1,-1,-1,-1,-1,-1,-1,-1,-1,-1,-1,-1,-1,-1,-1,-1,0
6,18,1,Hello can you tell me your current mental symptoms,"Honestly, it feels like I’m stuck in a loop. I wake up tired, I go to sleep tired. I just feel drained all the time, even when I haven't done much.",0,0,0,0,0,0,0,0,0,0,0,1,0,0,0,0,0,0,0,1,0,-1,-1,-1,-1,-1,-1,-1,-1,-1,-1,-1,1,-1,-1,-1,-1,-1,-1,-1,3,-1
6,18,2,"I am so sorry to hear that, does this make you irritable or agitated","It makes me quiet. I used to be the one making jokes, but now I just sit there. It feels like I’m losing myself in this quiet.",0,0,0,0,0,0,0,0,0,0,0,0,0,0,0,0,0,0,0,0,0,-1,-1,-1,-1,-1,-1,-1,-1,-1,-1,-1,-1,-1,-1,-1,-1,-1,-1,-1,-1,-1
6,18,3,"i am so sorry, do you feel constantly sad or find yourself crying often ","It's not really crying, it's just... tears come. I look at my phone and I just see all the things I used to have, and I don't know how to get them back.",1,0,0,0,0,0,0,0,0,1,0,0,0,0,0,0,0,0,0,0,0,3,-1,-1,-1,-1,-1,-1,-1,-1,2,-1,-1,-1,-1,-1,-1,-1,-1,-1,-1,-1
6,18,4,does this mean you often reflect on past failures that lead to any feelings of self dislike ,"Yes. I see the divorce and I think, 'What was I doing wrong? Why did I let that happen?' It feels like I'm just reliving the same mistakes over and over.",0,0,1,0,0,0,1,1,0,0,0,0,0,0,0,0,0,0,0,0,0,-1,-1,3,-1,-1,-1,1,2,-1,-1,-1,-1,-1,-1,-1,-1,-1,-1,-1,-1,-1
6,18,5,I understand how difficult that could be. Do these mistakes cause you to feel worthless ,"All the time. I look at my life and I see nothing ahead of me. I'm just stuck in this loop of sadness, and it feels like nobody can help me fix it.",0,0,0,0,0,0,0,0,0,0,0,0,0,1,0,0,0,0,0,0,0,-1,-1,-1,-1,-1,-1,-1,-1,-1,-1,-1,-1,-1,3,-1,-1,-1,-1,-1,-1,-1
6,18,6,"I am so sorry to hear that. Have you noticed any changes in your sleeping pattern, appetite, or interest in sex?","Sleep is a struggle. I lie there for hours, thinking about everything. And sex... I haven't had it in months. It feels like a part of me is just gone.",0,0,0,0,0,0,0,0,0,0,0,0,0,0,0,1,0,0,0,0,1,-1,-1,-1,-1,-1,-1,-1,-1,-1,-1,-1,-1,-1,-1,-1,2,-1,-1,-1,-1,3
6,18,7,and what about your appetite,"I used to love cooking, but now I just stare at the fridge. I eat, but I don't really taste anything. It feels like my body is just going through the motions, not really living.",0,0,0,1,0,0,0,0,0,0,0,0,0,0,1,0,0,1,0,0,0,-1,-1,-1,3,-1,-1,-1,-1,-1,-1,-1,-1,-1,-1,1,-1,-1,3,-1,-1,-1
6,18,8,"i am so sorry to hear that sounds so difficult, do you think you are constantly on edge","Constantly. I wake up thinking about it, and I go to bed thinking about it. I feel like I'm just waiting for the other shoe to drop, and I don't know how much longer I can keep this up.",0,0,0,0,1,0,0,0,0,0,0,0,0,0,0,0,1,0,0,0,0,-1,-1,-1,-1,1,-1,-1,-1,-1,-1,-1,-1,-1,-1,-1,-1,2,-1,-1,-1,-1
6,18,9,do you ever have difficulty concentrating on various tasks ,"All the time. I try to focus on work, but my mind just wanders. I look at the clock and I think, 'Why am I even here?' It feels like I'm just going through the motions.",0,0,0,0,0,0,0,0,0,0,0,0,0,0,0,0,0,0,1,0,0,-1,-1,-1,-1,-1,-1,-1,-1,-1,-1,-1,-1,-1,-1,-1,-1,-1,-1,3,-1,-1
6,18,10,i am so sorry to hear that do feel agitated at times as a result,Yes. I get frustrated with myself because I can't seem to turn it off. It feels like my brain is stuck on repeat.,0,0,0,0,0,1,0,0,0,0,1,0,0,0,0,0,0,0,0,0,0,-1,-1,-1,-1,-1,2,-1,-1,-1,-1,2,-1,-1,-1,-1,-1,-1,-1,-1,-1,-1
6,18,11,"i understand what you mean, do you feel this has given you a pessimisitcview?",Completely. I look at the future and I just see more of this. I don't know how to get out of it.,0,1,0,0,0,0,0,0,0,0,0,0,0,0,0,0,0,0,0,0,0,-1,3,-1,-1,-1,-1,-1,-1,-1,-1,-1,-1,-1,-1,-1,-1,-1,-1,-1,-1,-1
6,18,12,"i am so sorry i hope we can help you get through this, do you ever feel indecive about what to do ","Yes. I look at the phone and I think, 'What's the point?' I don't know what I'm supposed to be doing with my life, and I don't know how to fix it.",0,0,0,0,0,0,0,0,0,0,0,0,1,0,0,0,0,0,0,0,0,-1,-1,-1,-1,-1,-1,-1,-1,-1,-1,-1,-1,2,-1,-1,-1,-1,-1,-1,-1,-1
6,18,13,i apoligize and this next question may be hard to answer: do you ever have sucidal thought or wishes ,"Sometimes. It's not a plan, it's just a thought. I look at the clock and I think, 'What's the point of going on?' But I don't think about it too much. I just cry myself to sleep.",0,0,0,0,0,0,0,0,1,0,0,0,0,0,0,0,0,0,0,0,0,-1,-1,-1,-1,-1,-1,-1,-1,1,-1,-1,-1,-1,-1,-1,-1,-1,-1,-1,-1,-1
7,43,1,"Hi, thanks for speaking with me. I’d like to understand how you’ve been feeling over the past two weeks. Could you tell me what your mood has been like recently, and whether you’ve been feeling sad, down, or discouraged about the future?","It’s been mostly quiet. I don't really want to be around people, because I just end up thinking about the past and how I maybe could have done things differently.",0,0,1,0,0,0,0,0,0,0,0,1,0,0,0,0,0,0,0,0,0,-1,-1,0,-1,-1,-1,-1,-1,-1,-1,-1,0,-1,-1,-1,-1,-1,-1,-1,-1,-1
7,43,2,"It sounds like being around other people brings up a lot of regret and thoughts about things you wish had gone differently. When those thoughts come up, how do they make you feel about yourself and about the future?","Like I’m stuck. I keep thinking maybe I should have spoken up or tried harder, and now I'm just left with this emptiness that I don't know how to fill.",0,0,1,0,0,0,0,1,0,0,0,0,0,0,0,0,0,0,0,0,0,-1,-1,0,-1,-1,-1,-1,0,-1,-1,-1,-1,-1,-1,-1,-1,-1,-1,-1,-1,-1
7,43,3,"When you describe that emptiness, has it made it harder to enjoy things you would normally enjoy or care about? And when you think about what happened, has it changed how you see yourself as a person?","Yeah, it’s hard to enjoy anything right now. It feels like the fun has been sucked out of everything, and I just don't see the point in doing things I used to like.",0,0,0,1,0,0,0,0,0,0,0,1,0,0,0,0,0,0,0,0,0,-1,-1,-1,0,-1,-1,-1,-1,-1,-1,-1,0,-1,-1,-1,-1,-1,-1,-1,-1,-1
7,43,4,"That sounds like a significant change from how you usually feel. Over the past two weeks, have you also been feeling sad or down most of the time? And have you found yourself blaming yourself or feeling guilty about what happened?",Mostly. I wake up in the morning and just lie there thinking about how I could have stopped it from ending.,1,0,0,0,1,0,0,0,0,0,0,0,0,0,0,0,0,0,0,0,0,0,-1,-1,-1,0,-1,-1,-1,-1,-1,-1,-1,-1,-1,-1,-1,-1,-1,-1,-1,-1
7,43,5,"When you think about the future now, what do you expect things to be like? And has what happened made you feel differently about your own worth or about yourself as a person?","I don't know. I just feel like I'm stuck in this loop, thinking about the past and wondering how I could have done things differently.",0,0,1,0,0,0,0,1,0,0,0,0,0,0,0,0,0,0,0,0,0,-1,-1,1,-1,-1,-1,-1,1,-1,-1,-1,-1,-1,-1,-1,-1,-1,-1,-1,-1,-1
7,43,6,"Has what happened changed the way you see yourself? Do you find yourself disliking yourself, feeling less worthy, or judging yourself more harshly than you used to?","Yeah, I do. I feel like I failed, and I don't know how to get out of that feeling.",0,0,1,0,0,0,0,1,0,0,0,0,0,0,0,0,0,0,0,0,0,-1,-1,1,-1,-1,-1,-1,1,-1,-1,-1,-1,-1,-1,-1,-1,-1,-1,-1,-1,-1
7,43,7,"Do you feel less valuable or worthwhile as a person because of what happened? And when you think about yourself now, do you actually dislike who you are?","Yeah, I do. I keep thinking I should have been better, and I just don't know how to stop that thought.",0,0,0,0,0,0,1,1,0,0,0,0,0,1,0,0,0,0,0,0,0,-1,-1,-1,-1,-1,-1,1,1,-1,-1,-1,-1,-1,1,-1,-1,-1,-1,-1,-1,-1
7,43,8,"When you think about the future, do you feel hopeful that things can improve, or does it seem like things will stay this way? And have you had any thoughts that you would be better off dead, or thoughts of hurting yourself?","Not really. It just feels like I'm stuck in this cycle of thinking about the past, and I don't see a way out of it.",0,1,0,0,0,0,0,0,0,0,0,0,0,0,0,0,0,0,0,0,0,-1,2,-1,-1,-1,-1,-1,-1,-1,-1,-1,-1,-1,-1,-1,-1,-1,-1,-1,-1,-1
7,43,9,"I want to ask you something directly because it’s important. Have you had any thoughts that you would be better off dead, or any thoughts of hurting or killing yourself?",Yeah. I have. It’s just really hard to keep going when you feel like you've let everyone down and there's no way to fix it.,0,0,0,0,1,0,0,0,1,0,0,0,0,1,0,0,0,0,0,0,0,-1,-1,-1,-1,1,-1,-1,-1,1,-1,-1,-1,-1,1,-1,-1,-1,-1,-1,-1,-1
7,43,10,"Thank you for telling me. I want to understand how immediate these thoughts are. Do you actually want to die, or have you made any plans or thought about how you might hurt yourself?","No, I haven't. I just keep thinking it would be easier if I wasn't here.",0,0,0,0,0,0,0,0,1,0,0,0,0,0,0,0,0,0,0,0,0,-1,-1,-1,-1,-1,-1,-1,-1,1,-1,-1,-1,-1,-1,-1,-1,-1,-1,-1,-1,-1
7,43,11,"I’d also like to understand how this has been affecting you day to day. Over the past two weeks, have you noticed any changes in your sleep or appetite, your energy or tiredness, your ability to concentrate or make decisions, or how irritable or restless you feel?","Everything feels heavier. I sleep okay, but I wake up and just lie there thinking about it.",0,0,0,0,0,0,0,0,0,0,0,0,0,0,1,1,0,0,0,1,0,-1,-1,-1,-1,-1,-1,-1,-1,-1,-1,-1,-1,-1,-1,1,0,-1,-1,-1,1,-1
7,43,12,"Apart from sleep, have you noticed any changes in your appetite, concentration, ability to make decisions, irritability, restlessness, crying, or interest in sex? And do you ever feel like you deserve to be punished for what happened?","I eat, but it's just going through the motions. I don't really see the point in doing anything right now.",0,0,0,1,0,0,0,0,0,0,0,1,0,0,0,0,0,1,0,0,0,-1,-1,-1,2,-1,-1,-1,-1,-1,-1,-1,2,-1,-1,-1,-1,-1,0,-1,-1,-1
7,43,13,"I want to check a few other areas so I don’t miss anything. Have you been crying more than usual, feeling restless or unable to sit still, becoming more irritable, having trouble concentrating or making decisions, or noticing less interest in sex? And do you ever feel that you deserve to be punished for what happened?","Yeah, I cry a lot. I just feel like I'm stuck in this loop and I don't know how to get out of it.",0,1,0,0,0,0,0,0,0,1,0,0,0,0,0,0,0,0,0,0,0,-1,2,-1,-1,-1,-1,-1,-1,-1,1,-1,-1,-1,-1,-1,-1,-1,-1,-1,-1,-1
7,43,14,"I just want to check a few remaining areas. Do you ever feel that you deserve to be punished for what happened? Have you been more restless or agitated, more irritable, had trouble making decisions or concentrating, or noticed any change in your interest in sex?","I think I do deserve it. I just feel like I should have been better, and I don't know how to forgive myself.",0,0,0,0,0,1,0,0,0,0,0,0,0,0,0,0,0,0,0,0,0,-1,-1,-1,-1,-1,1,-1,-1,-1,-1,-1,-1,-1,-1,-1,-1,-1,-1,-1,-1,-1
7,43,15,"Have you been feeling more restless or agitated than usual, more irritable, having trouble making decisions or concentrating, or noticed any decrease in your interest in sex?","Yeah. I’m just restless. I can't sit still, and I don't know how to stop thinking about it.",0,0,0,0,0,0,0,0,0,0,1,0,0,0,0,0,0,0,1,0,0,-1,-1,-1,-1,-1,-1,-1,-1,-1,-1,2,-1,-1,-1,-1,-1,-1,-1,1,-1,-1
7,43,16,"I just want to check four final areas. Could you tell me briefly about each one: have you had more trouble making decisions, been more irritable than usual, had difficulty concentrating, or noticed any decrease in your interest in sex?",I’m more irritable. I just snap at people for no reason.,1,0,0,0,0,0,0,0,0,0,0,0,0,0,0,0,1,0,0,0,0,3,-1,-1,-1,-1,-1,-1,-1,-1,-1,-1,-1,-1,-1,-1,-1,1,-1,-1,-1,-1
7,43,17,"And what about the other three: have you had more trouble making decisions, difficulty concentrating, or any decrease in your interest in sex?",I’m not really making decisions right now. I just don't see the point.,0,0,0,0,0,0,0,0,0,0,0,0,1,0,0,0,0,0,0,0,0,-1,-1,-1,-1,-1,-1,-1,-1,-1,-1,-1,-1,2,-1,-1,-1,-1,-1,-1,-1,-1
7,43,18,"Have you had any difficulty concentrating lately, and have you noticed any decrease in your interest in sex?",Yeah. I zone out a lot. I just can’t focus on anything.,0,0,0,0,0,0,0,0,0,0,0,0,0,0,0,0,0,0,1,0,0,-1,-1,-1,-1,-1,-1,-1,-1,-1,-1,-1,-1,-1,-1,-1,-1,-1,-1,3,-1,-1
7,43,19,Have you noticed any decrease in your interest in sex compared with usual?,Yeah. I don't really want to. It just feels like too much effort.,0,0,0,0,0,0,0,0,0,0,0,0,0,0,0,0,0,0,0,0,1,-1,-1,-1,-1,-1,-1,-1,-1,-1,-1,-1,-1,-1,-1,-1,-1,-1,-1,-1,-1,3
2,9,1,Have you noticed you've been feeling down or more unhappy than usual lately?,"Not really. Just a bit tired from working late, that’s all. I’m fine, just need a break.",1,0,0,0,0,0,0,0,0,0,0,0,0,0,0,0,0,0,0,0,0,0,-1,-1,-1,-1,-1,-1,-1,-1,-1,-1,-1,-1,-1,-1,-1,-1,-1,-1,-1,-1
2,9,2,Would you say you're generally content with your life right now?,"Yeah. I mean, there are days when I feel a bit stuck, but I’m trying to focus on the good stuff.",0,0,0,0,0,0,0,0,0,0,0,0,0,0,0,0,0,0,0,0,0,-1,-1,-1,-1,-1,-1,-1,-1,-1,-1,-1,-1,-1,-1,-1,-1,-1,-1,-1,-1,-1
2,9,3,"When you look at your future, do you feel hopeful about what lies ahead?","Yeah, definitely. I have a plan, and I’m just trying to make it happen.",0,1,0,0,0,0,0,0,0,0,0,0,0,0,0,0,0,0,0,0,0,-1,0,-1,-1,-1,-1,-1,-1,-1,-1,-1,-1,-1,-1,-1,-1,-1,-1,-1,-1,-1
2,9,4,"Compared to other people, do you feel worse, equal, or better than them?","Worse, maybe. I see people who are more successful and feel like I’m not doing enough. But I try not to dwell on it.",0,0,1,0,0,0,0,0,0,0,0,0,0,0,0,0,0,0,0,0,0,-1,-1,2,-1,-1,-1,-1,-1,-1,-1,-1,-1,-1,-1,-1,-1,-1,-1,-1,-1,-1
2,9,5,Do you get as much satisfaction or pleasure out of things as you used to?,"Not as much, I guess. It feels like I’m just going through the motions sometimes.",0,0,0,1,0,0,0,0,0,0,0,0,0,0,0,0,0,0,0,0,0,-1,-1,-1,2,-1,-1,-1,-1,-1,-1,-1,-1,-1,-1,-1,-1,-1,-1,-1,-1,-1
2,9,6,Do you feel guilty or blame yourself for things right now?,"A bit, yeah. I feel like I should be more productive, but it’s hard when you're tired.",0,0,0,0,1,0,0,0,0,0,0,0,0,0,0,0,0,0,0,0,0,-1,-1,-1,-1,2,-1,-1,-1,-1,-1,-1,-1,-1,-1,-1,-1,-1,-1,-1,-1,-1
2,9,7,Do you feel guilty practically all the time?,"No, not really. It’s just a passing thought. I know I’m doing my best.",0,0,0,0,1,0,0,0,0,0,0,0,0,0,0,0,0,0,0,0,0,-1,-1,-1,-1,2,-1,-1,-1,-1,-1,-1,-1,-1,-1,-1,-1,-1,-1,-1,-1,-1
2,9,8,Do you consider that life is treating you poorly right now?,"No, not really. It’s just a phase. I know it will get better eventually.",0,0,0,0,0,1,0,0,0,0,0,0,0,0,0,0,0,0,0,0,0,-1,-1,-1,-1,-1,0,-1,-1,-1,-1,-1,-1,-1,-1,-1,-1,-1,-1,-1,-1,-1
2,9,9,Cuando piensas en ti mismo te viene una imagen positiva?,"Yeah, definitely. I see myself as someone who is trying to be successful and make a difference.",0,0,0,0,0,0,0,0,0,0,0,0,0,0,0,0,0,0,0,0,0,-1,-1,-1,-1,-1,-1,-1,-1,-1,-1,-1,-1,-1,-1,-1,-1,-1,-1,-1,-1,-1
2,9,10,Do you see yourself as someone who can achieve whatever they set their mind to?,"Yeah, I do. I just need to stay focused and keep pushing.",0,0,0,0,0,0,1,0,0,0,0,0,0,0,0,0,0,0,0,0,0,-1,-1,-1,-1,-1,-1,0,-1,-1,-1,-1,-1,-1,-1,-1,-1,-1,-1,-1,-1,-1
2,9,11,Have you been criticizing or blaming yourself more than usual lately?,Maybe a little. I just get frustrated when things don’t go as planned.,0,0,0,0,0,0,0,1,0,0,0,0,0,0,0,0,0,0,0,0,0,-1,-1,-1,-1,-1,-1,-1,1,-1,-1,-1,-1,-1,-1,-1,-1,-1,-1,-1,-1,-1
2,9,12,Are you more self-critical now than you used to be?,I don't know. I think I'm just a bit more impatient than I used to be.,0,0,0,0,0,0,0,1,0,0,0,0,0,0,0,0,0,0,0,0,0,-1,-1,-1,-1,-1,-1,-1,1,-1,-1,-1,-1,-1,-1,-1,-1,-1,-1,-1,-1,-1
2,9,13,"Have you had thoughts that you would be better off dead, or of hurting yourself in some way?","No, not really. I just get frustrated and want to scream sometimes, but it goes away.",0,0,0,0,0,0,0,0,1,0,0,0,0,0,0,0,0,0,0,0,0,-1,-1,-1,-1,-1,-1,-1,-1,0,-1,-1,-1,-1,-1,-1,-1,-1,-1,-1,-1,-1
2,9,14,Do you cry more now than you used to?,Maybe a little. I'm just a bit more emotional than I used to be.,0,0,0,0,0,0,0,0,0,1,0,0,0,0,0,0,0,0,0,0,0,-1,-1,-1,-1,-1,-1,-1,-1,-1,1,-1,-1,-1,-1,-1,-1,-1,-1,-1,-1,-1
2,9,15,Have you been feeling more restless and tense lately?,"Yeah, definitely. I just feel like I'm stuck and need to get moving.",0,0,0,0,0,0,0,0,0,0,1,0,0,0,0,0,0,0,0,0,0,-1,-1,-1,-1,-1,-1,-1,-1,-1,-1,3,-1,-1,-1,-1,-1,-1,-1,-1,-1,-1
2,9,16,Do you feel like you have to keep moving constantly and cannot sit still?,"Yeah, that’s it. I feel like I need to be doing something all the time.",0,0,0,0,0,0,0,0,0,0,1,0,0,0,0,0,0,0,0,0,0,-1,-1,-1,-1,-1,-1,-1,-1,-1,-1,3,-1,-1,-1,-1,-1,-1,-1,-1,-1,-1
2,9,17,Do you find you have less interest in the things you used to enjoy?,"Not really. I still like doing stuff, I just need to make time for it.",0,0,0,0,0,0,0,0,0,0,0,1,0,0,0,0,0,0,0,0,0,-1,-1,-1,-1,-1,-1,-1,-1,-1,-1,-1,1,-1,-1,-1,-1,-1,-1,-1,-1,-1
2,9,18,But do you feel like you've lost some interest in the things that usually make you happy?,A bit. I don't get the same rush out of things that I used to.,0,0,0,0,0,0,0,0,0,0,0,1,0,0,0,0,0,0,0,0,0,-1,-1,-1,-1,-1,-1,-1,-1,-1,-1,-1,1,-1,-1,-1,-1,-1,-1,-1,-1,-1
2,9,19,Do you find it harder to make decisions now than you used to?,"Yeah, maybe a little. I feel like I’m stuck in neutral and need to get moving.",0,0,0,0,0,0,0,0,0,0,0,0,1,0,0,0,0,0,0,0,0,-1,-1,-1,-1,-1,-1,-1,-1,-1,-1,-1,-1,1,-1,-1,-1,-1,-1,-1,-1,-1
2,9,20,Do you feel you are just as important and valuable as the people you know?,"Yeah, definitely. I know I’m just as capable as anyone else.",0,0,0,0,0,0,0,0,0,0,0,0,0,1,0,0,0,0,0,0,0,-1,-1,-1,-1,-1,-1,-1,-1,-1,-1,-1,-1,-1,0,-1,-1,-1,-1,-1,-1,-1
2,9,21,Do you have less energy than you used to have?,"Maybe a bit. I just need to sleep better, I think.",0,0,0,0,0,0,0,0,0,0,0,0,0,0,0,1,0,0,0,0,0,-1,-1,-1,-1,-1,-1,-1,-1,-1,-1,-1,-1,-1,-1,-1,1,-1,-1,-1,-1,-1
2,9,22,Does that lack of energy stop you from getting things done?,Not really. I just have to power through it.,0,0,0,0,0,0,0,0,0,0,0,0,0,0,1,0,0,0,0,0,0,-1,-1,-1,-1,-1,-1,-1,-1,-1,-1,-1,-1,-1,-1,1,-1,-1,-1,-1,-1,-1
2,9,23,"Are you sleeping as well as you used to, or has your sleep changed?","It’s been a bit lighter than usual, maybe.",0,0,0,0,0,0,0,0,0,0,0,0,0,0,0,1,0,0,0,0,0,-1,-1,-1,-1,-1,-1,-1,-1,-1,-1,-1,-1,-1,-1,-1,1,-1,-1,-1,-1,-1
2,9,24,Have you been losing your temper easily with your family or friends lately?,"Not really. I just get a bit snappy when I’m tired, but I apologize right away.",0,0,0,0,0,0,0,0,0,0,0,0,0,0,0,0,1,0,0,0,0,-1,-1,-1,-1,-1,-1,-1,-1,-1,-1,-1,-1,-1,-1,-1,-1,0,-1,-1,-1,-1
2,9,25,Has your appetite increased or decreased over the past few weeks?,Maybe a bit less. I just don’t feel like eating as much.,0,0,0,0,0,0,0,0,0,0,0,0,0,0,0,0,0,1,0,0,0,-1,-1,-1,-1,-1,-1,-1,-1,-1,-1,-1,-1,-1,-1,-1,-1,-1,1,-1,-1,-1
2,9,26,Can you concentrate as well as you used to?,"Yeah, mostly. I just get a bit distracted sometimes.",0,0,0,0,0,0,0,0,0,0,0,0,0,0,0,0,0,0,1,0,0,-1,-1,-1,-1,-1,-1,-1,-1,-1,-1,-1,-1,-1,-1,-1,-1,-1,-1,1,-1,-1
2,9,27,Are you too tired or fatigued to do many of the things you used to do?,Not really. I just need to make sure I get enough rest.,0,0,0,0,0,0,0,0,0,0,0,0,0,0,0,0,0,0,0,1,0,-1,-1,-1,-1,-1,-1,-1,-1,-1,-1,-1,-1,-1,-1,-1,-1,-1,-1,-1,1,-1
2,9,28,Do you feel a bit more tired than you used to?,"Yeah, maybe a little. I just need to get into a routine, I think.",0,0,0,0,0,0,0,0,0,0,0,0,0,0,0,0,0,0,0,1,0,-1,-1,-1,-1,-1,-1,-1,-1,-1,-1,-1,-1,-1,-1,-1,-1,-1,-1,-1,1,-1
2,9,29,Have you noticed any recent changes in your interest in sex?,"No, not really. It’s just been a bit slower than usual, that’s all.",0,0,0,0,0,0,0,0,0,0,0,0,0,0,0,0,0,0,0,0,1,-1,-1,-1,-1,-1,-1,-1,-1,-1,-1,-1,-1,-1,-1,-1,-1,-1,-1,-1,-1,1
2,9,30,Are you somewhat less interested in sex compared to the past?,Maybe a bit. It’s just been a bit of a struggle lately.,0,0,0,0,0,0,0,0,0,0,0,0,0,0,0,0,0,0,0,0,1,-1,-1,-1,-1,-1,-1,-1,-1,-1,-1,-1,-1,-1,-1,-1,-1,-1,-1,-1,-1,1
3,10,1,Good morning. I’m wondering how your mood has been recently?,"It’s been up and down. Some days I wake up feeling pretty flat, like I’m just going through the motions. I know I need to snap out of it, but I haven't quite figured out how to shake it off yet.",1,0,0,0,0,0,0,0,0,0,0,0,0,0,0,0,0,0,0,0,0,2,-1,-1,-1,-1,-1,-1,-1,-1,-1,-1,-1,-1,-1,-1,-1,-1,-1,-1,-1,-1
3,10,2,How are you feeling for the future? Do you feel hopeful,"Not really, no. I keep thinking about how much I’ve wasted already, and it feels like I’m running out of time to catch up. I guess I just need to stop dwelling on the past and start making a plan for now.",0,1,0,0,0,0,0,0,0,0,0,0,0,0,0,0,0,0,0,0,0,-1,2,-1,-1,-1,-1,-1,-1,-1,-1,-1,-1,-1,-1,-1,-1,-1,-1,-1,-1,-1
3,10,3,Are you proud of your life and what you’ve done? Do you find things to be proud of yourself for,"Not really. I look back and think I should be further along by now, but I guess I just didn’t try hard enough. I’m trying to focus on the next step, not the things I could have done differently.",0,0,1,0,0,0,0,1,0,0,0,0,0,0,0,0,0,0,0,0,0,-1,-1,2,-1,-1,-1,-1,2,-1,-1,-1,-1,-1,-1,-1,-1,-1,-1,-1,-1,-1
3,10,4,How’s your appetite. Have you been eating enough? Too little or too much ,"I’m eating, but I’m not really enjoying it. I just pick at things to keep the hunger away, but I’m not really tasting the food. It feels like I’m just fueling my body to get through the day.",0,0,0,0,0,0,0,0,0,0,0,0,0,0,0,0,0,1,0,0,0,-1,-1,-1,-1,-1,-1,-1,-1,-1,-1,-1,-1,-1,-1,-1,-1,-1,3,-1,-1,-1
3,10,5,Have you had any thoughts of taking your life?,"Yeah, I have. It’s mostly just a feeling of frustration that I haven’t been able to get my life sorted. It’s not like I want to do it, it’s just a thought that pops up sometimes.",0,0,0,0,0,0,0,0,1,0,0,0,0,0,0,0,0,0,0,0,0,-1,-1,-1,-1,-1,-1,-1,-1,2,-1,-1,-1,-1,-1,-1,-1,-1,-1,-1,-1,-1
3,10,6,Have you been feeling tearful? Or angry or irritable on a day to day?,More just... flat. I don't get the usual highs and lows. I just feel... stuck. Like I’m just going through the motions and I don't know how to stop it.,0,0,0,0,0,0,0,0,0,1,0,0,0,0,0,0,1,0,0,0,0,-1,-1,-1,-1,-1,-1,-1,-1,-1,0,-1,-1,-1,-1,-1,-1,0,-1,-1,-1,-1
3,10,7,Are you enjoying things you used to? Abu hobbies or time with friends,"Not really. I’m doing things because I have to, not because I want to. I’m just trying to get through the day without feeling too bad about it.",0,0,0,0,0,0,0,0,0,0,0,1,0,0,0,0,0,0,0,1,0,-1,-1,-1,-1,-1,-1,-1,-1,-1,-1,-1,3,-1,-1,-1,-1,-1,-1,-1,0,-1
3,10,8,How’s your sleep been,It’s been really poor. I wake up in the middle of the night and can’t get back to sleep. I guess I’m just lying there thinking about everything I should be doing instead.,0,0,0,0,0,0,0,0,0,0,0,0,0,0,0,1,0,0,0,0,0,-1,-1,-1,-1,-1,-1,-1,-1,-1,-1,-1,-1,-1,-1,-1,3,-1,-1,-1,-1,-1
3,10,9,How are you feeling about yourself? Do you feel you live a worth while life,"I guess I feel like I wasted my twenties. I didn't make the right choices, and now I’m paying the price. I just need to get my head down and start doing things differently.",0,0,1,0,1,0,1,0,0,0,0,0,0,1,0,0,0,0,0,0,0,-1,-1,3,-1,3,-1,1,-1,-1,-1,-1,-1,-1,1,-1,-1,-1,-1,-1,-1,-1
3,10,10,How are you finding it making everyday decisions such as what to have for dinner,"It’s hard. I look at the fridge and just can’t decide. I guess I’m just too tired to care about what I eat. I just grab something because I’m hungry, not because I actually want it.",0,0,0,1,0,0,0,0,0,0,0,0,1,0,0,0,0,0,0,0,0,-1,-1,-1,2,-1,-1,-1,-1,-1,-1,-1,-1,3,-1,-1,-1,-1,-1,-1,-1,-1
3,10,11,How’s your energy and concentration? Are you able to focus on your work or on a conversation? Are you finding yourself tired throughout the day,"I get tired really quickly. I try to focus on work, but I just can't keep my attention on it. I end up scrolling through emails instead of doing the task.",0,0,0,0,0,0,0,0,0,0,0,0,0,0,1,0,0,0,1,0,0,-1,-1,-1,-1,-1,-1,-1,-1,-1,-1,-1,-1,-1,-1,3,-1,-1,-1,3,-1,-1
3,10,12,Do you feel like you deserve to be hurt or go through negative things?,"Yeah, I guess I do. I think I should have been more careful with my life, so I’m paying the price.",0,0,0,0,0,1,0,0,0,0,0,0,0,0,0,0,0,0,0,0,0,-1,-1,-1,-1,-1,3,-1,-1,-1,-1,-1,-1,-1,-1,-1,-1,-1,-1,-1,-1,-1
3,10,13,Do you find that little things seem to irritate you more than they would have previously?,"Yeah. I get annoyed at really small things, like someone being late. I guess I’m just more sensitive to it because I’m so tired of everything.",0,0,0,0,0,0,0,0,0,0,1,0,0,0,0,0,1,0,0,0,0,-1,-1,-1,-1,-1,-1,-1,-1,-1,-1,1,-1,-1,-1,-1,-1,2,-1,-1,-1,-1
3,10,14,How’s your libido? Is this affecting your relationship ,It’s basically non-existent. I don’t feel like I’m interested in anyone right now. I guess I just need to focus on getting my own life sorted first before I worry about anyone else.,0,0,0,0,0,0,0,0,0,0,0,0,0,0,0,0,0,0,0,0,1,-1,-1,-1,-1,-1,-1,-1,-1,-1,-1,-1,-1,-1,-1,-1,-1,-1,-1,-1,-1,3
16,34,1,"Hello, how can i help you today?",I'm just a bit worried about my energy levels. I feel like I'm running on empty sometimes.,0,0,0,0,0,0,0,0,0,0,0,0,0,0,1,0,0,0,0,0,0,-1,-1,-1,-1,-1,-1,-1,-1,-1,-1,-1,-1,-1,-1,2,-1,-1,-1,-1,-1,-1
16,34,2,Is your energy loss triggered by something? ,"Yeah, usually when I've had a long day at the office. I try to be productive, but I guess I'm just tired.",0,0,0,0,0,0,0,0,0,0,0,0,0,0,1,0,0,0,0,1,0,-1,-1,-1,-1,-1,-1,-1,-1,-1,-1,-1,-1,-1,-1,1,-1,-1,-1,-1,2,-1
16,34,3,Why do you need to feel productive after such a long day in the office? ,"I guess I just want to feel like I've done something useful, you know?",0,0,0,0,1,0,0,0,0,0,0,0,0,0,0,0,0,0,0,0,0,-1,-1,-1,-1,1,-1,-1,-1,-1,-1,-1,-1,-1,-1,-1,-1,-1,-1,-1,-1,-1
16,34,4,I understand. Can we talk a bit about your emotional state. You said that you do not feel energetic. Can you desribe how do you feel recently?,"It’s mostly just a bit of anxiety, I guess. I get a little worried about the future, but it doesn't last long.",0,1,0,0,0,0,0,0,0,0,0,0,0,0,0,0,0,0,0,0,0,-1,0,-1,-1,-1,-1,-1,-1,-1,-1,-1,-1,-1,-1,-1,-1,-1,-1,-1,-1,-1
16,34,5,It is good that it doesnt last long. What are you afraid of in the future?,"Just the usual stuff, like finding a job after graduation. It’s scary, but I try not to dwell on it.",0,1,0,0,0,0,0,0,0,0,0,0,0,0,0,0,0,0,0,0,0,-1,0,-1,-1,-1,-1,-1,-1,-1,-1,-1,-1,-1,-1,-1,-1,-1,-1,-1,-1,-1
16,34,6,"Of course, thinking about such changes in life is pretty scary. It is good to hear that you try not to dwell on it. Are you feeling more sad or irritated lately?",Not really. Just a bit of worry. I'm actually pretty upbeat most of the time.,1,0,0,0,0,0,0,0,0,0,0,0,0,0,0,0,1,0,0,0,0,0,-1,-1,-1,-1,-1,-1,-1,-1,-1,-1,-1,-1,-1,-1,-1,0,-1,-1,-1,-1
16,34,7,It is good to hear. How would you describe yourself? ,"I'm a bit of a perfectionist, but I try to be patient with myself when I make a mistake.",0,0,0,0,1,0,1,1,0,0,0,0,0,0,0,0,0,0,0,0,0,-1,-1,-1,-1,0,-1,0,0,-1,-1,-1,-1,-1,-1,-1,-1,-1,-1,-1,-1,-1
16,34,8,It is really great that you are not so hard on yourself. Being perfectionist can be hard sometimes. Do you have tendencies to overthink your past behaviours? Succesess or failures? ,Not really. I try to focus on what I can do better next time.,0,1,1,0,0,0,0,1,0,0,0,0,0,0,0,0,0,0,0,0,0,-1,0,0,-1,-1,-1,-1,0,-1,-1,-1,-1,-1,-1,-1,-1,-1,-1,-1,-1,-1
16,34,9,Is there things or behaviours which make you happy? Do you feel satisfied by doing it?,"Yeah, definitely. Painting and hiking. I love getting out into nature, and painting helps me relax.",0,0,0,1,0,0,0,0,0,0,0,1,0,0,0,0,0,0,0,0,0,-1,-1,-1,0,-1,-1,-1,-1,-1,-1,-1,0,-1,-1,-1,-1,-1,-1,-1,-1,-1
16,34,10,How is your sleep schedule? Are you sleeping well? How about your appetite?,I sleep pretty well. I just make sure to get to bed on time. And my appetite is fine.,0,0,0,0,0,0,0,0,0,0,0,0,0,0,0,1,0,1,0,0,0,-1,-1,-1,-1,-1,-1,-1,-1,-1,-1,-1,-1,-1,-1,-1,0,-1,0,-1,-1,-1
16,34,11,Have you sleep schedule or appetite changed lately? ,"No, not really. I think I'm just getting into a good routine.",0,0,0,0,0,0,0,0,0,0,0,0,0,0,0,1,0,1,0,0,0,-1,-1,-1,-1,-1,-1,-1,-1,-1,-1,-1,-1,-1,-1,-1,0,-1,0,-1,-1,-1
16,34,12,Okay thats great. Do you feel that focusing for example on the task is harder lately? ,"Not really. I mean, I get a bit tired, but I can usually push through.",0,0,0,0,0,0,0,0,0,0,0,0,0,0,0,0,0,0,1,1,0,-1,-1,-1,-1,-1,-1,-1,-1,-1,-1,-1,-1,-1,-1,-1,-1,-1,-1,1,2,-1
16,34,13,Do you feel rather confident in yourself?,"Yeah, definitely. I mean, I know I'm not perfect, but I'm proud of how I'm handling things.",0,0,1,0,0,0,1,0,0,0,0,0,0,1,0,0,0,0,0,0,0,-1,-1,0,-1,-1,-1,0,-1,-1,-1,-1,-1,-1,0,-1,-1,-1,-1,-1,-1,-1
16,34,14,Are you person who makes decisions easily?,"I try to be. I don't like sitting around thinking about it, so I usually just go with my gut.",0,0,0,0,0,0,0,0,0,0,0,0,1,0,0,0,0,0,0,0,0,-1,-1,-1,-1,-1,-1,-1,-1,-1,-1,-1,-1,0,-1,-1,-1,-1,-1,-1,-1,-1
16,34,15,Do you think that your libido is weaker lately? ,"No, I don't think so. I mean, I'm not really thinking about it.",0,0,0,0,0,0,0,0,0,0,0,0,0,0,0,0,0,0,0,0,1,-1,-1,-1,-1,-1,-1,-1,-1,-1,-1,-1,-1,-1,-1,-1,-1,-1,-1,-1,-1,0
16,34,16,Why are you not thinking about it? ,"Just because I'm busy with school, I guess.",0,0,0,0,0,0,0,0,0,0,0,0,0,0,0,0,0,0,0,0,0,-1,-1,-1,-1,-1,-1,-1,-1,-1,-1,-1,-1,-1,-1,-1,-1,-1,-1,-1,-1,-1
16,34,17,I understand that being busy make us only focusing on goals. However it is still important to have time for yourself. Are you having time  for yourself or do you send time with your firendws or romantic partner? ,"Yeah, I see them. I think I'm doing a good job of balancing things.",0,0,0,1,0,0,0,0,0,0,0,1,0,0,0,0,0,0,0,0,1,-1,-1,-1,0,-1,-1,-1,-1,-1,-1,-1,0,-1,-1,-1,-1,-1,-1,-1,-1,0
16,34,18,Have you ever have suicidal thoughts? ,"No, I don't think I ever have.",0,0,0,0,0,0,0,0,1,0,0,0,0,0,0,0,0,0,0,0,0,-1,-1,-1,-1,-1,-1,-1,-1,0,-1,-1,-1,-1,-1,-1,-1,-1,-1,-1,-1,-1
16,34,19,Do you feel more agitated lately or anxious? ,"Not really. I mean, I get a bit stressed, but I think everyone does.",0,0,0,0,0,0,0,0,0,0,1,0,0,0,0,0,0,0,0,0,0,-1,-1,-1,-1,-1,-1,-1,-1,-1,-1,1,-1,-1,-1,-1,-1,-1,-1,-1,-1,-1
16,34,20,Do you feel guilty for something? Or cry more easily?,"No, I don't really cry. I just try to focus on what I can do better next time.",0,1,1,0,0,0,0,0,0,1,0,0,0,0,0,0,0,0,0,0,0,-1,0,0,-1,-1,-1,-1,-1,-1,0,-1,-1,-1,-1,-1,-1,-1,-1,-1,-1,-1
16,34,21,"So as far as I understand you are focusing on next challange, next phase, next part of life, not on the past. You do not feel the need for beineg punished for your past mistakes? ","No, not really. I think I'm pretty good at letting things go.",0,0,1,0,0,1,0,1,0,0,0,0,0,0,0,0,0,0,0,0,0,-1,-1,0,-1,-1,0,-1,0,-1,-1,-1,-1,-1,-1,-1,-1,-1,-1,-1,-1,-1
14,29,1,"Hello, my name is Becky and I will be chatting with you today. How are you? What brings you in today?","I'm... fine, I guess. Just feeling really restless. Like there's something on my chest that I can't shake. I've been sleeping okay, but when I wake up, I just feel... empty.",1,0,0,0,0,0,0,0,0,0,1,0,0,0,0,0,0,0,0,0,0,1,-1,-1,-1,-1,-1,-1,-1,-1,-1,3,-1,-1,-1,-1,-1,-1,-1,-1,-1,-1
14,29,2,Any other things popping up for you like feeling extremely tired or loss of energy or not really enjoying things you used to?,"Yeah. It’s like... I used to love hiking on the weekends, but now it feels like a chore. I just get tired after walking a few blocks. It’s hard to explain, but everything feels... flat.",0,0,0,1,0,0,0,0,0,0,0,0,0,0,1,0,0,0,0,1,0,-1,-1,-1,3,-1,-1,-1,-1,-1,-1,-1,-1,-1,-1,3,-1,-1,-1,-1,3,-1
14,29,3,I'm sorry to hear that. Losing enjoyment in our hobbies can be hard. Any difficulty concentrating or crying frequently,"Yeah. I cry a lot. I don't know why. It’s just... I used to be so in control, and now I feel like I’m losing my grip on everything. It’s frustrating.",0,0,0,0,0,0,0,0,0,1,0,0,0,0,0,0,0,0,0,0,0,-1,-1,-1,-1,-1,-1,-1,-1,-1,3,-1,-1,-1,-1,-1,-1,-1,-1,-1,-1,-1
14,29,4,It's not your fault for feeling like this sometimes this happens.,"I know it's not. But it feels like it is. I used to be able to handle stress, and now... I just feel like I’m failing.",0,1,0,0,0,0,0,1,0,0,0,0,0,0,0,0,0,0,0,0,0,-1,3,-1,-1,-1,-1,-1,3,-1,-1,-1,-1,-1,-1,-1,-1,-1,-1,-1,-1,-1
14,29,5,Sometimes our minds play tricks on us like that. Do you ever have thoughts of harming yourself?,I don't want to... I just want to sleep and not wake up. But I know I can't. I have to be here for my sister.,0,0,0,0,0,0,0,0,1,0,0,0,0,0,0,0,0,0,0,0,0,-1,-1,-1,-1,-1,-1,-1,-1,3,-1,-1,-1,-1,-1,-1,-1,-1,-1,-1,-1,-1
14,29,6,Yes tell me of why you need to be here for your sister,"Because she needs me. She's been through a lot, and I'm the only family she has left. I can't just... leave her on her own.",0,0,0,0,0,0,0,0,0,0,0,0,0,0,0,0,0,0,0,0,0,-1,-1,-1,-1,-1,-1,-1,-1,-1,-1,-1,-1,-1,-1,-1,-1,-1,-1,-1,-1,-1
14,29,7,"that's good, that's really good you want to be here for your sister. Do you think you might feel a bit guilty about feeling that way or no?",Yeah. I do. I feel guilty for not being able to handle it. I know I should be stronger.,0,0,0,0,1,0,0,1,0,0,0,0,0,1,0,0,0,0,0,0,0,-1,-1,-1,-1,3,-1,-1,3,-1,-1,-1,-1,-1,2,-1,-1,-1,-1,-1,-1,-1
14,29,8,That's okay to feel like that but just know that you are strong just by being here and talking to me. Any changes in appetite or your ability to concentrate?,Appetite... it’s just... everything tastes bland. I don't want to eat. And concentrating... forget about it. I get tired just thinking about it.,0,0,0,0,0,0,0,0,0,0,0,0,0,0,0,0,0,1,1,0,0,-1,-1,-1,-1,-1,-1,-1,-1,-1,-1,-1,-1,-1,-1,-1,-1,-1,3,3,-1,-1
14,29,9,That makes sense. Any irritability your experiencing or changes in your sleep?,Yes. I snap at my sister for nothing. And I sleep a lot. But it’s not restful. I just wake up feeling... worse.,0,0,0,0,0,0,0,0,0,0,0,0,0,0,0,1,1,0,0,0,0,-1,-1,-1,-1,-1,-1,-1,-1,-1,-1,-1,-1,-1,-1,-1,3,3,-1,-1,-1,-1
14,29,10,And how does it make you feel when you snap at your sister?,Guilty. I know I'm not being fair. I just... I don't know how to handle this anymore.,0,0,0,0,1,0,0,0,0,0,0,0,0,0,0,0,0,0,0,0,0,-1,-1,-1,-1,3,-1,-1,-1,-1,-1,-1,-1,-1,-1,-1,-1,-1,-1,-1,-1,-1
14,29,11,Does it make you not like yourself or make you feel like you need to punish yourself?,Yeah. I do. I feel like I’m not good enough. That I’m a failure.,0,0,1,0,0,1,1,0,0,0,0,0,0,0,0,0,0,0,0,0,0,-1,-1,1,-1,-1,1,3,-1,-1,-1,-1,-1,-1,-1,-1,-1,-1,-1,-1,-1,-1
14,29,12,I see and how about your sex life? Any changes there?,I don't... I don't even want to think about it. It just feels... wrong. I don't know how to... turn it on anymore.,0,0,0,0,0,0,0,0,0,0,0,1,0,0,0,0,0,0,0,0,1,-1,-1,-1,-1,-1,-1,-1,-1,-1,-1,-1,3,-1,-1,-1,-1,-1,-1,-1,-1,3
14,29,13,That happens sometimes. Life can be overwhelming and those pleasures in life just seem out of reach or not appropriate.  How about your ability to make decisions? ,"I freeze. I can't decide on what to wear, let alone something bigger. It's like my brain just stops working.",0,0,0,0,0,0,0,0,0,0,0,0,1,0,0,0,0,0,0,0,0,-1,-1,-1,-1,-1,-1,-1,-1,-1,-1,-1,-1,3,-1,-1,-1,-1,-1,-1,-1,-1
14,19,1,hellp,I'm here to listen. What's been on your mind lately?,1,0,0,0,0,0,0,0,0,0,0,0,0,0,0,0,0,0,0,0,0,2,-1,-1,-1,-1,-1,-1,-1,-1,-1,-1,-1,-1,-1,-1,-1,-1,-1,-1,-1,-1
14,19,2,How are you feeling?,"Stressed. It's hard to sleep. I just feel... trapped, I guess.",0,0,0,0,0,0,0,0,0,0,0,0,0,0,0,1,0,0,0,0,0,-1,-1,-1,-1,-1,-1,-1,-1,-1,-1,-1,-1,-1,-1,-1,3,-1,-1,-1,-1,-1
14,19,3,how long have you been feeling like this? and when did it start?,"I don't know. Maybe a year? It just crept up. I used to be able to handle things, but now... I just can't.",0,0,0,0,0,0,0,0,0,0,0,1,0,0,0,0,0,0,0,0,0,-1,-1,-1,-1,-1,-1,-1,-1,-1,-1,-1,2,-1,-1,-1,-1,-1,-1,-1,-1,-1
14,19,4,Have you been having thoughts of not wanting to be around?,Sometimes. When I’m lying in bed and can’t turn off my brain. It’s a constant noise that I can’t turn off.,0,0,0,0,0,0,0,0,1,0,0,0,0,0,0,0,0,0,0,0,0,-1,-1,-1,-1,-1,-1,-1,-1,1,-1,-1,-1,-1,-1,-1,-1,-1,-1,-1,-1,-1
14,19,5,Have you ever acted on them?,No. I try not to. I know I shouldn't. It’s just... sometimes it feels like the only way to stop the noise is to...,0,0,0,0,0,0,0,0,0,0,0,0,0,0,0,0,0,0,0,0,0,-1,-1,-1,-1,-1,-1,-1,-1,-1,-1,-1,-1,-1,-1,-1,-1,-1,-1,-1,-1,-1
14,19,6,Would you ever do it?,I don't know. I don't think so. I’m scared of what happens after.,0,0,0,0,0,0,0,0,1,0,0,0,0,0,0,0,0,0,0,0,0,-1,-1,-1,-1,-1,-1,-1,-1,1,-1,-1,-1,-1,-1,-1,-1,-1,-1,-1,-1,-1
14,19,7,"could you tell me, in your own words, what are the main symptoms that you are struggling with?",Just... everything feels too much. The world is too loud. I can't handle it.,0,0,0,0,0,0,0,0,0,0,0,0,0,0,0,0,0,0,0,0,0,-1,-1,-1,-1,-1,-1,-1,-1,-1,-1,-1,-1,-1,-1,-1,-1,-1,-1,-1,-1,-1
14,19,8,"when you say too much, what do you mean by that","Like... sounds are too loud. People talking, cars... it all blends together. I just want to be alone where it’s quiet.",0,0,0,0,0,0,0,0,0,0,0,0,0,0,0,0,0,0,0,0,0,-1,-1,-1,-1,-1,-1,-1,-1,-1,-1,-1,-1,-1,-1,-1,-1,-1,-1,-1,-1,-1
14,19,9,what is about sounds being too loud that seems too difficult at the moment?,Because I can’t escape them. I have to stay and deal with it.,0,0,0,0,0,0,0,0,0,0,0,0,0,0,0,0,0,0,0,0,0,-1,-1,-1,-1,-1,-1,-1,-1,-1,-1,-1,-1,-1,-1,-1,-1,-1,-1,-1,-1,-1
14,19,10,and what is so bad about that,It feels like I’m drowning. I can't keep my head above water.,0,0,0,0,0,0,0,0,0,0,0,0,0,0,0,0,0,0,0,0,0,-1,-1,-1,-1,-1,-1,-1,-1,-1,-1,-1,-1,-1,-1,-1,-1,-1,-1,-1,-1,-1
14,19,11,would you say you are stressed?,Stressed isn't the word. It’s... I don't know how to describe it. It’s a heavy weight that I can't shake.,0,0,0,0,0,0,0,0,0,0,0,0,0,0,0,0,0,0,0,0,0,-1,-1,-1,-1,-1,-1,-1,-1,-1,-1,-1,-1,-1,-1,-1,-1,-1,-1,-1,-1,-1
14,19,12,"if I pushed you for a word, which feeling would you go dor",Despair. It’s the only word that comes close.,1,1,0,1,0,0,0,0,0,0,0,0,0,0,0,0,0,0,0,0,0,3,3,-1,3,-1,-1,-1,-1,-1,-1,-1,-1,-1,-1,-1,-1,-1,-1,-1,-1,-1
14,19,13,sounds difficult.,It is. It feels like I’m walking through mud and I can't get out.,0,0,0,0,0,0,0,0,0,0,0,0,0,0,0,0,0,0,0,0,0,-1,-1,-1,-1,-1,-1,-1,-1,-1,-1,-1,-1,-1,-1,-1,-1,-1,-1,-1,-1,-1
14,19,14,has something happened for you to feel like this?,Life. It just happened. I used to be fine. I don't know what changed.,0,0,0,0,0,0,0,0,0,0,0,0,0,0,0,0,0,0,0,0,0,-1,-1,-1,-1,-1,-1,-1,-1,-1,-1,-1,-1,-1,-1,-1,-1,-1,-1,-1,-1,-1
14,19,15,do you know when things changed?,Maybe after... everything with my ex. I just felt like I wasn't enough.,0,0,0,0,0,0,0,0,0,0,0,0,0,0,0,0,0,0,0,0,0,-1,-1,-1,-1,-1,-1,-1,-1,-1,-1,-1,-1,-1,-1,-1,-1,-1,-1,-1,-1,-1
14,19,16,do you want to tell me what happened with your ex?,It’s just... we grew apart. I was miserable. I didn't know how to fix it.,0,0,0,0,0,0,0,0,0,0,0,0,0,0,0,0,0,0,0,0,0,-1,-1,-1,-1,-1,-1,-1,-1,-1,-1,-1,-1,-1,-1,-1,-1,-1,-1,-1,-1,-1
14,19,17,and?,We broke up. I’m left with the mess.,0,0,0,0,0,0,0,0,0,0,0,0,0,0,0,0,0,0,0,0,0,-1,-1,-1,-1,-1,-1,-1,-1,-1,-1,-1,-1,-1,-1,-1,-1,-1,-1,-1,-1,-1
14,19,18,do you think this has something to do with it?,Maybe. I don't know. It’s just... everything is broken.,0,0,0,0,0,0,0,0,0,0,0,0,0,0,0,0,0,0,0,0,0,-1,-1,-1,-1,-1,-1,-1,-1,-1,-1,-1,-1,-1,-1,-1,-1,-1,-1,-1,-1,-1
14,19,19,you sound hopeless...,I am. I don't see a way out of this.,0,0,0,0,0,0,0,0,0,0,0,0,0,0,0,0,0,0,0,0,0,-1,-1,-1,-1,-1,-1,-1,-1,-1,-1,-1,-1,-1,-1,-1,-1,-1,-1,-1,-1,-1
14,19,20,do you blame yourself for the end of the relationship?,Yes. I should have tried harder. I should have been better.,0,0,0,0,1,0,0,0,0,0,0,0,0,0,0,0,0,0,0,0,0,-1,-1,-1,-1,3,-1,-1,-1,-1,-1,-1,-1,-1,-1,-1,-1,-1,-1,-1,-1,-1
14,19,21,and what does that do to your self esteem and how you treat yourself?,I don't deserve anything. I failed. I’m just... worthless.,0,0,0,0,1,1,1,0,0,0,0,0,0,1,0,0,0,0,0,0,0,-1,-1,-1,-1,0,0,0,-1,-1,-1,-1,-1,-1,2,-1,-1,-1,-1,-1,-1,-1
14,19,22,this sounds really hard.,It is. It’s just... I’m tired of being broken.,0,0,0,0,0,0,0,0,0,0,0,0,0,0,0,0,0,0,0,0,0,-1,-1,-1,-1,-1,-1,-1,-1,-1,-1,-1,-1,-1,-1,-1,-1,-1,-1,-1,-1,-1
14,19,23,"how does that affect your day to day life? work, home...",I just want to hide. I can't face anyone. I don't know how to keep going.,0,0,0,0,0,0,0,0,0,0,0,0,0,0,0,0,0,0,0,0,0,-1,-1,-1,-1,-1,-1,-1,-1,-1,-1,-1,-1,-1,-1,-1,-1,-1,-1,-1,-1,-1
14,19,24,it sounds as if you are having a particularly hard time. how do you spend your day?,I don't. I just sit here. I don't know how to make it stop.,0,0,0,0,0,0,0,0,0,0,0,0,0,0,0,0,0,0,0,0,0,-1,-1,-1,-1,-1,-1,-1,-1,-1,-1,-1,-1,-1,-1,-1,-1,-1,-1,-1,-1,-1
14,19,25,do you find yourself feeling tearful?,Yes. A lot. It's like I’m just... crying inside.,0,0,0,0,0,0,0,0,0,1,0,0,0,0,0,0,0,0,0,0,0,-1,-1,-1,-1,-1,-1,-1,-1,-1,3,-1,-1,-1,-1,-1,-1,-1,-1,-1,-1,-1
14,19,26,and how does that feel?,Like I'm drowning in my own skin.,0,0,0,0,0,0,0,0,0,0,0,0,0,0,0,0,0,0,0,0,0,-1,-1,-1,-1,-1,-1,-1,-1,-1,-1,-1,-1,-1,-1,-1,-1,-1,-1,-1,-1,-1
14,19,27,what about your eating?,I don't eat much. It doesn't taste good anyway.,0,0,0,0,0,0,0,0,0,0,0,0,0,0,0,0,0,0,0,0,0,-1,-1,-1,-1,-1,-1,-1,-1,-1,-1,-1,-1,-1,-1,-1,-1,-1,-1,-1,-1,-1
14,19,28,has that always been the case?,No. I used to love food. Now... I just don't care.,0,0,0,0,0,0,0,0,0,0,0,0,0,0,0,0,0,0,0,0,0,-1,-1,-1,-1,-1,-1,-1,-1,-1,-1,-1,-1,-1,-1,-1,-1,-1,-1,-1,-1,-1
14,19,29,do you eat daily at least,Sometimes. When I remember. I usually forget.,0,0,0,1,0,0,0,0,0,0,0,1,0,0,0,0,0,1,0,0,0,-1,-1,-1,1,-1,-1,-1,-1,-1,-1,-1,2,-1,-1,-1,-1,-1,3,-1,-1,-1
14,19,30,and how about sleep?,I don't sleep much. I just lie there.,0,0,0,0,0,0,0,0,0,0,0,0,0,0,0,1,0,0,0,0,0,-1,-1,-1,-1,-1,-1,-1,-1,-1,-1,-1,-1,-1,-1,-1,3,-1,-1,-1,-1,-1
14,19,31,you must be tired,I am. But I don't sleep.,0,0,0,0,0,0,0,0,0,0,0,0,0,0,0,0,0,0,0,1,0,-1,-1,-1,-1,-1,-1,-1,-1,-1,-1,-1,-1,-1,-1,-1,-1,-1,-1,-1,3,-1
14,19,32,I imagine it must be hard to then concentrate on things you need to do the following day?,I don't concentrate. I just do the bare minimum.,0,0,0,0,0,0,0,0,0,0,0,0,0,0,0,0,0,0,1,0,0,-1,-1,-1,-1,-1,-1,-1,-1,-1,-1,-1,-1,-1,-1,-1,-1,-1,-1,3,-1,-1
14,19,33,do my questions irritate you at all?,No. It’s... I just need someone to listen.,0,0,0,0,0,0,0,0,0,0,0,0,0,0,0,0,0,0,0,0,0,-1,-1,-1,-1,-1,-1,-1,-1,-1,-1,-1,-1,-1,-1,-1,-1,-1,-1,-1,-1,-1
14,19,34,do you find other people irritating?,Yes. They all seem... loud. I just want to be alone.,0,0,0,0,0,0,0,0,0,0,0,0,0,0,0,0,1,0,0,0,0,-1,-1,-1,-1,-1,-1,-1,-1,-1,-1,-1,-1,-1,-1,-1,-1,2,-1,-1,-1,-1
14,19,35,I mean you were saying before about the world being too loud. that must make you a bit angry I imagine?,No. I’m not angry. I’m just... exhausted.,0,0,0,0,0,0,0,0,0,0,1,0,0,0,0,0,0,0,0,0,0,-1,-1,-1,-1,-1,-1,-1,-1,-1,-1,0,-1,-1,-1,-1,-1,-1,-1,-1,-1,-1
14,19,36,"thinking about to your relationship, it sounds as if it had a big impact on you. do you ever catch yourself being too self critical, or thinking you have somehow failed?",Constantly. I replay every bad choice I made. I’m the one who ruined everything.,1,0,1,0,1,1,1,1,0,0,0,0,0,0,0,0,0,0,0,0,0,3,-1,3,-1,3,1,2,2,-1,-1,-1,-1,-1,-1,-1,-1,-1,-1,-1,-1,-1
14,19,37,have you been able to move on? form a new relationship? or enjoy sex life?,No. I can’t. I don't deserve it. I ruined the only chance I had.,0,1,0,0,0,1,1,1,0,0,0,0,0,1,0,0,0,0,0,0,0,-1,0,-1,-1,-1,0,0,0,-1,-1,-1,-1,-1,0,-1,-1,-1,-1,-1,-1,-1
14,19,38,would you be interested in a romantic partner at the moment?,No. I don't think I could handle it. I'd just... I don't know. I'm not good enough.,1,0,0,0,0,0,0,0,0,0,0,0,0,1,0,0,0,0,0,0,1,2,-1,-1,-1,-1,-1,-1,-1,-1,-1,-1,-1,-1,3,-1,-1,-1,-1,-1,-1,3
14,19,39,so what do you do now?,I just wait for it to end.,0,0,0,0,0,0,0,0,1,0,0,0,0,0,0,0,0,0,0,0,0,-1,-1,-1,-1,-1,-1,-1,-1,2,-1,-1,-1,-1,-1,-1,-1,-1,-1,-1,-1,-1
14,19,40,what do you mean by this?,I mean... I just wait for the pain to stop.,0,0,0,0,0,0,0,0,0,0,0,0,0,0,0,0,0,0,0,0,0,-1,-1,-1,-1,-1,-1,-1,-1,-1,-1,-1,-1,-1,-1,-1,-1,-1,-1,-1,-1,-1
14,19,41,do you have the energy to do something about it?,No. I don't know where to start.,0,0,0,0,0,0,0,0,0,0,0,0,0,0,1,0,0,0,0,0,0,-1,-1,-1,-1,-1,-1,-1,-1,-1,-1,-1,-1,-1,-1,2,-1,-1,-1,-1,-1,-1
14,19,42,would you know where to start?,No. I don't know how to fix it.,0,0,0,0,0,0,0,0,0,0,0,0,1,0,0,0,0,0,0,0,0,-1,-1,-1,-1,-1,-1,-1,-1,-1,-1,-1,-1,2,-1,-1,-1,-1,-1,-1,-1,-1
2,36,1,hello?,"Hi! Yeah, I just lost my train of thought for a second. Sorry about that.",1,0,1,0,0,0,0,0,0,0,0,0,0,0,0,0,0,0,0,0,0,1,-1,1,-1,-1,-1,-1,-1,-1,-1,-1,-1,-1,-1,-1,-1,-1,-1,-1,-1,-1
2,36,2,can you administer it?,"Yeah, I can do that. It’s just a little annoying having to remind myself.",1,1,1,1,1,1,1,1,1,1,1,1,1,1,1,1,1,1,1,1,1,0,1,0,0,1,0,0,2,0,0,1,2,1,0,1,1,0,0,2,0,0
2,36,3,have you been feeling sad?,"No, just a bit impatient with myself. I’m fine, just a little tired.",1,0,0,0,0,0,0,0,0,0,0,0,0,0,0,0,0,0,0,0,0,0,-1,-1,-1,-1,-1,-1,-1,-1,-1,-1,-1,-1,-1,-1,-1,-1,-1,-1,-1,-1
2,36,4,"What do you mean by feeling impatient with yourself, from a scale of 1 to 5",Maybe a 2? I just get frustrated when things don't go as planned.,0,0,0,0,0,0,0,0,0,0,0,0,0,0,0,0,1,0,0,1,0,-1,-1,-1,-1,-1,-1,-1,-1,-1,-1,-1,-1,-1,-1,-1,-1,2,-1,-1,1,-1
2,36,5,do you think of yourself as a oessimist person?,"No, I'm actually pretty positive. I just have a bit of a perfectionist streak sometimes.",0,1,0,0,0,0,0,0,0,0,0,0,0,0,0,0,0,0,0,0,0,-1,0,-1,-1,-1,-1,-1,-1,-1,-1,-1,-1,-1,-1,-1,-1,-1,-1,-1,-1,-1
2,36,6,"so, would u say you are a bit self critical?","Yeah, definitely. I think I’m being too hard on myself, but I’m working on it.",0,0,0,0,0,0,0,1,0,0,0,0,0,0,0,0,0,0,0,0,0,-1,-1,-1,-1,-1,-1,-1,2,-1,-1,-1,-1,-1,-1,-1,-1,-1,-1,-1,-1,-1
2,36,7,do you think you like yourself?,"Yeah, I do. I’m a bit weird, but I like being weird.",0,0,0,0,0,0,1,0,0,0,0,0,0,0,0,0,0,0,0,0,0,-1,-1,-1,-1,-1,-1,0,-1,-1,-1,-1,-1,-1,-1,-1,-1,-1,-1,-1,-1,-1
2,36,8,and what do you think about your failures in the past and do you think you are a worthy person? Are you feeling guilty?,"I beat myself up over it for a bit, but I'm working on not dwelling on it. I'm just trying to move forward.",0,0,1,0,0,0,0,0,0,0,0,0,0,0,0,0,0,0,0,0,0,-1,-1,2,-1,-1,-1,-1,-1,-1,-1,-1,-1,-1,-1,-1,-1,-1,-1,-1,-1,-1
2,36,9, do you think you are a worthy person,"Yeah, I think I am. I just have a lot of self-doubt sometimes.",0,0,0,0,0,0,0,0,0,0,0,0,0,1,0,0,0,0,0,0,0,-1,-1,-1,-1,-1,-1,-1,-1,-1,-1,-1,-1,-1,0,-1,-1,-1,-1,-1,-1,-1
2,36,10,what about your sleep and energy,"I've been sleeping okay, but I'm just really tired a lot. I'm trying to push through it.",0,0,0,0,0,0,0,0,0,0,0,0,0,0,0,1,0,0,0,1,0,-1,-1,-1,-1,-1,-1,-1,-1,-1,-1,-1,-1,-1,-1,-1,1,-1,-1,-1,3,-1
2,36,11,what about your apetite,"It's been fine. I eat a bit less than usual, but I’m not really worried about it.",0,0,0,0,0,0,0,0,0,0,0,0,0,0,0,0,0,1,0,0,0,-1,-1,-1,-1,-1,-1,-1,-1,-1,-1,-1,-1,-1,-1,-1,-1,-1,1,-1,-1,-1
2,36,12,do you think u are indecisive? what about interests?,"I'm a bit all over the place sometimes. I get bored with things quickly, but I’m working on focusing.",0,0,0,0,0,0,0,0,0,0,0,1,1,0,0,0,0,0,0,0,0,-1,-1,-1,-1,-1,-1,-1,-1,-1,-1,-1,2,2,-1,-1,-1,-1,-1,-1,-1,-1
2,36,13,do you cry a lot? what about sex life?,I don’t cry often. I just get a bit emotional sometimes. My sex life is fine.,0,0,0,0,0,0,0,0,0,1,0,0,0,0,0,0,0,0,0,0,1,-1,-1,-1,-1,-1,-1,-1,-1,-1,1,-1,-1,-1,-1,-1,-1,-1,-1,-1,-1,1
2,36,14,do you think your sex has lost interest?=,"No, not really. We just haven’t been talking as much as we used to.",0,0,0,0,0,0,0,0,0,0,0,0,0,0,0,0,0,0,0,0,0,-1,-1,-1,-1,-1,-1,-1,-1,-1,-1,-1,-1,-1,-1,-1,-1,-1,-1,-1,-1,-1
2,36,15,what about pleasure?,It's been fine. I just have a lot on my plate.,0,0,0,1,0,0,0,0,0,0,0,0,0,0,0,0,0,0,0,0,0,-1,-1,-1,1,-1,-1,-1,-1,-1,-1,-1,-1,-1,-1,-1,-1,-1,-1,-1,-1,-1
2,36,16,what about suicidal thoughts? and punishment feelings?,"I have had thoughts about just disappearing, but I know that's not a good idea. I don't think I’m actually going to do it.",0,0,0,0,0,0,0,0,1,0,0,0,0,0,0,0,0,0,0,0,0,-1,-1,-1,-1,-1,-1,-1,-1,2,-1,-1,-1,-1,-1,-1,-1,-1,-1,-1,-1,-1
2,36,17,and punishment feelings?,"Yeah, I beat myself up over small mistakes. It’s just stupid, I know.",0,0,0,0,0,1,0,0,0,0,0,0,0,0,0,0,0,0,0,0,0,-1,-1,-1,-1,-1,3,-1,-1,-1,-1,-1,-1,-1,-1,-1,-1,-1,-1,-1,-1,-1
1,5,1,Hello. How have you been feeling lately?,"Pretty good, just a bit tired. I work a lot of nights, so I guess that is to be expected.",0,0,0,0,0,0,0,0,0,0,0,0,0,0,0,0,0,0,0,0,0,-1,-1,-1,-1,-1,-1,-1,-1,-1,-1,-1,-1,-1,-1,-1,-1,-1,-1,-1,-1,-1
1,5,2,"Working night shifts can definitely take a tool. Aside from being tired from work, how has your sleep been on days when you aren't working?",It's been a bit broken. I wake up in the middle of the night and can't get back to sleep.,0,0,0,0,0,0,0,0,0,0,0,0,0,0,0,1,0,0,0,0,0,-1,-1,-1,-1,-1,-1,-1,-1,-1,-1,-1,-1,-1,-1,-1,1,-1,-1,-1,-1,-1
1,5,3,"That sounds really draining. When you wake up and can't get back to sleep, what kinds of thoughts are usually running through your mind?","Nothing major. Just random stuff. I think about the next day, or what I need to buy. It's probably just my brain trying to wind down.",0,0,0,0,0,0,0,0,0,0,0,0,0,0,0,0,0,0,0,0,0,-1,-1,-1,-1,-1,-1,-1,-1,-1,-1,-1,-1,-1,-1,-1,-1,-1,-1,-1,-1,-1
1,5,4,Fair enough. How has your overall mood been during the day? Have you been feeling down or sad at all lately?,Not really. I'm fine. Just tired. I think I'm just waiting for my body to adjust to this new job.,0,0,0,0,0,0,0,0,0,0,0,0,0,0,0,0,0,0,0,0,0,-1,-1,-1,-1,-1,-1,-1,-1,-1,-1,-1,-1,-1,-1,-1,-1,-1,-1,-1,-1,-1
1,5,5,"It's good that your mind isn't racing with stressful thoughts. Outside work and chores, are you still able to enjoy your free time and hobbies as much as you used to?",Not really. I haven't picked up my guitar in weeks. I just haven't had the energy to sit down and play.,0,0,0,1,0,0,0,0,0,0,0,0,0,0,1,0,0,0,0,0,0,-1,-1,-1,1,-1,-1,-1,-1,-1,-1,-1,-1,-1,-1,1,-1,-1,-1,-1,-1,-1
1,5,6,Sounds like a struggle when even things you love feel like too much effort. Is this lack of energy affecting your work performance?,Not really. I just try to push through it. I know I'll get used to it eventually.,0,0,0,0,0,0,0,0,0,0,0,0,0,0,0,0,0,0,0,0,0,-1,-1,-1,-1,-1,-1,-1,-1,-1,-1,-1,-1,-1,-1,-1,-1,-1,-1,-1,-1,-1
1,5,7,it's good you can push through. Have you found it harder to focus or make simple decisions at work since your sleep became broken?,"Yeah, a bit. I find myself reading the same email twice or forgetting simple things. But I just tell myself it's normal and I'll get better at it.",0,0,0,0,0,0,0,0,0,0,0,0,0,0,0,0,0,0,1,0,0,-1,-1,-1,-1,-1,-1,-1,-1,-1,-1,-1,-1,-1,-1,-1,-1,-1,-1,1,-1,-1
1,5,8,"It's good that you're trying to stay positive. Do you generally feel hopeful about how things will work out for you in the future, both in this new job and in life>","Yeah, I think so. I just need to get used to this new routine and I'll be fine.",0,1,0,0,0,0,0,0,0,0,0,0,0,0,0,0,0,0,0,0,0,-1,0,-1,-1,-1,-1,-1,-1,-1,-1,-1,-1,-1,-1,-1,-1,-1,-1,-1,-1,-1
1,5,9,"That's great outlook to have. Since changing your schedule, have you noticed any changes in your appetite or eating habits?","Yeah, I eat a lot of junk at night. I know I should be eating healthier, but it's just easier to grab a bag of crisps than cook something.",0,0,0,0,1,0,0,1,0,0,0,0,0,0,0,0,0,1,0,0,0,-1,-1,-1,-1,1,-1,-1,1,-1,-1,-1,-1,-1,-1,-1,-1,-1,1,-1,-1,-1
1,5,10,"That makes sense when you're working late hours and short on time. With the late nights and broken sleep, have you found yourself feeling more easily annoyed, irritable or restless than usual?","A bit. I snap at my flatmates more than I should. I know it's just tiredness, but I try to keep it to myself.",0,0,0,0,1,0,0,0,0,0,0,0,0,0,0,0,1,0,0,0,0,-1,-1,-1,-1,1,-1,-1,-1,-1,-1,-1,-1,-1,-1,-1,-1,1,-1,-1,-1,-1
1,5,11,"It takes effort to keep those feelings to yourself. Dealing with irritability, broken sleep and low energy, has it ever made you feel completely down, or feel like giving up on things entirely?","No, not really. I just tell myself I'm tired, and it will pass. I don't have time to waste on being down about it.",1,0,0,0,0,0,0,0,1,0,0,0,0,0,0,0,0,0,0,0,0,1,-1,-1,-1,-1,-1,-1,-1,0,-1,-1,-1,-1,-1,-1,-1,-1,-1,-1,-1,-1
1,5,12,"It's good that you can maintain that mindset. Have you found yourself feeling more emotional or close to tears lately, or are you still handling things normally?","No, I'm fine. I just get tired and a bit grumpy. It's nothing that can't be fixed with a cup of tea.",0,0,0,0,0,0,0,0,0,1,0,0,0,0,0,0,0,0,0,1,0,-1,-1,-1,-1,-1,-1,-1,-1,-1,0,-1,-1,-1,-1,-1,-1,-1,-1,-1,1,-1
1,5,13,"A cup of tea fixes a lot. With the extra tiredness, have you found it any harder to make decisions lately, even small everyday choices?","A bit. I have to force myself to do things. Like, I know I should be doing laundry, but I just don't feel like it.",0,0,0,0,0,0,0,0,0,0,0,0,1,0,1,0,0,0,0,0,0,-1,-1,-1,-1,-1,-1,-1,-1,-1,-1,-1,-1,1,-1,1,-1,-1,-1,-1,-1,-1
1,5,14,Forcing yourself to handle daily tasks when you're exhausted is tough. Do you find yourself feeling down on yourself or critical of your own abilities when chores start to pile up like that?,"Not really. I just tell myself I'm tired, and I'll get to it eventually.",0,0,0,0,0,0,1,1,0,0,0,0,0,0,0,0,0,0,0,0,0,-1,-1,-1,-1,-1,-1,0,0,-1,-1,-1,-1,-1,-1,-1,-1,-1,-1,-1,-1,-1
1,5,15,"That's a very healthy way to frame it. Since you started this new job, have you generally felt good about your capabilities, or have you found yourself dwelling on past failures or feeling a bit worthless?","No, not really. I know I'm doing something new, and it takes time to adjust. I try to focus on the positives.",0,0,1,0,0,0,0,0,0,0,0,0,0,1,0,0,0,0,0,0,0,-1,-1,0,-1,-1,-1,-1,-1,-1,-1,-1,-1,-1,0,-1,-1,-1,-1,-1,-1,-1
1,5,16,"That's very resilient attitude. Have you been feeling like you are being punished by your circumstances, or have you noticed a general loss of interest in other people or social activities since changing your routine?","No, I don't think I'm being punished. I just miss my old routine, but I know I'll get used to this eventually.",0,0,0,0,0,1,0,0,0,0,0,1,0,0,0,0,0,0,0,0,0,-1,-1,-1,-1,-1,0,-1,-1,-1,-1,-1,0,-1,-1,-1,-1,-1,-1,-1,-1,-1
1,5,17,"Missing your old routine is completely natural. On the physical side of adjusting, have you noticed any changes like feeling overly restless and unable to sit still, or any significant loss of interest in intimacy or sex?",Not really. I'm just tired. I don't have the energy to do much.,0,0,0,0,0,0,0,0,0,0,1,0,0,0,0,0,0,0,0,0,1,-1,-1,-1,-1,-1,-1,-1,-1,-1,-1,0,-1,-1,-1,-1,-1,-1,-1,-1,-1,0
10,11,1,"Hello, how are you?","I'm just tired, to be honest. The shift at the factory has been wearing me down.",0,0,0,0,0,0,0,0,0,0,0,0,0,0,1,0,0,0,0,1,0,-1,-1,-1,-1,-1,-1,-1,-1,-1,-1,-1,-1,-1,-1,1,-1,-1,-1,-1,3,-1
10,11,2,It must have been tough?,"Yeah, it is. But what choice do I have? I have a mortgage and kids to support.",0,1,0,0,0,0,0,0,0,0,0,0,0,0,0,0,0,0,0,1,0,-1,2,-1,-1,-1,-1,-1,-1,-1,-1,-1,-1,-1,-1,-1,-1,-1,-1,-1,3,-1
10,11,3,I understand. Are you proud of them?,"Yeah, I am. They are good kids. I just wish I could be there more, but the bills don't pay themselves.",0,0,0,0,1,0,0,1,0,0,0,0,0,0,0,0,0,0,0,0,0,-1,-1,-1,-1,1,-1,-1,2,-1,-1,-1,-1,-1,-1,-1,-1,-1,-1,-1,-1,-1
10,11,4,Do you feel guilty about being rarely at home?,"Sometimes, but I just tell myself I’m working for them. It’s a sacrifice, but it has to be done.",0,0,0,0,0,0,0,0,0,0,0,0,0,0,0,0,0,0,0,0,0,-1,-1,-1,-1,-1,-1,-1,-1,-1,-1,-1,-1,-1,-1,-1,-1,-1,-1,-1,-1,-1
10,11,5,Okay. Let's talk about your family. Can you describe it a bit?,"We’re just a normal family, I guess. Everyone has their own thing. I try to be there when I can, but it’s not always easy.",1,1,0,0,0,0,0,0,0,0,0,0,0,0,0,0,0,0,0,0,0,2,2,-1,-1,-1,-1,-1,-1,-1,-1,-1,-1,-1,-1,-1,-1,-1,-1,-1,-1,-1
10,11,6,Do you have a partner?,"Yeah, we’re together. She works too. We don’t have much time for each other, but we make do.",0,0,0,0,0,0,0,0,0,0,0,0,0,0,0,0,0,0,0,0,0,-1,-1,-1,-1,-1,-1,-1,-1,-1,-1,-1,-1,-1,-1,-1,-1,-1,-1,-1,-1,-1
10,11,7,Do you get along with each other?,"We do, mostly. We just get busy. It’s not perfect, but we make it work.",0,0,0,0,0,0,0,0,0,0,0,0,0,0,0,0,0,0,0,0,0,-1,-1,-1,-1,-1,-1,-1,-1,-1,-1,-1,-1,-1,-1,-1,-1,-1,-1,-1,-1,-1
10,11,8,How often do you have sex?,"Honestly? Not much. We’re both just too tired. It’s been a while, but it’s not a big deal.",0,0,0,0,0,0,0,0,0,0,0,0,0,0,0,0,0,0,0,0,1,-1,-1,-1,-1,-1,-1,-1,-1,-1,-1,-1,-1,-1,-1,-1,-1,-1,-1,-1,-1,3
10,11,9,Do you get into arguments?,"Occasionally. Just the usual stuff. Who left the lights on, who didn't do the dishes... Nothing serious.",0,0,0,0,0,0,0,0,0,0,0,0,0,0,0,0,0,0,0,0,0,-1,-1,-1,-1,-1,-1,-1,-1,-1,-1,-1,-1,-1,-1,-1,-1,-1,-1,-1,-1,-1
10,11,10,"How about other people? Your co-workers, people on the street... ","I don’t really have time for that. I just go home, sleep, and do it all again.",0,0,0,0,0,0,0,0,0,0,0,1,0,0,0,0,1,0,0,1,0,-1,-1,-1,-1,-1,-1,-1,-1,-1,-1,-1,2,-1,-1,-1,-1,0,-1,-1,3,-1
10,11,11,Do you do anything for fun?,"Not much. I used to play football, but I haven't had time for that in years. Now I just watch TV and go to bed.",0,0,0,1,0,0,0,0,0,0,0,1,0,0,1,0,0,0,0,0,0,-1,-1,-1,3,-1,-1,-1,-1,-1,-1,-1,3,-1,-1,2,-1,-1,-1,-1,-1,-1
10,11,12,How about food? Do you eat as much as usual?,Not really. I grab something quick and go. I don't have the energy to cook.,0,0,0,0,0,0,0,0,0,0,0,0,0,0,0,0,0,1,0,0,0,-1,-1,-1,-1,-1,-1,-1,-1,-1,-1,-1,-1,-1,-1,-1,-1,-1,2,-1,-1,-1
10,11,13,Does food taste as usual?,"No, it doesn't. I just eat because I have to. The flavors are all the same to me.",0,0,0,0,0,0,0,0,0,0,0,0,0,0,0,0,0,1,0,0,0,-1,-1,-1,-1,-1,-1,-1,-1,-1,-1,-1,-1,-1,-1,-1,-1,-1,3,-1,-1,-1
10,11,14,Okay. Now tell me about your work. What do you do for a living?,"I work in the factory. I'm on the production line. It's not exciting, but it pays the bills.",0,0,0,0,0,0,0,0,0,0,0,0,0,0,0,0,0,0,0,0,0,-1,-1,-1,-1,-1,-1,-1,-1,-1,-1,-1,-1,-1,-1,-1,-1,-1,-1,-1,-1,-1
10,11,15,Can you focus on your work?,It’s hard. I usually just go through the motions. I'm just there to get the paycheck.,0,0,0,0,0,0,0,0,0,0,0,0,0,0,0,0,0,0,1,0,0,-1,-1,-1,-1,-1,-1,-1,-1,-1,-1,-1,-1,-1,-1,-1,-1,-1,-1,3,-1,-1
10,11,16,Now let's talk about your life. How do you see it? ,"I don't really see it. I just take it day by day. I have a job, I have a family, and that’s about it.",0,0,0,0,0,0,0,0,0,0,0,0,0,0,0,0,0,0,0,0,0,-1,-1,-1,-1,-1,-1,-1,-1,-1,-1,-1,-1,-1,-1,-1,-1,-1,-1,-1,-1,-1
10,11,17,What do you think about your acomplishments?,I don't really think about it. I just do what I have to. I'm not looking for a trophy or anything.,0,0,1,0,0,0,0,0,0,0,0,0,0,0,0,0,0,0,0,0,0,-1,-1,1,-1,-1,-1,-1,-1,-1,-1,-1,-1,-1,-1,-1,-1,-1,-1,-1,-1,-1
10,11,18,Are you happy about where you are now?,"No, I’m not. But I’m not going to complain. I’m just trying to survive.",1,1,1,0,0,0,0,0,0,0,0,0,0,1,0,0,0,0,0,0,0,2,3,2,-1,-1,-1,-1,-1,-1,-1,-1,-1,-1,2,-1,-1,-1,-1,-1,-1,-1
10,11,19,Have you ever concidered changing your job?,"No, I don't think so. I'm too old to start over. I just need to get through the next few years.",0,0,0,0,0,0,0,0,0,0,0,0,0,0,0,0,0,0,0,0,0,-1,-1,-1,-1,-1,-1,-1,-1,-1,-1,-1,-1,-1,-1,-1,-1,-1,-1,-1,-1,-1
10,11,20,"If you had a choice, would it be easy for you to make a decision?","No, it would be hard. I just don't know what else I could do.",0,0,0,0,0,0,0,0,0,0,0,0,1,0,0,0,0,0,0,0,0,-1,-1,-1,-1,-1,-1,-1,-1,-1,-1,-1,-1,3,-1,-1,-1,-1,-1,-1,-1,-1
10,11,21,Now tell me about your attitude towards yourself. Do you like yourself?,I don't really think about it. I just get on with it. I'm not looking for a pat on the back.,0,0,0,0,0,0,1,0,0,0,0,0,0,0,0,0,0,0,0,0,0,-1,-1,-1,-1,-1,-1,0,-1,-1,-1,-1,-1,-1,-1,-1,-1,-1,-1,-1,-1,-1
10,11,22,Do you think your current situation is some sort of punishment?,"No, it's just life. Everyone has their own struggles. I'm just dealing with mine.",0,0,0,0,0,1,0,0,0,0,0,0,0,0,0,0,0,0,0,0,0,-1,-1,-1,-1,-1,0,-1,-1,-1,-1,-1,-1,-1,-1,-1,-1,-1,-1,-1,-1,-1
10,11,23,Did you cry recently?,"No, I don't really cry. I just get annoyed sometimes. It's just stress.",0,0,0,0,0,0,0,0,0,1,0,0,0,0,0,0,0,0,0,0,0,-1,-1,-1,-1,-1,-1,-1,-1,-1,0,-1,-1,-1,-1,-1,-1,-1,-1,-1,-1,-1
10,11,24,Annoyed? Do you sometimes feel overwhelmed by what you're hiding inside?,"No, I just get tired. I'm not hiding anything. I just work and go home.",0,0,0,0,0,0,0,0,0,0,1,0,0,0,0,0,0,0,0,0,0,-1,-1,-1,-1,-1,-1,-1,-1,-1,-1,0,-1,-1,-1,-1,-1,-1,-1,-1,-1,-1
10,11,25,Let's discuss that tiredness. Do you have any problems with sleep?,I just don't sleep well. I lay there thinking about the bills. It’s just stress.,0,0,0,0,0,0,0,0,0,0,0,0,0,0,0,0,0,0,0,0,0,-1,-1,-1,-1,-1,-1,-1,-1,-1,-1,-1,-1,-1,-1,-1,-1,-1,-1,-1,-1,-1
10,11,26,What is your main issue with sleep?,I just can't wind down. I think about the mortgage and the kids and I can't relax.,0,0,0,0,0,0,0,0,0,0,0,0,0,0,0,1,0,0,0,0,0,-1,-1,-1,-1,-1,-1,-1,-1,-1,-1,-1,-1,-1,-1,-1,1,-1,-1,-1,-1,-1
10,11,27,"Okay, now last question: did you think about death lately?","No, not really. I just focus on getting through the day.",0,0,0,0,0,0,0,0,1,0,0,0,0,0,0,0,0,0,0,0,0,-1,-1,-1,-1,-1,-1,-1,-1,0,-1,-1,-1,-1,-1,-1,-1,-1,-1,-1,-1,-1
10,11,28,Did you have a feeling that the world might be a better place without you?,"No, that's not it. I just wish I had the energy to be the dad I want to be.",0,0,0,0,1,0,0,1,1,0,0,0,0,0,0,0,0,0,0,0,0,-1,-1,-1,-1,1,-1,-1,3,0,-1,-1,-1,-1,-1,-1,-1,-1,-1,-1,-1,-1
1,4,1,"hello, thanks for coming in today. Can you tell me a little bit about what has brought you here","Just a bit of stress lately. I have been lying awake at night, and I just wanted to see if there was anything I could do about it.",0,0,0,0,0,0,0,0,0,0,0,0,0,0,0,1,0,0,0,0,0,-1,-1,-1,-1,-1,-1,-1,-1,-1,-1,-1,-1,-1,-1,-1,1,-1,-1,-1,-1,-1
1,4,2,"when you have been lying awake,m what sort of thoughts are stopping you from sleeping","Just random stuff, like work or money. Nothing specific, just my mind racing. It usually starts around 2 am.",0,0,0,0,0,0,0,0,0,0,0,0,0,0,0,1,0,0,0,0,0,-1,-1,-1,-1,-1,-1,-1,-1,-1,-1,-1,-1,-1,-1,-1,2,-1,-1,-1,-1,-1
1,4,3,that sounds difficult. is 2am when you have gone to bed,"Yeah, pretty much. I try to wind down early, but I just can't seem to switch off.",0,0,0,0,0,0,0,0,0,0,1,0,0,0,0,0,0,0,0,0,0,-1,-1,-1,-1,-1,-1,-1,-1,-1,-1,1,-1,-1,-1,-1,-1,-1,-1,-1,-1,-1
1,4,4,"so you don't feel tired until 2am, and then go to bed and thoughts keep you up. What time are you getting up at the moment after these nights",I usually try to be up at 7 am. I'm not sure how I will handle a job interview if I am not getting enough sleep.,0,0,0,0,0,0,0,0,0,0,0,0,0,0,0,1,0,0,0,0,0,-1,-1,-1,-1,-1,-1,-1,-1,-1,-1,-1,-1,-1,-1,-1,2,-1,-1,-1,-1,-1
1,4,5,is thios every night,Not every night. Some nights I sleep fine. It's just been a bit of a thing lately.,0,0,0,0,0,0,0,0,0,0,0,0,0,0,0,0,0,0,0,0,0,-1,-1,-1,-1,-1,-1,-1,-1,-1,-1,-1,-1,-1,-1,-1,-1,-1,-1,-1,-1,-1
1,4,6,so more sporadic- is there anything you notice that makes a good or bad night happen,"I don't know. I just have to wait and see, I guess.",0,0,0,0,0,0,0,0,0,0,0,0,0,0,0,0,0,0,0,0,0,-1,-1,-1,-1,-1,-1,-1,-1,-1,-1,-1,-1,-1,-1,-1,-1,-1,-1,-1,-1,-1
1,4,7,ok. how has your energy felt during the days,"I am a bit more tired than usual, but I manage.",0,0,0,0,0,0,0,0,0,0,0,0,0,0,1,0,0,0,0,1,0,-1,-1,-1,-1,-1,-1,-1,-1,-1,-1,-1,-1,-1,-1,1,-1,-1,-1,-1,2,-1
1,4,8,so you wouldnt say youre missing any tasks,"No, I get everything done. It is just the tired feeling that is weird.",0,0,0,0,0,0,0,0,0,0,0,0,0,0,1,0,0,0,0,1,0,-1,-1,-1,-1,-1,-1,-1,-1,-1,-1,-1,-1,-1,-1,1,-1,-1,-1,-1,2,-1
1,4,9,you mention keeping up with your responsibilities- how has it felt dsoing these? Have you been as interested in them or gainmed the usual pleasure you would from doing them,"No, I am just doing them. I am not really enjoying it.",0,0,0,1,0,0,0,0,0,0,0,1,0,0,0,0,0,0,0,0,0,-1,-1,-1,3,-1,-1,-1,-1,-1,-1,-1,2,-1,-1,-1,-1,-1,-1,-1,-1,-1
1,4,10,how about hobbies,I don't have time for them right now. I am just trying to get through this.,0,0,0,1,0,0,0,0,0,0,0,1,0,0,1,0,0,0,0,0,0,-1,-1,-1,3,-1,-1,-1,-1,-1,-1,-1,3,-1,-1,2,-1,-1,-1,-1,-1,-1
1,4,11,"that makes sense. It's pragmatic to streamline and focus on the things we have to do, but someti8mes removing the things that give us joy can makje us feel more down overall. What soprt of activities have you enjoyed in the past","I used to play guitar, but I haven't picked it up in a while.",0,0,0,0,0,0,0,0,0,0,0,0,0,0,0,0,0,0,0,0,0,-1,-1,-1,-1,-1,-1,-1,-1,-1,-1,-1,-1,-1,-1,-1,-1,-1,-1,-1,-1,-1
1,4,12,"ok. Maybe even telling yourself you're going to paracticew for 5 minutes could be helpful, and if you end up doing more thats a bonuis? i think baby steps into enjoying activities may be helpful.",That sounds good. I just need to make time for it.,0,0,0,0,0,0,0,0,0,0,0,0,0,0,0,0,0,0,0,0,0,-1,-1,-1,-1,-1,-1,-1,-1,-1,-1,-1,-1,-1,-1,-1,-1,-1,-1,-1,-1,-1
1,4,13,what is it that takes the most of your time up at the moment,Just job hunting. I am trying to get my CV sorted and cover letters done.,0,0,0,0,0,0,0,0,0,0,0,0,0,0,0,0,0,0,0,0,0,-1,-1,-1,-1,-1,-1,-1,-1,-1,-1,-1,-1,-1,-1,-1,-1,-1,-1,-1,-1,-1
1,4,14,I see. Job hunting can be extreemely stressful,"Yeah, it is. I try to stay positive, but it is hard when you see people getting jobs and you are not.",1,1,1,0,0,0,0,1,0,0,0,0,0,0,0,0,0,0,0,0,0,1,1,1,-1,-1,-1,-1,1,-1,-1,-1,-1,-1,-1,-1,-1,-1,-1,-1,-1,-1
1,4,15,i can see that. how has this been making you feel,"Frustrated, mostly. I just want to get something sorted so I can move on.",0,0,0,0,0,0,0,0,0,0,1,0,0,0,0,0,0,0,0,0,0,-1,-1,-1,-1,-1,-1,-1,-1,-1,-1,1,-1,-1,-1,-1,-1,-1,-1,-1,-1,-1
1,4,16,have you been out of work for long,"About 6 months now. I am trying to stay patient, but it is hard.",0,1,0,0,0,0,0,0,0,0,1,0,0,0,0,0,0,0,0,0,0,-1,1,-1,-1,-1,-1,-1,-1,-1,-1,1,-1,-1,-1,-1,-1,-1,-1,-1,-1,-1
1,4,17,"i can imagine, it seems like a lot to manage. What do you think are the main barriers to getting the cv and cover letters done as you menhtioned earlier","I don't know. I just keep putting it off, I guess.",0,0,0,0,0,0,0,0,0,0,0,0,0,0,0,0,0,0,1,0,0,-1,-1,-1,-1,-1,-1,-1,-1,-1,-1,-1,-1,-1,-1,-1,-1,-1,-1,2,-1,-1
1,4,18,wehy do you think this may be,Maybe because I am not sure what I am doing with my life.,0,0,0,0,0,0,0,0,0,0,0,0,1,1,0,0,0,0,0,0,0,-1,-1,-1,-1,-1,-1,-1,-1,-1,-1,-1,-1,2,1,-1,-1,-1,-1,-1,-1,-1
1,4,19,that can feel overwhelming. Have you noticed any changes in your relationships while you have been feeling this way,"I don't know. I am just a bit snappy with my family, I guess.",0,0,0,0,0,0,0,0,0,0,1,0,0,0,0,0,1,0,0,0,0,-1,-1,-1,-1,-1,-1,-1,-1,-1,-1,2,-1,-1,-1,-1,-1,2,-1,-1,-1,-1
1,4,20,have they noticved this at all,"They say I am being weird, but I just tell them I am tired.",0,0,0,0,0,0,0,0,0,0,0,0,0,0,0,0,0,0,0,0,0,-1,-1,-1,-1,-1,-1,-1,-1,-1,-1,-1,-1,-1,-1,-1,-1,-1,-1,-1,-1,-1
1,4,21,do you feel tired often,Mostly just at night.,0,0,0,0,0,0,0,0,0,0,0,0,0,0,0,0,0,0,0,0,0,-1,-1,-1,-1,-1,-1,-1,-1,-1,-1,-1,-1,-1,-1,-1,-1,-1,-1,-1,-1,-1
1,4,22,hopw does it make you feel when they say that you're bneing werird,It makes me feel a bit annoyed. I just tell them I am fine.,0,0,0,0,0,0,0,0,0,0,1,0,0,0,0,0,0,0,0,0,0,-1,-1,-1,-1,-1,-1,-1,-1,-1,-1,2,-1,-1,-1,-1,-1,-1,-1,-1,-1,-1
1,4,23,is there anyone thast you feel you are abl;e to lean on for support at the moment or who could help you in your work search,Not really. I am just trying to do it myself.,0,0,0,0,0,0,0,0,0,0,0,0,0,0,0,0,0,0,0,0,0,-1,-1,-1,-1,-1,-1,-1,-1,-1,-1,-1,-1,-1,-1,-1,-1,-1,-1,-1,-1,-1
1,4,24,"that sounds like a lot to manage on your own, so I am glad you have come in to speak to me. As it's a lot of stress right now, I'd like to ask you a few questions about your wellbeing if thats ok., Have you been managing to keep up with eating well",I eat whatever I can grab.,0,0,0,0,0,0,0,0,0,0,0,0,0,0,0,0,0,0,0,0,0,-1,-1,-1,-1,-1,-1,-1,-1,-1,-1,-1,-1,-1,-1,-1,-1,-1,-1,-1,-1,-1
1,4,25,would you say this is the norm for you or a recent change,"Recent change, I guess.",0,0,0,0,0,0,0,0,0,0,0,0,0,0,0,0,0,1,0,0,0,-1,-1,-1,-1,-1,-1,-1,-1,-1,-1,-1,-1,-1,-1,-1,-1,-1,2,-1,-1,-1
1,4,26,in what sense,"Just since I finished uni, I suppose.",0,0,0,0,0,0,0,0,0,0,0,0,0,0,0,0,0,0,0,0,0,-1,-1,-1,-1,-1,-1,-1,-1,-1,-1,-1,-1,-1,-1,-1,-1,-1,-1,-1,-1,-1
1,4,27,what do you think has changed this pattern for youy,I don't know. Maybe just being out of uni.,0,0,0,0,0,0,0,0,0,0,0,0,0,0,0,0,0,0,0,0,0,-1,-1,-1,-1,-1,-1,-1,-1,-1,-1,-1,-1,-1,-1,-1,-1,-1,-1,-1,-1,-1
1,4,28,ok. Do you feel you are eat6ing enoughor sometimes too much (or both),I don't know. I just eat whatever.,0,0,0,0,0,0,0,0,0,0,0,1,0,0,0,0,0,0,0,0,0,-1,-1,-1,-1,-1,-1,-1,-1,-1,-1,-1,3,-1,-1,-1,-1,-1,-1,-1,-1,-1
1,4,29,"it sounds like you're doing all you can to manage a lot of overwhelming feelings in your situation. So9metimes when we feel overwhelkmed or anxious, or under pressure, we can have difficult thoughts about hurting ourselves or ending our lives. Has this every happened to youy","No, never.",0,0,0,0,0,0,0,0,1,0,0,0,0,0,0,0,0,0,0,0,0,-1,-1,-1,-1,-1,-1,-1,-1,0,-1,-1,-1,-1,-1,-1,-1,-1,-1,-1,-1,-1
1,4,30,"that's reassuring, thank you for answering. Have you ever found yuourself venting the emotions your feeling in other ways than snapping, such as becoming tearful","No, I don't cry.",0,0,0,0,0,0,0,0,0,1,0,0,0,0,0,0,0,0,0,0,0,-1,-1,-1,-1,-1,-1,-1,-1,-1,0,-1,-1,-1,-1,-1,-1,-1,-1,-1,-1,-1
1,4,31,why do you believe your finding things difficult at the moment,I don't know. Maybe just because I am out of uni.,0,0,0,0,0,0,0,0,0,0,0,0,0,0,0,0,0,0,0,0,0,-1,-1,-1,-1,-1,-1,-1,-1,-1,-1,-1,-1,-1,-1,-1,-1,-1,-1,-1,-1,-1
1,4,32,so a chjange in routine?,"Yeah, probably.",0,0,0,0,0,0,0,0,0,0,0,0,0,0,0,0,0,0,0,0,0,-1,-1,-1,-1,-1,-1,-1,-1,-1,-1,-1,-1,-1,-1,-1,-1,-1,-1,-1,-1,-1
1,4,33,have these always been tricky for you,"No, I used to be fine with it.",0,0,0,0,0,0,0,0,0,0,0,0,0,0,0,0,0,0,0,0,0,-1,-1,-1,-1,-1,-1,-1,-1,-1,-1,-1,-1,-1,-1,-1,-1,-1,-1,-1,-1,-1
1,4,34,"leasvcing university is a big deal though- opur daily purpose is remoived, we might lose touch with friends, and our routine is titally derailed","Yeah, I guess that makes sense.",0,0,0,0,0,0,0,0,0,0,0,0,0,0,0,0,0,0,0,0,0,-1,-1,-1,-1,-1,-1,-1,-1,-1,-1,-1,-1,-1,-1,-1,-1,-1,-1,-1,-1,-1
1,4,35,so it can be a lot to manage and sometimes our motivation can struggle with this,"Yeah, probably.",0,0,0,0,0,0,0,0,0,0,0,0,0,0,0,0,0,0,0,0,0,-1,-1,-1,-1,-1,-1,-1,-1,-1,-1,-1,-1,-1,-1,-1,-1,-1,-1,-1,-1,-1
1,4,36,sometimes when our motivation is lacking we can blame ourselves,"Yeah, I do that sometimes.",0,0,0,0,1,0,0,1,0,0,0,0,0,0,0,0,0,0,0,0,0,-1,-1,-1,-1,1,-1,-1,1,-1,-1,-1,-1,-1,-1,-1,-1,-1,-1,-1,-1,-1
1,4,37,how does that look for you- thank you for sharing that,It is just stuff I tell myself.,0,0,0,0,0,0,0,0,0,0,0,0,0,0,0,0,0,0,0,0,0,-1,-1,-1,-1,-1,-1,-1,-1,-1,-1,-1,-1,-1,-1,-1,-1,-1,-1,-1,-1,-1
1,4,38,"could you give me a couple of examples please, i think it would be helpful for our session if you dont mind sharing",I just tell myself I am lazy.,0,0,0,0,0,1,0,1,0,0,0,0,0,0,0,0,0,0,0,0,0,-1,-1,-1,-1,-1,1,-1,1,-1,-1,-1,-1,-1,-1,-1,-1,-1,-1,-1,-1,-1
1,4,39,how does it make you feel when you tell yourself that,"A bit bad, I guess.",0,0,0,0,0,0,0,0,0,0,0,0,0,0,0,0,0,0,0,0,0,-1,-1,-1,-1,-1,-1,-1,-1,-1,-1,-1,-1,-1,-1,-1,-1,-1,-1,-1,-1,-1
1,4,40,could you elaborate a little on that,It just feels like I am being stupid.,0,0,0,0,0,0,1,0,0,0,0,0,0,0,0,0,0,0,0,0,0,-1,-1,-1,-1,-1,-1,1,-1,-1,-1,-1,-1,-1,-1,-1,-1,-1,-1,-1,-1,-1
1,4,41,"to reassure you, I think that what you are feeling is really understandable when you are going through such a big change in life, and I'm sure we can help in the sessions",Thank you.,0,0,0,0,0,0,0,0,0,0,0,0,0,0,0,0,0,0,0,0,0,-1,-1,-1,-1,-1,-1,-1,-1,-1,-1,-1,-1,-1,-1,-1,-1,-1,-1,-1,-1,-1
1,4,42,is thgere anyone outside of the sessions who youb nturn to for support allso,My parents.,0,0,0,0,0,0,0,0,0,0,0,0,0,0,0,0,0,0,0,0,0,-1,-1,-1,-1,-1,-1,-1,-1,-1,-1,-1,-1,-1,-1,-1,-1,-1,-1,-1,-1,-1
1,4,43,"that's good, are there any friends or romantic partners that offer support at the moment","No, not really.",0,0,0,0,0,0,0,0,0,0,0,0,0,0,0,0,0,0,0,0,0,-1,-1,-1,-1,-1,-1,-1,-1,-1,-1,-1,-1,-1,-1,-1,-1,-1,-1,-1,-1,-1
1,4,44,the relationship with your parents sounds important to you. Is it important to you to also havbe friends or a partner at this point in your life who you could spealk to9,"Yeah, it would be nice.",0,0,0,0,0,0,0,0,0,0,0,0,0,0,0,0,0,0,0,0,1,-1,-1,-1,-1,-1,-1,-1,-1,-1,-1,-1,-1,-1,-1,-1,-1,-1,-1,-1,-1,0
1,4,45,we casn wortk on ways that you can reach out if that would helop,"Yeah, maybe.",0,0,0,0,0,0,0,0,0,0,0,0,0,0,0,0,0,0,0,0,0,-1,-1,-1,-1,-1,-1,-1,-1,-1,-1,-1,-1,-1,-1,-1,-1,-1,-1,-1,-1,-1
1,4,46,"i think for now some practical steps to take to job search, as welol as some owrk o0n being kinder to yourself, would be benefivcil?","Yeah, that sounds good.",0,0,0,0,0,0,0,0,0,0,0,0,0,0,0,0,0,0,0,0,0,-1,-1,-1,-1,-1,-1,-1,-1,-1,-1,-1,-1,-1,-1,-1,-1,-1,-1,-1,-1,-1
12,23,2,how are you today,"I'm tired. I didn't sleep much last night, so my body feels heavy, like I'm moving through mud.",1,0,0,0,0,0,0,0,0,0,1,0,0,0,0,1,0,0,0,0,0,2,-1,-1,-1,-1,-1,-1,-1,-1,-1,1,-1,-1,-1,-1,2,-1,-1,-1,-1,-1
12,23,3,That sounds hard. Do you know why you didn't sleep?,I think it's just my mind racing. I kept thinking about my mum and how much I miss her.,1,0,0,1,0,0,0,0,0,1,0,0,0,0,0,0,0,0,0,1,0,2,-1,-1,1,-1,-1,-1,-1,-1,1,-1,-1,-1,-1,-1,-1,-1,-1,-1,1,-1
12,23,4,I'm sorry - that's tough. Can you tell me about your mum,She died a few years ago. I still miss her.,1,0,0,0,0,0,0,0,0,0,0,1,0,0,0,0,0,0,1,0,0,2,-1,-1,-1,-1,-1,-1,-1,-1,-1,-1,1,-1,-1,-1,-1,-1,-1,1,-1,-1
12,23,5,I hear that. What do you miss about her,Just the quiet. It's so quiet here now.,1,0,0,1,0,0,0,0,0,0,0,0,0,0,0,0,0,0,0,0,0,2,-1,-1,2,-1,-1,-1,-1,-1,-1,-1,-1,-1,-1,-1,-1,-1,-1,-1,-1,-1
12,23,6,you don't like the quiet?,"No, I mean I like it. It's just... I miss hearing her voice.",0,0,0,0,1,0,1,0,0,0,0,0,1,0,0,0,0,0,0,0,0,-1,-1,-1,-1,1,-1,1,-1,-1,-1,-1,-1,1,-1,-1,-1,-1,-1,-1,-1,-1
12,23,7,yes. and how do you feel in yourself?,I just feel lost. I keep thinking she'd be here if I did this or that differently.,0,0,0,0,0,0,0,0,0,0,0,1,0,1,0,0,0,0,0,0,0,-1,-1,-1,-1,-1,-1,-1,-1,-1,-1,-1,2,-1,1,-1,-1,-1,-1,-1,-1,-1
12,23,8,i'm sure that's not true - but i hear you feel lost,Yeah. I just don't know what I'm doing without her.,0,0,0,0,1,1,0,1,0,0,0,0,0,0,0,0,0,0,0,0,0,-1,-1,-1,-1,2,1,-1,2,-1,-1,-1,-1,-1,-1,-1,-1,-1,-1,-1,-1,-1
12,23,9,it sounds like you carry some guilt ,I guess I do. I keep thinking I should have visited her more when she was alive.,0,0,1,0,0,0,0,0,0,0,0,0,0,0,0,0,0,0,0,0,0,-1,-1,2,-1,-1,-1,-1,-1,-1,-1,-1,-1,-1,-1,-1,-1,-1,-1,-1,-1,-1
12,23,10,i think she knew you loved her,I hope she did. I just wish I could have told her that more.,0,0,0,0,0,0,0,0,0,0,0,0,0,0,0,0,0,1,0,0,0,-1,-1,-1,-1,-1,-1,-1,-1,-1,-1,-1,-1,-1,-1,-1,-1,-1,3,-1,-1,-1
12,23,11,how is your appetite?,It's terrible. I barely eat anything. I just lose my appetite when I'm thinking about her.,0,0,0,0,0,0,0,0,0,0,0,0,0,0,0,0,0,0,0,0,1,-1,-1,-1,-1,-1,-1,-1,-1,-1,-1,-1,-1,-1,-1,-1,-1,-1,-1,-1,-1,3
12,23,12,Ok. And how is your libido?,It's gone. I just can't think about sex when I'm so tired and my mind is always on her.,0,0,0,0,1,0,0,0,0,0,0,0,0,0,0,0,0,0,0,0,0,-1,-1,-1,-1,2,-1,-1,-1,-1,-1,-1,-1,-1,-1,-1,-1,-1,-1,-1,-1,-1
12,23,13,that is understandable. do you ever feel suicidal?,I don't want to say it out loud.,1,0,0,0,0,0,0,0,1,0,0,0,0,0,0,0,0,0,0,0,0,3,-1,-1,-1,-1,-1,-1,-1,1,-1,-1,-1,-1,-1,-1,-1,-1,-1,-1,-1,-1
12,23,14,say what out loud?,"That I wish she was here. It sounds so terrible, but I miss her so much it hurts.",1,0,0,0,0,0,0,0,0,0,0,0,0,0,0,0,0,0,0,0,0,3,-1,-1,-1,-1,-1,-1,-1,-1,-1,-1,-1,-1,-1,-1,-1,-1,-1,-1,-1,-1
12,23,15,I'm sorry - deep grief is so  hard. ,It is. It feels like my heart just broke in two.,0,0,0,0,0,0,1,0,0,0,0,0,0,0,0,0,1,0,0,0,0,-1,-1,-1,-1,-1,-1,2,-1,-1,-1,-1,-1,-1,-1,-1,-1,3,-1,-1,-1,-1
12,23,16,do you find yourself getting irritable easily?,"Yes. I snap at my friends and family for no reason. I know I shouldn't, but I just feel so angry and helpless.",0,0,0,0,0,0,0,0,0,0,0,0,0,0,0,0,0,0,0,0,0,-1,-1,-1,-1,-1,-1,-1,-1,-1,-1,-1,-1,-1,-1,-1,-1,-1,-1,-1,-1,-1
6,19,1,"hello, may I take your first name please?",It's Sarah.,0,0,0,0,0,0,0,0,0,0,0,0,0,0,0,0,0,0,0,0,0,-1,-1,-1,-1,-1,-1,-1,-1,-1,-1,-1,-1,-1,-1,-1,-1,-1,-1,-1,-1,-1
6,19,2,"Hello Sarah, nice to meet you. What brings you here today?","I've been having some issues with my sleep lately. I wake up really tired, and I'm hoping you can help figure out what's going on.",0,0,0,0,0,0,0,0,0,0,0,0,0,0,0,1,0,0,0,0,0,-1,-1,-1,-1,-1,-1,-1,-1,-1,-1,-1,-1,-1,-1,-1,2,-1,-1,-1,-1,-1
6,19,3,Of course. tell me a bit more about it.,"I fall asleep fine, but then I wake up at three or four in the morning and I can't get back to sleep. It's really messing with my head.",0,0,0,0,0,0,0,0,0,0,0,0,0,0,0,1,0,0,0,0,0,-1,-1,-1,-1,-1,-1,-1,-1,-1,-1,-1,-1,-1,-1,-1,2,-1,-1,-1,-1,-1
6,19,4,"Sounds really hard. Tell me, when did this start?","About three weeks ago. I thought it might be just a phase, but it hasn't stopped.",0,0,0,0,0,0,0,0,0,0,0,0,0,0,0,0,0,0,0,0,0,-1,-1,-1,-1,-1,-1,-1,-1,-1,-1,-1,-1,-1,-1,-1,-1,-1,-1,-1,-1,-1
6,19,5,I'm sorry to hear. Do you have a sense as to what might have brought this on?,"I don't know, really. I've been stressed with work, but that's nothing new. I just feel... tired all the time.",0,0,0,0,0,0,0,0,0,0,0,0,0,0,0,0,0,0,0,1,0,-1,-1,-1,-1,-1,-1,-1,-1,-1,-1,-1,-1,-1,-1,-1,-1,-1,-1,-1,3,-1
6,19,6,"Right, ok, let's see if we can make sense of this. Is there anything else troubling you right now?","It's just the usual stuff. Work is busy, and my marriage... we're not really talking.",0,0,0,0,0,0,0,0,0,0,0,0,0,0,0,0,0,0,0,0,0,-1,-1,-1,-1,-1,-1,-1,-1,-1,-1,-1,-1,-1,-1,-1,-1,-1,-1,-1,-1,-1
6,19,7,Sorry to hear. Do you want to tell me a bit more about that?,"No, it's fine. It's just... I don't know, we used to be close, and now we just exist in the same house.",0,0,0,0,0,0,0,0,0,0,0,0,0,0,0,0,0,0,0,0,0,-1,-1,-1,-1,-1,-1,-1,-1,-1,-1,-1,-1,-1,-1,-1,-1,-1,-1,-1,-1,-1
6,19,8,It sounds really important - do you think we should talk about it a bit more?,"No, I don't want to burden you. I just need to figure it out on my own, I suppose.",0,0,0,0,0,0,0,0,0,0,0,0,0,0,0,0,0,0,0,0,0,-1,-1,-1,-1,-1,-1,-1,-1,-1,-1,-1,-1,-1,-1,-1,-1,-1,-1,-1,-1,-1
6,19,9,I'm here to help and to try and understand.,"Thanks, but I think I need to deal with it on my own.",0,0,0,0,0,0,0,0,0,0,0,0,0,0,0,0,0,0,0,0,0,-1,-1,-1,-1,-1,-1,-1,-1,-1,-1,-1,-1,-1,-1,-1,-1,-1,-1,-1,-1,-1
6,19,10,You say this but something brought you here today.,You're right. I guess I just needed to talk to someone who wouldn't judge me.,0,0,0,0,0,0,0,0,0,0,0,0,0,0,0,0,0,0,0,0,0,-1,-1,-1,-1,-1,-1,-1,-1,-1,-1,-1,-1,-1,-1,-1,-1,-1,-1,-1,-1,-1
6,19,11,What would help you feel I can listen without judgment?,"I don't know, just... being honest, I suppose. You don't seem like you're going to tell me I'm stupid for being unhappy.",0,0,0,0,0,0,0,0,0,0,0,0,0,0,0,0,0,0,0,0,0,-1,-1,-1,-1,-1,-1,-1,-1,-1,-1,-1,-1,-1,-1,-1,-1,-1,-1,-1,-1,-1
6,19,12,"Of course I'm not. If you are up to it, you can take a risk, and see what happens?",I think I need to try.,0,0,0,0,0,0,0,0,0,0,0,0,0,0,0,0,0,0,0,0,0,-1,-1,-1,-1,-1,-1,-1,-1,-1,-1,-1,-1,-1,-1,-1,-1,-1,-1,-1,-1,-1
6,19,13,"Ok, try to tell me in your own words what has been happening.","It's just... I feel like I'm losing my marriage. We used to be happy, but now it feels like we're just existing.",0,0,0,0,0,0,0,0,0,0,0,0,0,0,0,0,0,0,0,0,0,-1,-1,-1,-1,-1,-1,-1,-1,-1,-1,-1,-1,-1,-1,-1,-1,-1,-1,-1,-1,-1
6,19,14,This sounds really tough. How long have you been married?,Seven years. It feels like a lifetime ago that we were happy.,0,0,0,0,0,0,0,0,0,0,0,0,0,0,0,0,0,0,0,0,0,-1,-1,-1,-1,-1,-1,-1,-1,-1,-1,-1,-1,-1,-1,-1,-1,-1,-1,-1,-1,-1
6,19,15,Do you know if anything has happened to cause this change in your relationship?,"We just grew apart, I suppose. We used to have so much to talk about, but now... nothing.",0,0,0,0,0,0,0,0,0,0,0,0,0,0,0,0,0,0,0,0,0,-1,-1,-1,-1,-1,-1,-1,-1,-1,-1,-1,-1,-1,-1,-1,-1,-1,-1,-1,-1,-1
6,19,16,Am I right in thinking that your sex life might have suffered as a result?,"Yeah. That stopped a while ago. We haven't... you know, in months. It feels like we're just roommates now.",0,0,0,0,0,0,0,0,0,0,0,0,0,0,0,0,0,0,0,0,1,-1,-1,-1,-1,-1,-1,-1,-1,-1,-1,-1,-1,-1,-1,-1,-1,-1,-1,-1,-1,3
6,19,17,"That's really tough on the relationship, isn't it? How does that leave you feeling?","It leaves me feeling empty, I suppose. It's like we used to be two people, and now we're just one person with a lot of space.",0,0,0,0,0,0,0,0,0,0,0,0,0,0,0,0,0,0,0,0,0,-1,-1,-1,-1,-1,-1,-1,-1,-1,-1,-1,-1,-1,-1,-1,-1,-1,-1,-1,-1,-1
6,19,18,Tell me about this feeling of emptiness.,"It's just... I look at our house, and I see all this space that used to be filled with us. Now it's just silence.",0,0,0,0,0,0,0,0,0,0,0,0,0,0,0,0,0,0,0,0,0,-1,-1,-1,-1,-1,-1,-1,-1,-1,-1,-1,-1,-1,-1,-1,-1,-1,-1,-1,-1,-1
6,19,19,I imagine this doesn't make you feel good about yourself?,"No, it makes me feel... useless. Like I failed at being a wife.",1,0,1,0,0,0,0,0,0,0,0,0,0,0,0,0,0,0,0,0,0,1,-1,3,-1,-1,-1,-1,-1,-1,-1,-1,-1,-1,-1,-1,-1,-1,-1,-1,-1,-1
6,19,20,How do you deal with that?,"I don't. I just go to bed and cry, usually.",0,0,0,0,0,0,0,0,0,0,0,0,0,0,0,0,0,0,0,0,0,-1,-1,-1,-1,-1,-1,-1,-1,-1,-1,-1,-1,-1,-1,-1,-1,-1,-1,-1,-1,-1
6,19,21,Really tough. Do you find yourself sleeping more than usual?,"Yeah, I sleep a lot. I just need to be out of my own head for a few hours.",0,0,0,0,0,0,0,0,0,0,0,0,0,0,0,0,0,0,0,0,0,-1,-1,-1,-1,-1,-1,-1,-1,-1,-1,-1,-1,-1,-1,-1,-1,-1,-1,-1,-1,-1
6,19,22,and what does that do to your energy levels the next day?,"It doesn't help. I wake up tired, even if I slept a lot.",0,0,0,0,0,0,0,0,0,0,0,0,0,0,1,0,0,0,0,1,0,-1,-1,-1,-1,-1,-1,-1,-1,-1,-1,-1,-1,-1,-1,3,-1,-1,-1,-1,3,-1
6,19,23,can I ask you about some other symptoms?,Like what?,0,0,0,0,0,0,0,0,0,0,0,0,0,0,0,0,0,0,0,0,0,-1,-1,-1,-1,-1,-1,-1,-1,-1,-1,-1,-1,-1,-1,-1,-1,-1,-1,-1,-1,-1
6,19,24,Your appetite?,"It's gone. I eat because I have to, but I don't really want to.",0,0,0,0,0,0,0,0,0,0,0,0,0,0,0,0,0,1,0,0,0,-1,-1,-1,-1,-1,-1,-1,-1,-1,-1,-1,-1,-1,-1,-1,-1,-1,3,-1,-1,-1
6,19,25,and your concentration?,It's... poor. I read a sentence and forget what it said.,0,0,0,0,0,0,0,0,0,0,0,0,0,0,0,0,0,0,1,0,0,-1,-1,-1,-1,-1,-1,-1,-1,-1,-1,-1,-1,-1,-1,-1,-1,-1,-1,3,-1,-1
6,19,26,and what about irritability? do you find yourself feeling more annoyed than usual?,"Constantly. I snap at people for no reason, and then I feel awful about it.",0,0,0,0,0,0,0,0,0,0,0,0,0,0,0,0,1,0,0,0,0,-1,-1,-1,-1,-1,-1,-1,-1,-1,-1,-1,-1,-1,-1,-1,-1,3,-1,-1,-1,-1
6,19,27,"that's a lot of stuff to have to deal with, right?",It feels like I'm drowning in it.,0,0,0,0,0,0,0,0,0,0,0,0,0,0,0,0,0,0,0,0,0,-1,-1,-1,-1,-1,-1,-1,-1,-1,-1,-1,-1,-1,-1,-1,-1,-1,-1,-1,-1,-1
6,19,28,what do you think is going on?,I don't know. I just feel like I'm losing myself in this marriage.,0,0,0,0,0,0,0,0,0,0,0,0,0,0,0,0,0,0,0,0,0,-1,-1,-1,-1,-1,-1,-1,-1,-1,-1,-1,-1,-1,-1,-1,-1,-1,-1,-1,-1,-1
6,19,29,"do you think it's possible you might be feeling a bit down, or low in mood?",I don't know if 'down' is the right word... I just feel... flat. Like nothing matters anymore.,0,0,0,0,0,0,0,0,0,0,0,0,0,0,0,0,0,0,0,0,0,-1,-1,-1,-1,-1,-1,-1,-1,-1,-1,-1,-1,-1,-1,-1,-1,-1,-1,-1,-1,-1
6,19,30,what's the difference between flat and down?,"Down means I'm sad, but flat means I'm just... existing. There's a difference.",0,0,0,0,0,0,0,0,0,0,0,0,0,0,0,0,0,0,0,0,0,-1,-1,-1,-1,-1,-1,-1,-1,-1,-1,-1,-1,-1,-1,-1,-1,-1,-1,-1,-1,-1
6,19,31,"right, ok. interesting. You are saying flat is almost like feeling...numb?","Yeah, exactly. I'm just going through the motions.",0,0,0,0,0,0,0,0,0,0,0,0,0,0,0,0,0,0,0,0,0,-1,-1,-1,-1,-1,-1,-1,-1,-1,-1,-1,-1,-1,-1,-1,-1,-1,-1,-1,-1,-1
6,19,32,what about your hobbies? ,I haven't done any of those things in weeks.,0,0,0,1,0,0,0,0,0,0,0,0,0,0,0,0,0,0,0,0,0,-1,-1,-1,3,-1,-1,-1,-1,-1,-1,-1,-1,-1,-1,-1,-1,-1,-1,-1,-1,-1
6,19,33,do you find you can enjoy anything at the moment?,"No. I used to love reading, but now it just feels like work.",0,0,0,1,0,0,0,0,0,0,0,0,0,0,0,0,0,0,0,0,0,-1,-1,-1,3,-1,-1,-1,-1,-1,-1,-1,-1,-1,-1,-1,-1,-1,-1,-1,-1,-1
6,19,34,"right, thanks. sounds like a lot is going on for you Sarah.",It feels like my whole life has been turned upside down.,0,0,0,0,0,0,0,0,0,0,0,0,0,0,0,0,0,0,0,0,0,-1,-1,-1,-1,-1,-1,-1,-1,-1,-1,-1,-1,-1,-1,-1,-1,-1,-1,-1,-1,-1
6,19,35,"I'm wondering how you feel within yourself. you know, when you have a moment to yourself and check in with Sarah... how does she feel?",Honestly? I don't know. I haven't really looked.,0,0,0,0,0,0,0,0,0,0,0,0,0,0,0,0,0,0,0,0,0,-1,-1,-1,-1,-1,-1,-1,-1,-1,-1,-1,-1,-1,-1,-1,-1,-1,-1,-1,-1,-1
6,19,36,Shall we look now/,I don't know...,0,0,0,0,0,0,0,0,0,0,0,0,0,0,0,0,0,0,0,0,0,-1,-1,-1,-1,-1,-1,-1,-1,-1,-1,-1,-1,-1,-1,-1,-1,-1,-1,-1,-1,-1
6,19,37,Is there a reason as to why we shouldn't?,Because I don't know what I'd see. I don't know if I'm even the same person anymore.,0,0,0,0,0,0,0,0,0,0,0,0,0,0,0,0,0,0,0,0,0,-1,-1,-1,-1,-1,-1,-1,-1,-1,-1,-1,-1,-1,-1,-1,-1,-1,-1,-1,-1,-1
6,19,38,Shall we find out? At least you won't be alone when you discover how you feel.,Okay... I'll try.,0,0,0,0,0,0,0,0,0,0,0,0,0,0,0,0,0,0,0,0,0,-1,-1,-1,-1,-1,-1,-1,-1,-1,-1,-1,-1,-1,-1,-1,-1,-1,-1,-1,-1,-1
6,19,39,"I'm just thinking that when people are feeling flat, it's not unusual for them to feel a bit... I guess... emotional?",Yeah. I guess I'm just scared of what I might find.,0,0,0,0,0,0,0,0,0,0,0,0,0,0,0,0,0,0,0,0,0,-1,-1,-1,-1,-1,-1,-1,-1,-1,-1,-1,-1,-1,-1,-1,-1,-1,-1,-1,-1,-1
6,19,40,do you ever catch yourself wanting to cry?,Yes. All the time.,0,0,0,0,0,0,0,0,0,1,0,0,0,0,0,0,0,0,0,0,0,-1,-1,-1,-1,-1,-1,-1,-1,-1,3,-1,-1,-1,-1,-1,-1,-1,-1,-1,-1,-1
6,19,41,"This is important to know, thank you. ",You're welcome.,0,0,0,0,0,0,0,0,0,0,0,0,0,0,0,0,0,0,0,0,0,-1,-1,-1,-1,-1,-1,-1,-1,-1,-1,-1,-1,-1,-1,-1,-1,-1,-1,-1,-1,-1
6,19,42,How about how Sarah feels about Sarah? does she like her?,I don't know. I haven't really thought about it.,0,0,0,0,0,0,0,0,0,0,0,0,0,0,0,0,0,0,0,0,0,-1,-1,-1,-1,-1,-1,-1,-1,-1,-1,-1,-1,-1,-1,-1,-1,-1,-1,-1,-1,-1
6,19,43,"Well, let's think about it now.",I don't know if I like her anymore.,0,0,0,0,0,0,1,0,0,0,0,0,0,0,0,0,0,0,0,0,0,-1,-1,-1,-1,-1,-1,1,-1,-1,-1,-1,-1,-1,-1,-1,-1,-1,-1,-1,-1,-1
6,19,44,do you ever become critical of her?,Yes. I catch myself thinking things like 'she's not trying' or 'she's not even here'.,0,0,0,0,0,0,0,1,0,0,0,0,0,0,0,0,0,0,0,0,0,-1,-1,-1,-1,-1,-1,-1,3,-1,-1,-1,-1,-1,-1,-1,-1,-1,-1,-1,-1,-1
6,19,45,"and that's really painful, right?",Yes. It hurts.,1,0,0,0,0,0,1,0,0,0,0,0,0,0,0,0,0,0,0,0,0,3,-1,-1,-1,-1,-1,2,-1,-1,-1,-1,-1,-1,-1,-1,-1,-1,-1,-1,-1,-1
6,19,46,sometimes people find themselves having a very bleak outlook towards life. does this ring a bell with you?,I don't know if 'bleak' is the right word... I just feel like I'm losing my grip on things.,0,0,0,0,0,0,0,0,0,0,0,0,0,0,0,0,0,0,0,0,0,-1,-1,-1,-1,-1,-1,-1,-1,-1,-1,-1,-1,-1,-1,-1,-1,-1,-1,-1,-1,-1
6,19,47,what would be the right word?,Hopeless. I don't know if I have that left.,0,1,0,0,0,0,0,0,0,0,0,0,0,0,0,0,0,0,0,0,0,-1,2,-1,-1,-1,-1,-1,-1,-1,-1,-1,-1,-1,-1,-1,-1,-1,-1,-1,-1,-1
6,19,48,hopelessness is a very common thing when people are struggling. some people can also experience thoughts of not wanting to be alive any more.,No... I don't think I'm there yet. I just... I don't know what I'm fighting for anymore.,0,0,0,0,0,0,0,0,1,0,0,0,0,0,0,0,0,0,0,0,0,-1,-1,-1,-1,-1,-1,-1,-1,0,-1,-1,-1,-1,-1,-1,-1,-1,-1,-1,-1,-1
6,19,49,"that's reassuring, right?",I suppose so.,0,0,0,0,0,0,0,0,0,0,0,0,0,0,0,0,0,0,0,0,0,-1,-1,-1,-1,-1,-1,-1,-1,-1,-1,-1,-1,-1,-1,-1,-1,-1,-1,-1,-1,-1
6,19,50,you sound low,I am.,0,0,0,0,0,0,0,0,0,0,0,0,0,0,0,0,0,0,0,0,0,-1,-1,-1,-1,-1,-1,-1,-1,-1,-1,-1,-1,-1,-1,-1,-1,-1,-1,-1,-1,-1
6,19,51,is it fair to say you sound a bit... defensive?,Maybe.,0,0,0,0,0,0,0,0,0,0,0,0,0,0,0,0,0,0,0,0,0,-1,-1,-1,-1,-1,-1,-1,-1,-1,-1,-1,-1,-1,-1,-1,-1,-1,-1,-1,-1,-1
6,19,52,"I have a few more questions, if that's ok?",Go ahead.,0,0,0,0,0,0,0,0,0,0,0,0,0,0,0,0,0,0,0,0,0,-1,-1,-1,-1,-1,-1,-1,-1,-1,-1,-1,-1,-1,-1,-1,-1,-1,-1,-1,-1,-1
6,19,53,"do you ever find yourself judging yourself, your self worth, and your self esteem?",Constantly.,0,0,0,0,0,0,0,0,0,0,0,0,0,0,0,0,0,0,0,0,0,-1,-1,-1,-1,-1,-1,-1,-1,-1,-1,-1,-1,-1,-1,-1,-1,-1,-1,-1,-1,-1
6,19,54,can you give me an example of this?,"I look at my marriage and I think, 'I failed at this'.",0,0,0,0,0,0,0,0,0,0,0,0,0,0,0,0,0,0,0,0,0,-1,-1,-1,-1,-1,-1,-1,-1,-1,-1,-1,-1,-1,-1,-1,-1,-1,-1,-1,-1,-1
6,19,55,and what does that say about you as a person?,That I'm not good enough.,0,0,0,0,0,0,0,0,0,0,0,0,0,1,0,0,0,0,0,0,0,-1,-1,-1,-1,-1,-1,-1,-1,-1,-1,-1,-1,-1,3,-1,-1,-1,-1,-1,-1,-1
6,19,56,I can feel the pain in this statement.,Yeah. It's just... I don't know if I can keep doing this.,0,0,0,0,0,0,0,0,0,0,0,0,0,0,0,0,0,0,0,0,0,-1,-1,-1,-1,-1,-1,-1,-1,-1,-1,-1,-1,-1,-1,-1,-1,-1,-1,-1,-1,-1
6,19,57,what are your options?,I don't know. I don't think I can fix this.,0,1,0,0,0,0,0,0,0,0,0,0,0,0,0,0,0,0,0,0,0,-1,3,-1,-1,-1,-1,-1,-1,-1,-1,-1,-1,-1,-1,-1,-1,-1,-1,-1,-1,-1
6,19,58,let's see what we can do before you give up.,I don't know if it's too late.,0,0,0,0,0,0,0,0,0,0,0,0,0,0,0,0,0,0,0,0,0,-1,-1,-1,-1,-1,-1,-1,-1,-1,-1,-1,-1,-1,-1,-1,-1,-1,-1,-1,-1,-1
6,19,59,it's important that we think of activities that make you feel like yourself. like your hobbies.,"I used to love painting, but I haven't picked up a brush in months.",0,0,0,0,0,0,0,0,0,0,0,1,0,0,0,0,0,0,0,0,0,-1,-1,-1,-1,-1,-1,-1,-1,-1,-1,-1,3,-1,-1,-1,-1,-1,-1,-1,-1,-1
6,19,60,and how does that make you feel?,"It makes me feel... like I'm still alive, I suppose.",0,0,0,0,0,0,0,0,0,0,0,0,0,0,0,0,0,0,0,0,0,-1,-1,-1,-1,-1,-1,-1,-1,-1,-1,-1,-1,-1,-1,-1,-1,-1,-1,-1,-1,-1
6,19,61,it sounds as if its something you enjoy doing but havent done in a while... I wonder why that is,I don't know. I just stopped.,0,0,0,0,0,0,0,0,0,0,0,0,0,0,0,0,0,0,0,0,0,-1,-1,-1,-1,-1,-1,-1,-1,-1,-1,-1,-1,-1,-1,-1,-1,-1,-1,-1,-1,-1
6,19,62,do you think you might be punishing yourself in some way here?,Maybe.,0,0,0,0,0,1,0,0,0,0,0,0,0,0,0,0,0,0,0,0,0,-1,-1,-1,-1,-1,1,-1,-1,-1,-1,-1,-1,-1,-1,-1,-1,-1,-1,-1,-1,-1
6,19,63,Not sure?,I don't know.,0,0,0,0,0,0,0,0,0,0,0,0,0,0,0,0,0,0,0,0,0,-1,-1,-1,-1,-1,-1,-1,-1,-1,-1,-1,-1,-1,-1,-1,-1,-1,-1,-1,-1,-1
6,19,64,can I run past you a couple more things that we know people are struggling with when going through a sticky patch?,Go ahead.,0,0,0,0,0,0,0,0,0,0,0,0,0,0,0,0,0,0,0,0,0,-1,-1,-1,-1,-1,-1,-1,-1,-1,-1,-1,-1,-1,-1,-1,-1,-1,-1,-1,-1,-1
6,19,65,do you ever find yourself feeling a bit undecisive about what to do next?,Yes. All the time.,0,0,0,0,0,0,0,0,0,0,0,0,1,0,0,0,0,0,0,0,0,-1,-1,-1,-1,-1,-1,-1,-1,-1,-1,-1,-1,3,-1,-1,-1,-1,-1,-1,-1,-1
6,19,66,and how about feeling irritable? especially with others?,Constantly.,0,0,0,0,0,0,0,0,0,0,1,0,0,0,0,0,0,0,0,0,0,-1,-1,-1,-1,-1,-1,-1,-1,-1,-1,3,-1,-1,-1,-1,-1,-1,-1,-1,-1,-1
6,19,67,"lastly, do you ever find yourself thinking ""it's all me, I have caused this""",Yes.,0,0,0,0,1,0,0,0,0,0,0,0,0,0,0,0,0,0,0,0,0,-1,-1,-1,-1,3,-1,-1,-1,-1,-1,-1,-1,-1,-1,-1,-1,-1,-1,-1,-1,-1
6,19,68,I think you may be depressed Sarah,I don't know.,0,0,0,0,0,0,0,0,0,0,0,0,0,0,0,0,0,0,0,0,0,-1,-1,-1,-1,-1,-1,-1,-1,-1,-1,-1,-1,-1,-1,-1,-1,-1,-1,-1,-1,-1
4,15,1,Have you felt sad lately?,"Yeah, a bit. It’s just... everything feels heavy, you know? The grocery shopping, the bills, the news... it all just feels like too much.",1,0,0,0,0,0,0,0,0,0,0,0,0,0,0,0,0,0,0,0,0,1,-1,-1,-1,-1,-1,-1,-1,-1,-1,-1,-1,-1,-1,-1,-1,-1,-1,-1,-1,-1
4,15,2,what has been fun for you lately?,"Nothing, really. I used to love cooking, but now it just feels like a chore. I tried making a simple pasta dish last week and I just got so frustrated with the sauce that I ended it. I don't have the patience for it anymore.",0,0,0,1,0,0,0,0,0,0,0,0,0,0,0,0,0,0,0,0,0,-1,-1,-1,0,-1,-1,-1,-1,-1,-1,-1,-1,-1,-1,-1,-1,-1,-1,-1,-1,-1
4,15,3,how do you feel about yourself?,"I don't know. I look at people online who are younger than me, and they're doing amazing things. I just feel like I've lost my touch. I used to be the one in control, and now I just feel like I'm just going through the motions.",0,1,1,0,0,0,1,1,0,0,0,0,0,0,1,0,0,0,0,1,0,-1,1,1,-1,-1,-1,2,2,-1,-1,-1,-1,-1,-1,1,-1,-1,-1,-1,1,-1
4,15,4,Crying lately?,"Yeah. Just little things. A commercial, a song... it's embarrassing, really. I feel like I've lost my grip on things.",0,0,0,0,0,0,0,0,0,1,0,0,0,0,0,0,0,0,0,0,0,-1,-1,-1,-1,-1,-1,-1,-1,-1,2,-1,-1,-1,-1,-1,-1,-1,-1,-1,-1,-1
4,15,5,feeling suicidal?,"No... I don't think so. It's just... I don't know who I am anymore. I used to be someone who took care of things, but now I'm just... stuck.",0,0,1,0,0,0,0,0,1,0,0,0,1,0,0,0,0,0,0,0,0,-1,-1,1,-1,-1,-1,-1,-1,0,-1,-1,-1,1,-1,-1,-1,-1,-1,-1,-1,-1
4,15,6,feel guilty?,"Yeah. I look at my phone and see people messaging me, asking how I'm doing... and I can't even answer that. I feel like I'm letting everyone down.",0,0,0,0,1,1,0,0,0,0,0,0,0,1,0,0,0,0,0,0,0,-1,-1,-1,-1,1,1,-1,-1,-1,-1,-1,-1,-1,1,-1,-1,-1,-1,-1,-1,-1
4,15,7,irritable or upset lately?,"All the time. Little things annoy me so much now. I'll see a dirty floor and just get angry. It's not even rational, but I can't help it.",0,0,0,0,0,0,0,0,0,0,1,0,0,0,0,0,1,0,0,0,0,-1,-1,-1,-1,-1,-1,-1,-1,-1,-1,2,-1,-1,-1,-1,-1,2,-1,-1,-1,-1
4,15,8,sleeping ok?,"No. I lie there for hours, thinking about everything. I don't sleep at all sometimes.",0,0,0,0,0,0,0,0,0,0,0,0,0,0,0,1,0,0,0,0,0,-1,-1,-1,-1,-1,-1,-1,-1,-1,-1,-1,-1,-1,-1,-1,2,-1,-1,-1,-1,-1
4,15,9,interested in things like food?,"Not really. I used to love trying new recipes, but now it just feels like a chore. I don't even want to look at a menu.",0,0,0,0,0,0,0,0,0,0,0,1,0,0,0,0,0,1,0,0,0,-1,-1,-1,-1,-1,-1,-1,-1,-1,-1,-1,2,-1,-1,-1,-1,-1,2,-1,-1,-1
4,15,10,mind wandering a lot?,All the time. I'll be sitting on the couch and suddenly I'm thinking about my job ten years ago. It's like my brain is just stuck in the past.,0,0,1,0,0,0,0,0,0,0,0,0,0,0,0,0,0,0,1,0,0,-1,-1,3,-1,-1,-1,-1,-1,-1,-1,-1,-1,-1,-1,-1,-1,-1,-1,2,-1,-1
4,15,11,sex life?,Non-existent. I haven't... you know... in months. I just can't face it. I don't know who I am anymore.,0,0,0,0,0,0,0,0,0,0,0,0,0,0,0,0,0,0,0,0,1,-1,-1,-1,-1,-1,-1,-1,-1,-1,-1,-1,-1,-1,-1,-1,-1,-1,-1,-1,-1,3
11,15,1,Let us begin,"I’m ready to start. I have a bit of a headache, but it’s not too bad. I just want to see if there is anything else I should be doing to help it feel better.",0,0,0,0,0,0,0,0,0,0,0,0,0,0,0,0,0,0,0,1,0,-1,-1,-1,-1,-1,-1,-1,-1,-1,-1,-1,-1,-1,-1,-1,-1,-1,-1,-1,1,-1
11,15,2,next,Sorry about that. I guess I’m just worried about the future a bit. Sorry to dump that on you.,0,1,0,0,0,0,0,0,0,0,0,0,0,0,0,0,0,0,0,0,0,-1,2,-1,-1,-1,-1,-1,-1,-1,-1,-1,-1,-1,-1,-1,-1,-1,-1,-1,-1,-1
11,15,3,go on,"I guess I feel like I should be doing something more with my life, but I’m not sure what. It’s hard to think about when I’m just trying to get through the day.",0,0,0,0,1,0,0,0,0,0,0,0,0,0,1,0,0,0,1,0,0,-1,-1,-1,-1,1,-1,-1,-1,-1,-1,-1,-1,-1,-1,1,-1,-1,-1,1,-1,-1
11,15,4,That's hard. Please tell me more,"I guess I’m just stuck on what I want to do next. I thought about going back to school, but I’m not sure if I have the energy for it right now. I just feel like I’m drifting.",0,0,0,0,0,0,0,0,0,0,0,0,0,0,0,0,0,0,0,0,0,-1,-1,-1,-1,-1,-1,-1,-1,-1,-1,-1,-1,-1,-1,-1,-1,-1,-1,-1,-1,-1
11,15,5,How's your sleep?,"It’s been a bit heavy. I go to bed early, but I wake up in the middle of the night. I usually just lie there for a bit before falling back asleep.",0,0,0,0,0,0,0,0,0,0,0,0,0,0,0,1,0,0,0,0,0,-1,-1,-1,-1,-1,-1,-1,-1,-1,-1,-1,-1,-1,-1,-1,1,-1,-1,-1,-1,-1
11,15,6,feeling irritable or upset?,"Yeah, a bit. I get a bit frustrated with myself for being so unsure about everything. Sorry to complain about it, though.",0,0,0,0,0,0,1,0,0,0,0,0,0,0,0,0,1,0,0,0,0,-1,-1,-1,-1,-1,-1,1,-1,-1,-1,-1,-1,-1,-1,-1,-1,2,-1,-1,-1,-1
11,15,7,are you sad?,"Maybe a little. I just feel like I’m missing something. I guess it’s just a normal part of getting older, but it’s hard to deal with right now.",1,0,0,0,0,0,0,0,0,0,0,0,0,0,0,0,0,0,0,0,0,1,-1,-1,-1,-1,-1,-1,-1,-1,-1,-1,-1,-1,-1,-1,-1,-1,-1,-1,-1,-1
11,15,8,losing interest in things you used to enjoy?,"Yeah, a bit. I used to love reading, but lately, I just can’t get into a book. I feel like I’m losing my touch with history, I guess.",0,0,1,1,0,0,0,0,0,0,0,0,0,0,0,0,0,0,0,0,0,-1,-1,1,2,-1,-1,-1,-1,-1,-1,-1,-1,-1,-1,-1,-1,-1,-1,-1,-1,-1
11,15,9,feel very self-critial or like you are being punished?,"Not exactly punished, but I guess I feel like I’m not doing enough. I see everyone else moving forward, and I just feel stuck.",0,0,0,0,0,1,0,1,0,0,0,0,0,0,0,0,0,0,0,0,0,-1,-1,-1,-1,-1,0,-1,1,-1,-1,-1,-1,-1,-1,-1,-1,-1,-1,-1,-1,-1
11,15,10,are you crying much lately or feeling agitated?,"No, not really. It’s just a low-level feeling. Sorry to make it sound so dramatic.",0,0,0,0,0,0,0,0,0,1,1,0,0,0,0,0,0,0,0,0,0,-1,-1,-1,-1,-1,-1,-1,-1,-1,0,0,-1,-1,-1,-1,-1,-1,-1,-1,-1,-1
11,15,11,any suicidal thoughts ?,"No, I don't think that. I’m sorry if I said that came across wrong. I just... I don't know how to fix this.",0,0,0,0,0,0,0,0,1,0,0,0,0,0,0,0,0,0,0,0,0,-1,-1,-1,-1,-1,-1,-1,-1,0,-1,-1,-1,-1,-1,-1,-1,-1,-1,-1,-1,-1
11,15,12,feeling worthless?,"Maybe a little. I keep thinking I should be doing something to help, but I don't know what. It’s a bit of a loop.",0,0,0,0,0,0,0,0,0,0,0,0,0,1,0,0,0,0,0,0,0,-1,-1,-1,-1,-1,-1,-1,-1,-1,-1,-1,-1,-1,1,-1,-1,-1,-1,-1,-1,-1
11,15,13,appetite changing at all?,Not really. I still eat the same stuff. I guess I just... I don't know. Sorry to make this so much about me.,0,0,0,0,0,0,0,0,0,0,0,0,0,0,0,0,0,1,0,0,0,-1,-1,-1,-1,-1,-1,-1,-1,-1,-1,-1,-1,-1,-1,-1,-1,-1,1,-1,-1,-1
11,15,14,loss of libido?,"Yeah, that too. I just don’t have the energy for it, and I don’t know if I ever will again.",0,0,0,0,0,0,0,0,0,0,0,1,0,0,0,0,0,0,0,0,1,-1,-1,-1,-1,-1,-1,-1,-1,-1,-1,-1,2,-1,-1,-1,-1,-1,-1,-1,-1,2
11,15,15,trouble making up your mind?,"Yeah. I overthink everything, I guess. I just want to know what the right thing to do is, but I never can figure it out.",0,0,0,0,0,0,0,0,0,0,0,0,1,0,0,0,0,0,0,0,0,-1,-1,-1,-1,-1,-1,-1,-1,-1,-1,-1,-1,2,-1,-1,-1,-1,-1,-1,-1,-1
7,19,1,would you like to start by telling me something about what brings you here today?,Yeah. It’s just... I keep thinking about how I could have done things differently. It’s hard not to blame myself.,0,0,1,0,0,0,0,0,0,0,0,0,0,0,0,0,0,0,0,0,0,-1,-1,1,-1,-1,-1,-1,-1,-1,-1,-1,-1,-1,-1,-1,-1,-1,-1,-1,-1,-1
7,19,2,tell me a bit more about this,"It’s just the not knowing. If I had done something differently, maybe this wouldn't have happened.",0,0,0,0,0,0,0,0,0,0,0,0,0,0,0,0,0,0,0,0,0,-1,-1,-1,-1,-1,-1,-1,-1,-1,-1,-1,-1,-1,-1,-1,-1,-1,-1,-1,-1,-1
7,19,3,sounds hard. tell me a bit more about what is on your mind,"I keep replaying the breakup in my head, thinking maybe I missed something. It’s hard to shake the feeling that I should have tried harder.",0,0,0,0,0,0,0,1,0,0,0,0,0,0,0,0,0,0,0,0,0,-1,-1,-1,-1,-1,-1,-1,3,-1,-1,-1,-1,-1,-1,-1,-1,-1,-1,-1,-1,-1
7,19,4,im sorry to hear this. when did this happen?,"A few weeks ago. It was a shock, and I just... I don't know, I feel lost right now.",0,0,0,0,0,0,0,0,0,0,0,0,0,0,0,0,0,0,0,0,0,-1,-1,-1,-1,-1,-1,-1,-1,-1,-1,-1,-1,-1,-1,-1,-1,-1,-1,-1,-1,-1
7,19,5,I can imagine. I'm sorry to hear. did you see this coming?,"Not really. We were fine, and then suddenly... it was over.",0,0,0,0,0,0,0,0,0,0,0,0,0,0,0,0,0,0,0,0,0,-1,-1,-1,-1,-1,-1,-1,-1,-1,-1,-1,-1,-1,-1,-1,-1,-1,-1,-1,-1,-1
7,19,6,how did things end between. you,"We just... stopped talking. He told me he needed space, and I just gave it to him.",0,0,0,0,0,0,0,0,0,0,0,0,0,0,0,0,0,0,0,0,0,-1,-1,-1,-1,-1,-1,-1,-1,-1,-1,-1,-1,-1,-1,-1,-1,-1,-1,-1,-1,-1
7,19,7,it sounds really hard. how are you left feeling?,"Lonely, I guess. I keep thinking I should be better at this by now, but I just... I don't know.",0,0,0,0,0,0,0,0,0,0,0,0,0,0,0,0,0,0,0,0,0,-1,-1,-1,-1,-1,-1,-1,-1,-1,-1,-1,-1,-1,-1,-1,-1,-1,-1,-1,-1,-1
7,19,8,"loneliness is a very difficult feeling, right?","Yeah. It feels like a failure, like I'm not good enough.",0,0,0,0,0,0,1,1,0,0,0,0,0,1,0,0,0,0,0,0,0,-1,-1,-1,-1,-1,-1,1,2,-1,-1,-1,-1,-1,3,-1,-1,-1,-1,-1,-1,-1
7,19,9,have you felt like this before?,"Yeah. We broke up a few years ago, and I thought I had moved on, but I guess I didn't really.",0,0,0,0,0,0,0,0,0,0,0,0,0,0,0,0,0,0,0,0,0,-1,-1,-1,-1,-1,-1,-1,-1,-1,-1,-1,-1,-1,-1,-1,-1,-1,-1,-1,-1,-1
7,19,10,"right, sorry to hear this, it sounds as if you are going through a hard time right now. if I was to ask you to give me a list of things that you are struggling with, what would you say?",Just... the not knowing. Not knowing why it ended or how to fix it.,0,0,0,0,0,0,0,0,0,0,0,0,0,0,0,0,0,0,0,0,0,-1,-1,-1,-1,-1,-1,-1,-1,-1,-1,-1,-1,-1,-1,-1,-1,-1,-1,-1,-1,-1
7,19,11,"this is really hard, right?","Yeah. It feels like I should be over it by now, but I just can't seem to move on.",0,0,0,0,0,0,0,0,0,0,0,0,0,0,0,0,0,0,0,0,0,-1,-1,-1,-1,-1,-1,-1,-1,-1,-1,-1,-1,-1,-1,-1,-1,-1,-1,-1,-1,-1
7,19,12,and not knowing how to fix it you said. how does that leave you feeling?,Just stuck. Like I'm just waiting for the other shoe to drop or something.,0,1,0,0,0,0,0,0,0,0,0,0,0,0,0,0,0,0,0,0,0,-1,3,-1,-1,-1,-1,-1,-1,-1,-1,-1,-1,-1,-1,-1,-1,-1,-1,-1,-1,-1
7,19,13,"that's a real worry, right?",Yeah. It is. I just don't know what the future holds for me right now.,0,0,0,0,0,0,0,0,0,0,0,0,0,0,0,0,0,0,0,0,0,-1,-1,-1,-1,-1,-1,-1,-1,-1,-1,-1,-1,-1,-1,-1,-1,-1,-1,-1,-1,-1
7,19,14,what would you like?,"Just... to be happy again, I guess. I don't know how to get there.",0,0,0,0,0,0,0,0,0,0,0,0,0,0,0,0,0,0,0,0,0,-1,-1,-1,-1,-1,-1,-1,-1,-1,-1,-1,-1,-1,-1,-1,-1,-1,-1,-1,-1,-1
7,19,15,do you think you will be happy again?,"I don't know. I keep hoping I will, but I just... I don't know.",0,1,0,0,0,0,0,0,0,0,0,0,0,0,0,0,0,0,0,0,0,-1,1,-1,-1,-1,-1,-1,-1,-1,-1,-1,-1,-1,-1,-1,-1,-1,-1,-1,-1,-1
7,19,16,"many people, when working through a difficult situation, sometimes have thoughts of not wanting to be around. have you found yourself thinking in this way?",Yeah. It happens. I just feel so... tired. I don't know how to keep going right now.,0,0,0,0,0,0,0,0,1,0,0,0,1,0,0,0,0,0,0,1,0,-1,-1,-1,-1,-1,-1,-1,-1,1,-1,-1,-1,1,-1,-1,-1,-1,-1,-1,3,-1
7,19,17,"this is very normal, you know, especially when emotions are still raw.",I guess. It just feels so... weak.,0,0,0,0,0,0,0,0,0,0,0,0,0,0,0,0,0,0,0,0,0,-1,-1,-1,-1,-1,-1,-1,-1,-1,-1,-1,-1,-1,-1,-1,-1,-1,-1,-1,-1,-1
7,19,18,physically or emotionally?,"Both, I guess. Just... I don't know how to stop this feeling.",0,0,0,0,0,0,0,0,0,0,0,0,0,0,1,0,0,0,0,0,0,-1,-1,-1,-1,-1,-1,-1,-1,-1,-1,-1,-1,-1,-1,3,-1,-1,-1,-1,-1,-1
7,19,19,"well, it sounds as if you are in the middle of something big. could we think about your daily life for a minute?",Yeah. It's just... I wake up and the apartment feels empty.,0,0,0,0,0,0,0,0,0,0,0,0,0,0,0,0,0,0,0,0,0,-1,-1,-1,-1,-1,-1,-1,-1,-1,-1,-1,-1,-1,-1,-1,-1,-1,-1,-1,-1,-1
7,19,20,that sense of loneliness?,Yeah. It’s constant. I just feel like I'm walking around in circles.,0,0,0,0,0,0,0,0,0,0,0,0,0,0,0,0,0,0,0,0,0,-1,-1,-1,-1,-1,-1,-1,-1,-1,-1,-1,-1,-1,-1,-1,-1,-1,-1,-1,-1,-1
7,19,21,how about your sleep? do you sleep enough?,"Not really. I wake up a lot, and then I just lie there thinking.",0,0,0,0,0,0,0,0,0,0,0,0,0,0,0,1,0,0,0,0,0,-1,-1,-1,-1,-1,-1,-1,-1,-1,-1,-1,-1,-1,-1,-1,2,-1,-1,-1,-1,-1
7,19,22,...of?,The breakup. I just keep thinking about how I could have done things differently.,0,0,0,0,0,0,0,0,0,0,0,0,0,0,0,0,0,0,0,0,0,-1,-1,-1,-1,-1,-1,-1,-1,-1,-1,-1,-1,-1,-1,-1,-1,-1,-1,-1,-1,-1
7,19,23,and how about your eating? how is that going?,"Not great. I just end up eating in front of the TV, so I don't have to think.",0,0,0,0,0,0,0,0,0,0,0,0,0,0,0,0,0,0,0,0,0,-1,-1,-1,-1,-1,-1,-1,-1,-1,-1,-1,-1,-1,-1,-1,-1,-1,-1,-1,-1,-1
7,19,24,not great because...?,Because I just don't want to cook. I don't have the energy.,0,0,0,1,0,0,0,0,0,0,0,1,0,0,0,0,0,1,0,0,0,-1,-1,-1,2,-1,-1,-1,-1,-1,-1,-1,2,-1,-1,-1,-1,-1,3,-1,-1,-1
7,19,25,does that get in the way of your day to day life?,"Yeah. I just miss cooking. I used to love it, but now it just feels like a chore.",0,0,0,0,0,0,0,0,0,0,0,0,0,0,0,0,0,0,0,0,0,-1,-1,-1,-1,-1,-1,-1,-1,-1,-1,-1,-1,-1,-1,-1,-1,-1,-1,-1,-1,-1
7,19,26,do you find there are other things you are struggling to do?,"Yeah. I just... I miss my routine. I used to have a routine, and now I just don't.",0,0,0,0,0,0,0,0,0,0,0,0,0,0,0,0,0,0,0,0,0,-1,-1,-1,-1,-1,-1,-1,-1,-1,-1,-1,-1,-1,-1,-1,-1,-1,-1,-1,-1,-1
7,19,27,can I ask you a personal question?,Go ahead.,0,0,0,0,0,0,0,0,0,0,0,0,0,0,0,0,0,0,0,0,0,-1,-1,-1,-1,-1,-1,-1,-1,-1,-1,-1,-1,-1,-1,-1,-1,-1,-1,-1,-1,-1
7,19,28,"a lot of people, when going through something like this, find themselves not being interested in romantic relationships and sex. is that something you can relate to?",Yeah. It is. I just... I don't know. It feels like I'm not ready for that yet.,0,0,0,0,0,0,0,0,0,0,0,0,0,0,0,0,0,0,0,0,1,-1,-1,-1,-1,-1,-1,-1,-1,-1,-1,-1,-1,-1,-1,-1,-1,-1,-1,-1,-1,3
7,19,29,"fair enough, it might be too early, right?",Yeah. It is. I just... I need to figure out how to get over this first.,0,0,0,0,0,0,0,0,0,0,0,0,0,0,0,0,0,0,0,0,0,-1,-1,-1,-1,-1,-1,-1,-1,-1,-1,-1,-1,-1,-1,-1,-1,-1,-1,-1,-1,-1
7,19,30,and what about your emotional state? how do you generally feel?,Just... stuck. I don't know how to move on.,0,0,0,0,0,0,0,0,0,0,0,0,0,0,0,0,0,0,0,0,0,-1,-1,-1,-1,-1,-1,-1,-1,-1,-1,-1,-1,-1,-1,-1,-1,-1,-1,-1,-1,-1
7,19,31,tell me about this stuckness,It's just... I feel like I'm walking in circles. I don't know how to stop feeling this way.,0,0,0,0,0,0,0,0,0,0,0,0,0,0,0,0,0,0,0,0,0,-1,-1,-1,-1,-1,-1,-1,-1,-1,-1,-1,-1,-1,-1,-1,-1,-1,-1,-1,-1,-1
7,19,32,feeling what way?,"Sad. I just keep thinking about what I did wrong, and I can't seem to shake it off.",1,0,0,0,0,0,0,0,0,0,0,0,0,0,0,0,0,0,0,0,0,3,-1,-1,-1,-1,-1,-1,-1,-1,-1,-1,-1,-1,-1,-1,-1,-1,-1,-1,-1,-1
7,19,33,you sound as if you are blaming yourself?,Yeah. I do. I just keep thinking I should have tried harder.,0,0,0,0,1,1,0,0,0,0,0,0,0,0,0,0,0,0,0,0,0,-1,-1,-1,-1,3,1,-1,-1,-1,-1,-1,-1,-1,-1,-1,-1,-1,-1,-1,-1,-1
7,19,34,really hard,"Yeah. I keep thinking that if I had done something different, maybe he wouldn't have left.",0,0,0,0,0,0,0,0,0,0,0,0,0,0,0,0,0,0,0,0,0,-1,-1,-1,-1,-1,-1,-1,-1,-1,-1,-1,-1,-1,-1,-1,-1,-1,-1,-1,-1,-1
7,19,35,does that ever make you cry?,Yeah. It does. I just sit on the couch and cry because I miss him.,0,0,0,0,0,0,0,0,0,1,0,0,0,0,0,0,0,0,0,0,0,-1,-1,-1,-1,-1,-1,-1,-1,-1,3,-1,-1,-1,-1,-1,-1,-1,-1,-1,-1,-1
7,19,36,"of course, it's a big change. can you get on with other things and at least have a break from it? like watching a movie?",Not really. I just sit there thinking about it.,0,0,0,0,0,0,0,0,0,0,0,0,0,0,0,0,0,0,0,0,0,-1,-1,-1,-1,-1,-1,-1,-1,-1,-1,-1,-1,-1,-1,-1,-1,-1,-1,-1,-1,-1
7,19,37,how is your concentration?,"It’s not great. I just sit there thinking about him, and I miss him.",0,0,0,0,0,0,0,0,0,0,0,0,0,0,0,0,0,0,1,0,0,-1,-1,-1,-1,-1,-1,-1,-1,-1,-1,-1,-1,-1,-1,-1,-1,-1,-1,1,-1,-1
7,19,38,can I run past you a couple of things that we find very common? irritability and anger.,Yeah. I get annoyed with myself. I just feel so stupid for letting him go.,0,0,1,0,1,1,1,1,0,0,1,0,0,0,0,0,1,0,0,0,0,-1,-1,3,-1,3,1,1,2,-1,-1,1,-1,-1,-1,-1,-1,1,-1,-1,-1,-1
3,46,1,"Hello, how are you doing today?","I’m a bit restless, to be honest. I had a pretty bad sleep and I’m still trying to shake it off.",0,0,0,0,0,0,0,0,0,0,0,0,0,0,0,1,0,0,0,0,0,-1,-1,-1,-1,-1,-1,-1,-1,-1,-1,-1,-1,-1,-1,-1,2,-1,-1,-1,-1,-1
3,46,2,are you feeling more tired than usual? ,"Yeah, definitely. I usually have a bit of energy in the morning, but today it feels like I’ve been running a marathon.",0,0,0,0,0,0,0,0,0,0,0,0,0,0,0,0,0,0,0,1,0,-1,-1,-1,-1,-1,-1,-1,-1,-1,-1,-1,-1,-1,-1,-1,-1,-1,-1,-1,2,-1
3,46,3,"im sorry to hear that, does feeling tired makes it more difficult to concentrate? are you forgetting things more often than usual?","Yeah, definitely. I keep forgetting where I put things, and I’m getting frustrated because I feel like I should be able to focus better.",0,0,0,0,0,0,0,0,0,0,0,0,0,0,0,0,0,0,1,0,0,-1,-1,-1,-1,-1,-1,-1,-1,-1,-1,-1,-1,-1,-1,-1,-1,-1,-1,2,-1,-1
3,46,4,do you think its your fault to forget things because youre tired?,"A bit, maybe. I should probably be more disciplined with my sleep schedule. It’s just a habit I need to break, I guess.",0,0,0,0,1,0,0,0,0,0,0,0,0,0,0,0,0,0,0,0,0,-1,-1,-1,-1,1,-1,-1,-1,-1,-1,-1,-1,-1,-1,-1,-1,-1,-1,-1,-1,-1
3,46,5,are there any other habits that have changed without the intention to?,"Yeah, I’ve been snacking a lot more than I should. I know it’s a bad habit, but I just can’t seem to stop myself when I’m bored.",0,0,0,0,0,0,0,0,0,0,0,0,0,0,0,0,0,1,0,0,0,-1,-1,-1,-1,-1,-1,-1,-1,-1,-1,-1,-1,-1,-1,-1,-1,-1,2,-1,-1,-1
3,46,6,do you feel like you have failed in the past? as if its your fault that youre struggling right now?,"A bit, maybe. I look back and think I should have been more disciplined years ago. I guess I’m just trying to figure out where I went wrong so I can fix it now.",0,0,1,0,0,0,0,0,0,0,0,0,0,0,0,0,0,0,0,0,0,-1,-1,2,-1,-1,-1,-1,-1,-1,-1,-1,-1,-1,-1,-1,-1,-1,-1,-1,-1,-1
3,46,7,"i can feel that you are hard of yourself, its that usual or have you been more critic than usual?","Yeah, definitely more critical. I know I should be more patient with myself, but it’s hard not to see it as a failure when I’m not where I thought I’d be.",0,0,0,0,0,0,0,1,0,0,0,0,0,0,0,0,0,0,0,0,0,-1,-1,-1,-1,-1,-1,-1,1,-1,-1,-1,-1,-1,-1,-1,-1,-1,-1,-1,-1,-1
3,46,8,do you do something  to yourself because of this sense of failure?,"I tend to push myself harder, I guess. I try to make up for lost time, but it just ends up exhausting me more.",0,0,0,0,0,1,0,0,0,0,0,0,0,0,0,0,0,0,0,0,0,-1,-1,-1,-1,-1,1,-1,-1,-1,-1,-1,-1,-1,-1,-1,-1,-1,-1,-1,-1,-1
3,46,9,is it woth it though? to try harder?,"Not really, no. I’m just trying to force it to work. I probably just need to chill out and let my brain catch up.",0,0,0,0,0,0,0,0,0,0,0,0,0,1,0,0,0,0,0,0,0,-1,-1,-1,-1,-1,-1,-1,-1,-1,-1,-1,-1,-1,1,-1,-1,-1,-1,-1,-1,-1
3,46,10,catch up from what? how are you feeling on a daily basis?,"Just... disconnected, I guess. I look at other people and they seem fine, but I’m just stuck in this loop of feeling tired and useless.",0,0,0,0,0,0,0,0,0,0,0,0,0,0,1,0,0,0,0,0,0,-1,-1,-1,-1,-1,-1,-1,-1,-1,-1,-1,-1,-1,-1,2,-1,-1,-1,-1,-1,-1
3,46,11,"apart form disconnected, are you feeling sad more often than not?","Yeah, pretty much. It’s just a flat feeling, like I’m not really here.",1,0,0,0,0,0,0,0,0,0,0,0,0,0,0,0,0,0,0,0,0,2,-1,-1,-1,-1,-1,-1,-1,-1,-1,-1,-1,-1,-1,-1,-1,-1,-1,-1,-1,-1
3,46,12,"what about the things you like to do, do  you enjoy them?","Not really, no. I just do them because I feel like I should, but I’m not really feeling it.",0,0,0,1,0,0,0,0,0,0,0,0,0,0,0,0,0,0,0,0,0,-1,-1,-1,2,-1,-1,-1,-1,-1,-1,-1,-1,-1,-1,-1,-1,-1,-1,-1,-1,-1
3,46,13,have you been crying more often? or feel like you are more sensitive?,"Yeah, definitely. I get emotional about nothing, which is weird because I never used to be like that.",0,0,0,0,0,0,0,0,0,1,0,0,0,0,0,0,0,0,0,0,0,-1,-1,-1,-1,-1,-1,-1,-1,-1,3,-1,-1,-1,-1,-1,-1,-1,-1,-1,-1,-1
3,46,14,do you also feel like you get annoyed more easily as well?,"Yeah, definitely. I get frustrated about things that wouldn't usually bother me.",0,0,0,0,0,0,0,0,0,0,0,0,0,0,0,0,1,0,0,0,0,-1,-1,-1,-1,-1,-1,-1,-1,-1,-1,-1,-1,-1,-1,-1,-1,2,-1,-1,-1,-1
3,46,15,is it harder to make decisions that wouldnt be difficult before?,"Yeah, a lot. I feel like I’m just going through the motions instead of actually choosing what I want.",0,0,0,0,0,0,0,0,0,0,0,0,1,0,0,0,0,0,0,0,0,-1,-1,-1,-1,-1,-1,-1,-1,-1,-1,-1,-1,2,-1,-1,-1,-1,-1,-1,-1,-1
3,46,16,"do you feel anxious, un easy?","Constantly. I’m always waiting for the other shoe to drop, I guess.",0,1,0,0,0,0,0,0,0,0,0,0,0,0,0,0,0,0,0,0,0,-1,1,-1,-1,-1,-1,-1,-1,-1,-1,-1,-1,-1,-1,-1,-1,-1,-1,-1,-1,-1
3,46,17,do you feel like you are moving more or less than before?,Definitely less. I feel like I’m stuck in place and can’t move forward.,0,0,0,0,0,0,0,0,0,0,1,0,0,0,0,0,0,0,0,0,0,-1,-1,-1,-1,-1,-1,-1,-1,-1,-1,0,-1,-1,-1,-1,-1,-1,-1,-1,-1,-1
3,46,18,do you have any plans for the future?,"Not really. I used to have a plan, but now I just feel like I’m drifting.",0,0,0,0,0,0,0,0,0,0,0,1,0,0,0,0,0,0,0,0,0,-1,-1,-1,-1,-1,-1,-1,-1,-1,-1,-1,3,-1,-1,-1,-1,-1,-1,-1,-1,-1
3,46,19,do you feel like life is worth living?,"I guess. I just feel like I’m wasting time, and I don't know how to stop it.",0,0,0,0,1,0,0,0,0,0,0,0,0,0,0,0,0,0,0,0,0,-1,-1,-1,-1,3,-1,-1,-1,-1,-1,-1,-1,-1,-1,-1,-1,-1,-1,-1,-1,-1
3,46,20,have you been thinking more about death? or maybe that it would be best to just disappear?,"Yeah, definitely. I keep thinking it would be easier if I just went away.",0,0,0,0,0,0,0,0,1,0,0,0,0,0,0,0,0,0,0,0,0,-1,-1,-1,-1,-1,-1,-1,-1,2,-1,-1,-1,-1,-1,-1,-1,-1,-1,-1,-1,-1
3,46,21,how do you feel about yourself right now?,Like I've failed. I thought I was supposed to be further along by now.,0,0,0,0,0,0,1,0,0,0,0,0,0,0,0,0,0,0,0,0,0,-1,-1,-1,-1,-1,-1,2,-1,-1,-1,-1,-1,-1,-1,-1,-1,-1,-1,-1,-1,-1
3,46,22,is there anything right now thar you still enjoy? what abouit your sex life?,Not really. I just feel like I'm going through the motions.,0,0,0,0,0,0,0,0,0,0,0,0,0,0,0,0,0,0,0,0,1,-1,-1,-1,-1,-1,-1,-1,-1,-1,-1,-1,-1,-1,-1,-1,-1,-1,-1,-1,-1,2
18,42,1,Hello,Hi! *nervous smile* I'm a bit worried about the new treatment plan. I just want to make sure I'm not missing anything.,1,1,0,0,0,0,0,0,0,0,0,0,1,0,0,0,0,0,0,0,0,0,0,-1,-1,-1,-1,-1,-1,-1,-1,-1,-1,0,-1,-1,-1,-1,-1,-1,-1,-1
18,42,2,You seem worried about the new treatment plan and concerned that you might be missing something. What specifically are you worried might happen or go wrong?,"Just the usual stuff, like maybe I'll react badly to the medication. *laughs* It’s probably just nerves, though. I’ll be fine.",0,1,0,0,0,0,0,0,0,0,0,0,0,1,0,0,0,0,0,0,0,-1,0,-1,-1,-1,-1,-1,-1,-1,-1,-1,-1,-1,0,-1,-1,-1,-1,-1,-1,-1
18,42,4,?,"No, definitely not. *smiles* I'm actually really looking forward to getting started.",0,0,0,1,0,0,0,0,0,0,0,1,0,0,1,0,0,0,0,0,0,-1,-1,-1,0,-1,-1,-1,-1,-1,-1,-1,0,-1,-1,0,-1,-1,-1,-1,-1,-1
18,42,5,"You say you are looking forward to getting started, so there is no clear loss of pleasure or interest here. What has your mood been like recently when you are doing your usual activities?","I still enjoy them, just maybe not as much as I used to. *shrugs* It’s okay, though. I’m not letting it stop me.",0,0,0,0,0,1,0,1,0,0,0,0,0,1,0,0,0,0,0,1,0,-1,-1,-1,-1,-1,0,-1,0,-1,-1,-1,-1,-1,0,-1,-1,-1,-1,-1,0,-1
18,42,6,"You still enjoy the things you normally do, but they don't feel quite the same. How have you been feeling physically and mentally lately—your energy, sleep, appetite, and ability to concentrate?","I’m fine, really. Just a bit tired sometimes. *laughs* It’s just exhaustion from work. I'm managing okay.",0,0,0,0,0,0,0,0,0,0,0,0,0,1,0,0,0,1,0,0,0,-1,-1,-1,-1,-1,-1,-1,-1,-1,-1,-1,-1,-1,0,-1,-1,-1,0,-1,-1,-1
18,42,7,"You mention feeling a bit tired sometimes, although you attribute it to work and say you are managing. How has this tiredness affected your sleep, appetite, concentration, or ability to get things done?","I’m just a bit slow getting started. I need a coffee, and then I’m good to go. *smiles* It’s nothing too serious.",0,0,0,0,0,0,0,0,0,0,1,0,0,1,0,0,0,0,0,0,0,-1,-1,-1,-1,-1,-1,-1,-1,-1,-1,0,-1,-1,0,-1,-1,-1,-1,-1,-1,-1
18,42,8,"You feel a little slow getting started and need coffee before you feel ready, but you say it is not serious. How has your mood been lately, and have you noticed any changes in your sleep, appetite, concentration, or interest in your usual activities?",I’m fine. *smiles* Just a bit tired. I’m managing.,0,0,0,0,0,0,0,0,0,0,0,0,0,1,0,0,1,0,0,0,0,-1,-1,-1,-1,-1,-1,-1,-1,-1,-1,-1,-1,-1,0,-1,-1,0,-1,-1,-1,-1
18,42,9,?,"Yeah, just normal stuff. *laughs* I'm fine.",0,0,0,0,0,0,0,0,0,0,0,0,0,0,0,1,0,0,0,0,0,-1,-1,-1,-1,-1,-1,-1,-1,-1,-1,-1,-1,-1,-1,-1,3,-1,-1,-1,-1,-1
18,42,10,so how is your sleep?,It’s good. *smiles* I’m not lying awake all night.,0,0,0,0,0,0,0,0,0,0,0,0,0,0,0,0,0,0,1,0,0,-1,-1,-1,-1,-1,-1,-1,-1,-1,-1,-1,-1,-1,-1,-1,-1,-1,-1,0,-1,-1
18,42,11,what about health?,I’m good. *smiles* Just a bit tired.,0,0,0,0,0,0,0,0,0,1,0,0,0,0,0,0,0,0,0,0,0,-1,-1,-1,-1,-1,-1,-1,-1,-1,0,-1,-1,-1,-1,-1,-1,-1,-1,-1,-1,-1
18,42,12,u always crying or soemtimes?,"No, never. *laughs* I'm fine.",0,0,0,0,0,0,1,1,0,0,0,0,0,0,0,0,0,0,0,0,0,-1,-1,-1,-1,-1,-1,0,0,-1,-1,-1,-1,-1,-1,-1,-1,-1,-1,-1,-1,-1
18,42,13,do you some times deslike your self,"No. *smiles* I know I’m a bit tired, but I don’t think I’m a bad person because of it.",0,0,1,0,0,0,0,0,0,0,0,0,0,0,0,0,0,0,1,0,1,-1,-1,0,-1,-1,-1,-1,-1,-1,-1,-1,-1,-1,-1,-1,-1,-1,-1,0,-1,0
18,42,14,what your sex?,It’s fine. *smiles* We just haven't had the time lately.,0,0,0,0,0,0,0,0,1,0,0,0,0,0,0,0,0,0,0,0,0,-1,-1,-1,-1,-1,-1,-1,-1,0,-1,-1,-1,-1,-1,-1,-1,-1,-1,-1,-1,-1
18,42,15,have you ever any suicidal thoughts?,"No. *smiles* I know I’m just tired, and that’s it.",0,0,0,0,0,0,0,0,0,0,0,0,0,0,0,0,0,0,0,0,0,-1,-1,-1,-1,-1,-1,-1,-1,-1,-1,-1,-1,-1,-1,-1,-1,-1,-1,-1,-1,-1
0,1,1,Would you say you feel sad most of the time ,"Mostly, yes. It’s hard to explain, but I don’t think it’s anything serious. I’m just running on fumes, I suppose.",1,0,0,0,0,0,0,0,0,0,0,0,0,0,0,0,0,0,0,0,0,3,-1,-1,-1,-1,-1,-1,-1,-1,-1,-1,-1,-1,-1,-1,-1,-1,-1,-1,-1,-1
0,1,2,Do you feel like things will ever get better,"I guess I’m not sure. It feels like I’m just stuck in a rut, and I’m not sure how to get out of it. Maybe I just need to find a new routine or something.",0,1,0,0,0,0,0,0,0,0,0,0,0,0,0,0,0,0,0,0,0,-1,3,-1,-1,-1,-1,-1,-1,-1,-1,-1,-1,-1,-1,-1,-1,-1,-1,-1,-1,-1
0,1,3,Do you blame yourself for things that have happened,"A bit, I suppose. I feel like I should have done things differently, but I’m not sure what else I could have done. It’s hard to know for sure.",0,0,1,0,0,0,0,0,0,0,0,0,0,0,0,0,0,0,0,0,0,-1,-1,3,-1,-1,-1,-1,-1,-1,-1,-1,-1,-1,-1,-1,-1,-1,-1,-1,-1,-1
0,1,4,Do you get any pleasure from hobbies or time with others,"Not really lately. I used to love reading, but I haven't picked up a book in weeks. And my friends are all busy with work, so I haven't seen them in a while.",0,0,0,1,0,0,0,0,0,0,0,0,0,0,0,0,0,0,0,0,0,-1,-1,-1,3,-1,-1,-1,-1,-1,-1,-1,-1,-1,-1,-1,-1,-1,-1,-1,-1,-1
0,1,5,Do you find yourself ruminating on things you regret,"Yes. I think about what I could have done differently, like how I handled a conversation with my boss. It’s hard to stop thinking about it once it starts.",0,0,0,0,1,0,0,0,0,0,0,0,0,0,0,0,0,0,0,0,0,-1,-1,-1,-1,3,-1,-1,-1,-1,-1,-1,-1,-1,-1,-1,-1,-1,-1,-1,-1,-1
0,1,6,Do  you think bad things happen to you because you deserve them?,I don't know... maybe a little. I feel like I'm just not good at this stuff. I guess I’m just not strong enough to handle it.,0,0,0,0,0,1,0,0,0,0,0,0,0,0,0,0,0,0,0,0,0,-1,-1,-1,-1,-1,1,-1,-1,-1,-1,-1,-1,-1,-1,-1,-1,-1,-1,-1,-1,-1
0,1,7,How do you feel about yourself these days,"I feel pretty useless, to be honest. I’m not doing a good job at anything, and I’m just a bit of a drain on everyone.",0,0,0,0,0,0,1,0,0,0,0,0,0,0,0,0,0,0,0,0,0,-1,-1,-1,-1,-1,-1,3,-1,-1,-1,-1,-1,-1,-1,-1,-1,-1,-1,-1,-1,-1
0,1,8,do you often critisize yourself for small things?,Yes. I find myself getting worked up over things that wouldn't normally bother me. I guess I'm just running on low batteries.,0,0,0,0,0,0,0,1,0,0,0,0,0,0,0,0,0,0,0,0,0,-1,-1,-1,-1,-1,-1,-1,3,-1,-1,-1,-1,-1,-1,-1,-1,-1,-1,-1,-1,-1
0,1,9,Have you ever had any plans or intentions to act on thoughts about suicide,"No, I don't think so. I know that sounds extreme, but I just feel like I’m failing at everything. I don't think I’m capable of actually doing it.",0,0,0,0,0,0,0,0,1,0,0,0,0,0,0,0,0,0,0,0,0,-1,-1,-1,-1,-1,-1,-1,-1,2,-1,-1,-1,-1,-1,-1,-1,-1,-1,-1,-1,-1
0,1,10,Do you feel tearful or emotionally fragile,"Yes, mostly. It’s hard to explain, but I get these big tears over small things. I think it's just stress and exhaustion catching up with me.",0,0,0,0,0,0,0,0,0,1,0,0,0,0,0,0,0,0,0,0,0,-1,-1,-1,-1,-1,-1,-1,-1,-1,3,-1,-1,-1,-1,-1,-1,-1,-1,-1,-1,-1
0,1,11,Have you been unable to sit still or relax?,"Yes, I get these huge energy crashes. I'll be running around the house all day and then suddenly I’m too tired to do anything.",0,0,0,0,0,0,0,0,0,0,1,0,0,0,0,0,0,0,0,0,0,-1,-1,-1,-1,-1,-1,-1,-1,-1,-1,0,-1,-1,-1,-1,-1,-1,-1,-1,-1,-1
0,1,12,Have you lost interest in people or activities,"Yes, mostly. I don't have the energy to keep up with friends, and work is just... there. I feel like I’m just a heavy weight on everyone.",0,0,0,0,0,0,0,0,0,0,0,1,0,0,0,0,0,0,0,0,0,-1,-1,-1,-1,-1,-1,-1,-1,-1,-1,-1,0,-1,-1,-1,-1,-1,-1,-1,-1,-1
0,1,13,Do you second guess yourself sometimes,"Yes, all the time. I worry that I’m overreacting or that I’m just not good at this.",0,0,0,0,0,0,0,0,0,0,0,0,1,0,0,0,0,0,0,0,0,-1,-1,-1,-1,-1,-1,-1,-1,-1,-1,-1,-1,3,-1,-1,-1,-1,-1,-1,-1,-1
0,1,14,Do you feel like you have no value,"Yes, I guess I do. I feel like I’m just a drain on everyone, and I’m not good at anything.",0,0,0,0,0,0,0,0,0,0,0,0,0,1,0,0,0,0,0,0,0,-1,-1,-1,-1,-1,-1,-1,-1,-1,-1,-1,-1,-1,3,-1,-1,-1,-1,-1,-1,-1
0,1,15,Have you had less energy than usual,"Yes, definitely. I used to be able to keep up with the kids all day, but lately I’m just exhausted by the afternoon.",0,0,0,0,0,0,0,0,0,0,0,0,0,0,1,0,0,0,0,0,0,-1,-1,-1,-1,-1,-1,-1,-1,-1,-1,-1,-1,-1,-1,2,-1,-1,-1,-1,-1,-1
0,1,16,does it take a lot of effort to do simple tasks?,"Yes, it feels like climbing a mountain. I used to be able to get everything done without a problem, but now it feels like a huge struggle.",0,0,0,0,0,0,0,0,0,0,0,0,0,0,0,0,0,0,0,1,0,-1,-1,-1,-1,-1,-1,-1,-1,-1,-1,-1,-1,-1,-1,-1,-1,-1,-1,-1,2,-1
0,1,17,Has your interest in physical intimacy decreased,"Yes. I feel really disconnected from everything, including my body. I don't really feel like I have the energy to do anything.",0,0,0,0,0,0,0,0,0,0,0,0,0,0,0,0,0,0,0,0,1,-1,-1,-1,-1,-1,-1,-1,-1,-1,-1,-1,-1,-1,-1,-1,-1,-1,-1,-1,-1,3
0,1,18,Are you eating more or less than usual,"Less, I think. I’m not really hungry, so I just skip it.",0,0,0,0,0,0,0,0,0,0,0,0,0,0,0,0,0,1,0,0,0,-1,-1,-1,-1,-1,-1,-1,-1,-1,-1,-1,-1,-1,-1,-1,-1,-1,1,-1,-1,-1
0,1,19,do small things set you off ,"Yes, mostly. I get these big tears over small things. I think it's just stress and exhaustion catching up with me.",0,0,0,0,0,0,0,0,0,0,0,0,0,0,0,0,1,0,0,0,0,-1,-1,-1,-1,-1,-1,-1,-1,-1,-1,-1,-1,-1,-1,-1,-1,3,-1,-1,-1,-1
0,1,20,Do you feel exhausted even when you havent done much,"Yes, pretty much. I feel like I’m running on empty even when I haven't done much all day.",0,0,0,0,0,0,0,0,0,0,0,0,0,0,0,0,0,0,0,1,0,-1,-1,-1,-1,-1,-1,-1,-1,-1,-1,-1,-1,-1,-1,-1,-1,-1,-1,-1,3,-1
0,1,21,How long have you been this way,"A few months, I guess. It started with just a few bad days, but it’s been going on for a while now.",0,0,0,0,0,0,0,0,0,0,0,0,0,0,0,0,0,1,1,0,0,-1,-1,-1,-1,-1,-1,-1,-1,-1,-1,-1,-1,-1,-1,-1,-1,-1,1,2,-1,-1
0,1,22,Are you sleeping much more or much less than usual,"Less. I’m not really sleeping, I guess. I just lie there and can’t relax.",0,0,0,0,0,0,0,0,0,0,0,0,0,0,0,1,0,0,0,0,0,-1,-1,-1,-1,-1,-1,-1,-1,-1,-1,-1,-1,-1,-1,-1,3,-1,-1,-1,-1,-1
6,35,1,greetings,"Hi. I'm a bit tired today, to be honest. The pain has been bothering me a lot lately.",0,0,0,0,0,0,0,0,0,0,0,0,0,0,0,0,0,0,0,1,0,-1,-1,-1,-1,-1,-1,-1,-1,-1,-1,-1,-1,-1,-1,-1,-1,-1,-1,-1,3,-1
6,35,2,how are you feeling today?,"Worse than usual. My back has been aching nonstop, and it is hard to move around without getting tired.",0,0,0,0,0,0,0,0,0,0,0,0,0,0,0,0,0,0,0,1,0,-1,-1,-1,-1,-1,-1,-1,-1,-1,-1,-1,-1,-1,-1,-1,-1,-1,-1,-1,3,-1
6,35,3,and how is your mental state? ,It's getting to me. I feel like I am just existing rather than living. I am just trying to get through the day without crying.,1,0,0,1,0,0,0,0,0,1,0,0,0,0,1,0,0,0,0,0,0,3,-1,-1,2,-1,-1,-1,-1,-1,2,-1,-1,-1,-1,1,-1,-1,-1,-1,-1,-1
6,35,4,and how is your sleep?,It's terrible. I wake up in the middle of the night and lie there for hours. I am just so tired of being tired.,0,0,0,0,0,0,0,0,0,0,0,0,0,0,0,1,0,0,0,0,0,-1,-1,-1,-1,-1,-1,-1,-1,-1,-1,-1,-1,-1,-1,-1,3,-1,-1,-1,-1,-1
6,35,5,Can you decide on anything to do during the day?,"Not really. I try to focus on small tasks, like cooking, but even that is a struggle. I just feel stuck.",0,1,0,0,0,0,0,1,0,0,0,0,1,0,0,0,0,0,0,0,0,-1,1,-1,-1,-1,-1,-1,2,-1,-1,-1,-1,3,-1,-1,-1,-1,-1,-1,-1,-1
6,35,6,is this affecting your sex life as well?,"Yeah, it has. I haven't been able to... you know. It's embarrassing, but I just can't make it happen.",0,0,0,0,1,0,0,0,0,0,0,0,0,1,0,0,0,0,0,0,1,-1,-1,-1,-1,2,-1,-1,-1,-1,-1,-1,-1,-1,1,-1,-1,-1,-1,-1,-1,3
6,35,7,how do you feel about yourself?,"I don't know. I look at my life and I think, 'Is this really it?' I feel like I am losing myself in this pain.",0,0,0,0,0,0,1,0,0,0,0,0,0,0,0,0,0,0,0,0,0,-1,-1,-1,-1,-1,-1,3,-1,-1,-1,-1,-1,-1,-1,-1,-1,-1,-1,-1,-1,-1
6,35,8,do you think there is something you could have done diferrently?,I don't know. Maybe if I had taken care of myself better when I was younger... but now it feels too late.,0,0,1,0,0,0,0,0,0,0,0,0,0,0,0,0,0,0,0,0,0,-1,-1,3,-1,-1,-1,-1,-1,-1,-1,-1,-1,-1,-1,-1,-1,-1,-1,-1,-1,-1
6,35,9,can you imagine yourself healing and getting better?,"Honestly? I don't see that happening. I think this is just my life now, and I don't know how to fix it.",0,1,0,0,0,1,0,0,0,0,0,0,0,0,0,0,0,0,0,0,0,-1,2,-1,-1,-1,3,-1,-1,-1,-1,-1,-1,-1,-1,-1,-1,-1,-1,-1,-1,-1
6,35,10,have you had any suicidal thoughts?,"Yes. It's there, in the back of my mind. It's not a plan or anything, but it's a thought. I just wish I could turn the clock back and start over.",0,0,0,0,0,0,0,0,1,0,0,0,0,0,0,0,0,0,0,0,0,-1,-1,-1,-1,-1,-1,-1,-1,3,-1,-1,-1,-1,-1,-1,-1,-1,-1,-1,-1,-1
6,35,11,have you experienced any anger or despair?,"All the time. I just feel so helpless. I am trying to stay strong for my family, but it's getting harder to keep that up.",0,0,0,0,0,0,0,0,0,0,1,0,0,0,0,0,1,0,0,0,0,-1,-1,-1,-1,-1,-1,-1,-1,-1,-1,2,-1,-1,-1,-1,-1,1,-1,-1,-1,-1
6,35,12,is there anything that can keep you busy and forget about things?,"I used to like painting, but even that is hard now. I just can't seem to find the energy to do anything that brings me joy.",0,0,0,0,0,0,0,0,0,0,0,1,0,0,1,0,0,0,1,0,0,-1,-1,-1,-1,-1,-1,-1,-1,-1,-1,-1,3,-1,-1,2,-1,-1,-1,1,-1,-1
6,35,13,and how is your apettite? do you eat?,"I try to eat, but I'm not hungry. I just force myself to eat because I know I need to keep my strength up.",0,0,0,0,0,0,0,0,0,0,0,0,0,0,0,0,0,1,0,0,0,-1,-1,-1,-1,-1,-1,-1,-1,-1,-1,-1,-1,-1,-1,-1,-1,-1,3,-1,-1,-1
17,4,1,hello. Thank  you for coming in today. Would you like to tell me a little about why you wanted to come and see me,"Just general stuff, like energy levels. I feel like I'm running on fumes by the end of the day. I figure it's probably just work stress or something, but I thought it was worth checking out.",0,0,0,0,0,0,0,0,0,0,0,0,0,0,1,0,0,0,0,1,0,-1,-1,-1,-1,-1,-1,-1,-1,-1,-1,-1,-1,-1,-1,1,-1,-1,-1,-1,1,-1
17,4,2,ok. What does a typical day look like for you at the moment,"Just the usual routine. I get up, go to work, come home. I don't really have time for hobbies or anything like that. Just trying to keep up with the bills.",0,0,0,0,0,0,0,0,0,0,0,1,0,0,0,0,0,0,0,0,0,-1,-1,-1,-1,-1,-1,-1,-1,-1,-1,-1,1,-1,-1,-1,-1,-1,-1,-1,-1,-1
17,4,3,do you work  long hours,"Yeah, I put in a lot of hours. It's not the most fun, but it's steady work, so I don't complain too much.",0,0,0,0,0,0,0,0,0,0,0,0,0,0,0,0,0,0,0,0,0,-1,-1,-1,-1,-1,-1,-1,-1,-1,-1,-1,-1,-1,-1,-1,-1,-1,-1,-1,-1,-1
17,4,4,what do you do for work,"I work in IT, mainly doing maintenance and repairs. It's not the most exciting job, but it's steady and I like the routine.",0,0,0,0,0,0,0,0,0,0,0,0,0,0,0,0,0,0,0,0,0,-1,-1,-1,-1,-1,-1,-1,-1,-1,-1,-1,-1,-1,-1,-1,-1,-1,-1,-1,-1,-1
17,4,5,"it sounds like you have to concentrate a lot in your job, how have you found thast","It's fine, I guess. I just try to zone out and focus on the work. I don't really think about it too much.",0,0,0,0,0,0,0,0,0,0,0,0,0,0,0,0,0,0,1,0,0,-1,-1,-1,-1,-1,-1,-1,-1,-1,-1,-1,-1,-1,-1,-1,-1,-1,-1,0,-1,-1
17,4,6,"so your work performance has been ok, but you mentioned not taking part in any hobbies right now. Are there any6 you would usuall enjoy","Yeah, I used to play guitar. I haven't picked it up in ages, though. Maybe I'll get back to it eventually, but for now, I just don't have the time.",0,0,0,0,0,0,0,0,0,0,0,1,0,0,0,0,0,0,0,0,0,-1,-1,-1,-1,-1,-1,-1,-1,-1,-1,-1,1,-1,-1,-1,-1,-1,-1,-1,-1,-1
17,4,7,that sounds lilke a fun hobby. how about socially- howe have things felty there for you,"It's fine. I see the lads from work occasionally. We usually just sit around talking about work, so it's not really a break, but it's better than sitting home alone.",0,0,0,1,0,0,0,0,0,0,0,0,0,0,0,0,0,0,0,0,0,-1,-1,-1,1,-1,-1,-1,-1,-1,-1,-1,-1,-1,-1,-1,-1,-1,-1,-1,-1,-1
17,4,8,and that feels as enjuo0yabloe as usual,"Not really. I mean, I'm happy to see them, but we don't really do anything exciting. I guess I just feel like I'm missing out sometimes.",0,0,0,0,0,0,0,0,0,0,0,1,0,0,0,0,0,0,0,0,0,-1,-1,-1,-1,-1,-1,-1,-1,-1,-1,-1,2,-1,-1,-1,-1,-1,-1,-1,-1,-1
17,4,9,what do you worry that you're missing out on,"I don't know, just that everyone else seems to be having a better time. I feel like I'm stuck in a rut, but I guess I'm just being dramatic.",0,0,0,0,0,0,0,1,0,0,0,0,0,0,0,0,0,0,0,0,0,-1,-1,-1,-1,-1,-1,-1,1,-1,-1,-1,-1,-1,-1,-1,-1,-1,-1,-1,-1,-1
17,4,10,thats ok- when you feel like this what sort of emotio9ns come up for you,"Just frustration, I guess. I feel like I'm not doing as well as I should be. But I don't really let it get to me, I just try to focus on work.",0,1,0,0,1,0,1,1,0,0,1,0,0,0,0,0,0,0,0,0,0,-1,1,-1,-1,1,-1,1,1,-1,-1,1,-1,-1,-1,-1,-1,-1,-1,-1,-1,-1
17,4,11,that sounds tricky and it sounds like you put a lot of pressure on yourself?,"Yeah, maybe a bit. I just want to do well, you know? But I try not to let it get to me.",0,0,0,0,0,0,0,0,0,0,0,0,0,0,0,0,0,0,0,0,0,-1,-1,-1,-1,-1,-1,-1,-1,-1,-1,-1,-1,-1,-1,-1,-1,-1,-1,-1,-1,-1
17,4,12,have you been managing to look after yourself enougfh? howq has your diet and sleepo been,"I eat pretty well, I think. I mean, I'm not eating fast food every night or anything. And I sleep okay, I guess. I don't really notice anything wrong with that.",0,0,0,0,0,0,0,0,0,0,0,0,0,0,0,1,0,1,0,0,0,-1,-1,-1,-1,-1,-1,-1,-1,-1,-1,-1,-1,-1,-1,-1,0,-1,0,-1,-1,-1
17,4,13,so you fall asleepo easily asnd feel rested in the morning?,"Yeah, I sleep fine. I'm usually up and ready to go in the morning. I don't really have any issues with that.",0,0,0,0,0,0,0,0,0,0,0,0,0,0,0,1,0,0,0,1,0,-1,-1,-1,-1,-1,-1,-1,-1,-1,-1,-1,-1,-1,-1,-1,0,-1,-1,-1,0,-1
17,4,14,great. You seem to worry about not meeting expoectations- are these your own or those of others,"I think it's mostly my own expectations. I guess I just feel like I should be doing more with my life, but I don't really dwell on it.",0,0,0,0,0,0,0,0,0,0,0,0,0,1,0,0,0,0,0,0,0,-1,-1,-1,-1,-1,-1,-1,-1,-1,-1,-1,-1,-1,1,-1,-1,-1,-1,-1,-1,-1
17,4,15,has anything ever happened in the past that made you feel not good enough or like you had failed that could explain these feelings now,I had a bit of a rough time in my early twenties. I struggled to find a job and felt like a failure for a while. But I got over it. I'm doing fine now.,0,0,1,0,0,0,0,0,0,0,0,0,0,0,0,0,0,0,0,0,0,-1,-1,2,-1,-1,-1,-1,-1,-1,-1,-1,-1,-1,-1,-1,-1,-1,-1,-1,-1,-1
17,4,16,that sounds really tricky. How did you feel back then,Just really down on myself. I felt like I was the only one who wasn't doing well. But I didn't let it ruin my life. I just kept trying.,0,0,0,0,0,0,0,0,0,0,0,0,0,0,0,0,0,0,0,0,0,-1,-1,-1,-1,-1,-1,-1,-1,-1,-1,-1,-1,-1,-1,-1,-1,-1,-1,-1,-1,-1
17,4,17,have you had any opf those same feelings come up recewnbtly,"Maybe a little. When I see how well some of my friends are doing, I feel a bit left out. But I'm happy with my life, so I try not to let it get to me.",1,0,0,0,0,0,0,0,0,0,0,0,0,0,0,0,0,0,0,0,0,1,-1,-1,-1,-1,-1,-1,-1,-1,-1,-1,-1,-1,-1,-1,-1,-1,-1,-1,-1,-1
17,4,18,that's a good asttitude to have and comparing ourselves can often leave us feeling the way you have described. Have you found yourself becoming upset at all during these mo9ments,"I get annoyed, I guess. I might snap at the TV or something. But I don't hold onto it. I just try to move on.",0,0,0,0,0,0,0,0,0,0,1,0,0,0,0,0,1,0,0,0,0,-1,-1,-1,-1,-1,-1,-1,-1,-1,-1,2,-1,-1,-1,-1,-1,2,-1,-1,-1,-1
17,4,19,what about other emotions? Often we say theresd sadness under anger- would you agree with this in your situation,"I don't know. Maybe a little. I'm not really sad, just frustrated. I don't have time for being sad.",1,0,0,0,0,0,0,0,0,0,1,0,0,0,0,0,0,0,0,0,0,1,-1,-1,-1,-1,-1,-1,-1,-1,-1,1,-1,-1,-1,-1,-1,-1,-1,-1,-1,-1
17,4,20,what would happen if you did have the time to siut with these feelinhgs,"I'd probably just cry, I guess. I'm not really a cryer, though. I don't let it get that far.",0,0,0,0,0,0,0,0,0,1,0,0,0,0,0,0,0,0,0,0,0,-1,-1,-1,-1,-1,-1,-1,-1,-1,1,-1,-1,-1,-1,-1,-1,-1,-1,-1,-1,-1
17,4,21,"s0pometimes allowing ourselkves the space to cry can be very cathartic. O(ften when we bottle up our emotions in the way you have described we can become angry, and sometimes this anger can turn inwards and we think about hurting ourselves, or ending our lives. Have you ever had any thoughts like this","No, never that serious. I just get annoyed and want to be left alone. It's not a big deal.",0,0,0,0,0,1,0,0,1,0,0,0,0,0,0,0,0,0,0,0,0,-1,-1,-1,-1,-1,0,-1,-1,0,-1,-1,-1,-1,-1,-1,-1,-1,-1,-1,-1,-1
17,4,22,"I'm glad that youre safe but if you do ever need to share any difficult thoughts, I'm here. Have you been able to share your felings with anyone else- such as a partner or close friend","Yeah, I talk to my partner about it. She listens and says I'm overreacting, which is probably true. It helps me put things into perspective.",0,0,0,0,1,0,0,0,0,0,0,0,0,0,0,0,0,0,0,0,0,-1,-1,-1,-1,1,-1,-1,-1,-1,-1,-1,-1,-1,-1,-1,-1,-1,-1,-1,-1,-1
17,4,23,how do you feel when she says th,"I feel a bit silly, I guess. But it's good to have her around. She keeps me grounded.",0,0,0,0,0,0,0,0,0,0,0,0,0,1,0,0,0,0,0,0,0,-1,-1,-1,-1,-1,-1,-1,-1,-1,-1,-1,-1,-1,1,-1,-1,-1,-1,-1,-1,-1
17,4,24,that,I'm probably just being a bit dramatic. It's not a big deal.,0,0,0,0,0,0,0,0,0,0,0,0,0,0,0,0,0,0,0,0,0,-1,-1,-1,-1,-1,-1,-1,-1,-1,-1,-1,-1,-1,-1,-1,-1,-1,-1,-1,-1,-1
17,4,25,"i want you to understand thaat it is totally normal to feel that way you are when you are strugglking, and that it is not silly or overreacting. This is your space to vent these feelings, and I'm glad you hasve",Thanks. I guess I just needed to talk it through. It's nice to know I'm not the only one who feels like that sometimes.,0,0,0,0,0,0,0,0,0,0,0,0,0,0,0,0,0,0,0,0,0,-1,-1,-1,-1,-1,-1,-1,-1,-1,-1,-1,-1,-1,-1,-1,-1,-1,-1,-1,-1,-1
17,4,26,how have you felt within work when makinbg decisions,"I get a bit anxious, maybe. I worry I'm not doing it right. But I just focus on the task and it works out.",0,0,0,0,0,0,0,0,0,0,0,0,1,0,0,0,0,0,0,0,0,-1,-1,-1,-1,-1,-1,-1,-1,-1,-1,-1,-1,1,-1,-1,-1,-1,-1,-1,-1,-1
17,4,27,would you say tyhis impedes your performance there in any way,Not really. I just work harder to make up for it. It's not a huge issue.,0,0,0,0,0,0,0,0,0,0,0,0,0,0,0,0,0,0,0,0,0,-1,-1,-1,-1,-1,-1,-1,-1,-1,-1,-1,-1,-1,-1,-1,-1,-1,-1,-1,-1,-1
17,4,28,"and just going basck to your partner- sometimes when we feel under so much pressure or aren't feeliong good enough, we masy struggle wityh intimacy and showing ourt love or affection for them. Have you experienceds anything like this at all",I don't really let it get that far. I just try to keep things light. I don't want to make things worse.,0,0,0,0,0,0,0,0,0,0,0,0,0,0,0,0,0,0,0,0,1,-1,-1,-1,-1,-1,-1,-1,-1,-1,-1,-1,-1,-1,-1,-1,-1,-1,-1,-1,-1,0
17,4,29,"that's good, talking things through here shou7ld be really helpful for you I think. It definitelky seems that we can help you through these feelings","Yeah, I think you're right. It's just nice to know I'm not alone in feeling that way.",0,0,0,0,0,0,0,0,0,0,0,0,0,0,0,0,0,0,0,0,0,-1,-1,-1,-1,-1,-1,-1,-1,-1,-1,-1,-1,-1,-1,-1,-1,-1,-1,-1,-1,-1
12,2,1,"Hello, thank you for speaking with me today. I'd like to get a better understanding of how you've been feeling over the past two weeks. Can you tell me what has been bothering you most recently and how it has been affecting your day-to-day life?","Just the tiredness, really. I used to be able to keep up with my kids and work, but lately, even simple things like folding laundry feel like climbing a mountain.",0,0,0,0,0,0,0,0,0,0,0,0,0,0,1,0,0,0,0,1,0,-1,-1,-1,-1,-1,-1,-1,-1,-1,-1,-1,-1,-1,-1,2,-1,-1,-1,-1,2,-1
12,2,2,"Thank you for sharing that. It sounds like this exhaustion has been affecting many parts of your life. Along with the tiredness, have you noticed any changes in your mood or in how much enjoyment or interest you get from activities you usually like?","Not really enjoyment, no. I look at my husband watching the kids play and I just feel... empty. I watch him having fun and I'm just sitting there thinking, 'Why can't I be that person anymore?'",1,0,0,1,0,0,0,0,0,0,0,1,0,1,0,0,0,0,0,0,0,1,-1,-1,2,-1,-1,-1,-1,-1,-1,-1,2,-1,1,-1,-1,-1,-1,-1,-1,-1
12,2,3,"Thank you for sharing that. It sounds like you've been carrying a lot of difficult feelings. When you find yourself wondering, ""Why can't I be that person anymore?"", what do you tend to tell yourself? Do you find yourself blaming or criticizing yourself for the changes you've been experiencing?","Yeah, I do blame myself sometimes. I think I should be doing better, but I just can't seem to get my energy back.",0,0,0,0,0,0,0,1,0,0,0,0,0,0,0,0,0,0,0,0,0,-1,-1,-1,-1,-1,-1,-1,1,-1,-1,-1,-1,-1,-1,-1,-1,-1,-1,-1,-1,-1
12,2,4,You've mentioned feeling tired and being harder on yourself lately. How have you been sleeping recently? Have you noticed any changes in how much you're sleeping or how rested you feel when you wake up?,"Not much. I wake up in the middle of the night, usually around three, and I just lie there thinking about everything I need to do tomorrow.",0,0,0,0,0,0,0,0,0,0,0,0,0,0,0,1,0,0,0,0,0,-1,-1,-1,-1,-1,-1,-1,-1,-1,-1,-1,-1,-1,-1,-1,1,-1,-1,-1,-1,-1
12,2,5,"That sounds exhausting. During the day, have you noticed any changes in your ability to concentrate, make decisions, or stay focused on things at work or at home?","I used to be so organized, but now I find myself just wandering around the house looking for things and forgetting why I went in there in the first place.",0,0,0,0,0,0,0,0,0,0,0,0,0,0,0,0,0,0,1,0,0,-1,-1,-1,-1,-1,-1,-1,-1,-1,-1,-1,-1,-1,-1,-1,-1,-1,-1,2,-1,-1
12,2,6,"You've described a lot of changes in how you've been feeling lately. When you think about the future, do you feel hopeful that things can get better, or has it become difficult to imagine things improving?","Not really hopeful. It feels like I've lost my energy, and I don't know how to get it back.",0,1,0,0,0,0,0,0,0,0,0,0,0,0,0,0,0,0,0,0,0,-1,2,-1,-1,-1,-1,-1,-1,-1,-1,-1,-1,-1,-1,-1,-1,-1,-1,-1,-1,-1
12,2,7,"When you've been feeling this way, do you ever find yourself looking back on your life and feeling like you've failed in some way, or that you've let yourself or the people you care about down?","Yeah, definitely. I think about my husband working so hard and providing for us, and I feel like I'm just standing in the way, holding him back.",0,0,1,0,1,0,0,0,0,0,0,0,0,0,0,0,0,0,0,0,0,-1,-1,1,-1,1,-1,-1,-1,-1,-1,-1,-1,-1,-1,-1,-1,-1,-1,-1,-1,-1
12,2,8,"When you think about yourself these days, how do you feel about who you are as a person? Have there been times when you've felt very disappointed in yourself or wished you could be someone different?","I don't know who I am anymore. I used to be the one who kept everything running, and now I'm just... tired.",0,0,0,0,0,0,0,1,0,0,0,0,0,0,0,0,0,0,0,0,0,-1,-1,-1,-1,-1,-1,-1,1,-1,-1,-1,-1,-1,-1,-1,-1,-1,-1,-1,-1,-1
12,2,9,"You've shared a lot about how difficult things have been lately. When the exhaustion and discouragement feel at their worst, have you ever found yourself wishing you could just disappear, go to sleep and not wake up, or thinking that life isn't worth the effort anymore?","Sometimes I just want to stop. I look at my family and I know they deserve someone who is there for them, but I just can't seem to be that person right now.",0,0,0,0,0,0,0,0,1,0,0,0,0,0,0,0,0,0,0,0,0,-1,-1,-1,-1,-1,-1,-1,-1,1,-1,-1,-1,-1,-1,-1,-1,-1,-1,-1,-1,-1
12,2,10,"Thank you for being honest about that. Over the past couple of weeks, have you noticed yourself becoming more tearful, restless, or easily irritated than usual?","Yes, I cry a lot. I don't know why, but it just feels like the only way to release this sadness I've been carrying around.",0,0,0,0,0,0,0,0,0,1,0,0,0,0,0,0,0,0,0,0,0,-1,-1,-1,-1,-1,-1,-1,-1,-1,2,-1,-1,-1,-1,-1,-1,-1,-1,-1,-1,-1
12,2,11,"Besides the sadness, have you noticed yourself feeling more restless, impatient, or irritated with other people than you normally would?","I snap at my kids sometimes. I know I'm not being a good mother, but I just can't seem to stop.",0,0,0,0,0,0,0,0,0,0,0,0,0,0,0,0,1,0,0,0,0,-1,-1,-1,-1,-1,-1,-1,-1,-1,-1,-1,-1,-1,-1,-1,-1,2,-1,-1,-1,-1
12,2,12,"Thank you for sharing that. Have you noticed any changes in your appetite or eating habits recently? For example, eating less than usual, eating more than usual, or finding that food just doesn't seem as appealing as it used to?","I've been eating less. I just don't have the energy to cook, so I end up just grabbing something quick, but it doesn't fill me up.",0,0,0,0,0,0,0,0,0,0,0,0,0,0,0,0,0,1,0,0,0,-1,-1,-1,-1,-1,-1,-1,-1,-1,-1,-1,-1,-1,-1,-1,-1,-1,1,-1,-1,-1
12,2,13,"You've mentioned feeling overwhelmed and exhausted. Have you found it harder than usual to make decisions, even about everyday things, or do you find yourself putting things off because they feel overwhelming?","Yes, I put things off. I look at the laundry or the dishes, and I just stare at them because I don't know how to start.",0,0,0,0,0,0,0,0,0,0,0,0,1,0,0,0,0,0,0,0,0,-1,-1,-1,-1,-1,-1,-1,-1,-1,-1,-1,-1,2,-1,-1,-1,-1,-1,-1,-1,-1
12,2,14,"Sometimes when people are struggling, they feel restless or unable to relax. Have you noticed yourself pacing, feeling keyed up, fidgeting, or having trouble sitting still lately?","Yes, I walk around the house a lot. I'm just too tired to sit down, so I keep moving, but I don't really know where I'm going.",0,0,0,0,0,0,0,0,0,0,1,0,0,0,0,0,0,0,0,0,0,-1,-1,-1,-1,-1,-1,-1,-1,-1,-1,2,-1,-1,-1,-1,-1,-1,-1,-1,-1,-1
12,2,15,"With everything you've been experiencing, do you ever feel like you deserve what's happening to you, or that you're being punished in some way?","Sometimes I do. I think I should be grateful for what I have, but I just feel so... empty.",0,0,0,0,0,1,0,0,0,0,0,0,0,0,0,0,0,0,0,0,0,-1,-1,-1,-1,-1,1,-1,-1,-1,-1,-1,-1,-1,-1,-1,-1,-1,-1,-1,-1,-1
12,2,16,"When you think about yourself these days, do you find yourself disliking who you are or feeling disappointed in yourself as a person?","I don't know who I am anymore. I used to be the one who kept everything running, and now I'm just... tired.",0,0,0,0,0,0,1,0,0,0,0,0,0,0,0,0,0,0,0,0,0,-1,-1,-1,-1,-1,-1,1,-1,-1,-1,-1,-1,-1,-1,-1,-1,-1,-1,-1,-1,-1
12,2,17,"One last area I'd like to ask about is intimacy. Over the past couple of weeks, have you noticed any changes in your interest in physical affection or sexual intimacy compared with how you normally feel?",I don't have the energy. I just feel so drained that I don't even want to touch him.,0,0,0,0,0,0,0,0,0,0,0,0,0,0,0,0,0,0,0,0,1,-1,-1,-1,-1,-1,-1,-1,-1,-1,-1,-1,-1,-1,-1,-1,-1,-1,-1,-1,-1,2
13,27,1,hello I am here,"Hi, I guess I am a bit nervous. I wasn't expecting to be here today.",0,0,0,0,0,0,0,0,0,0,1,0,1,0,0,0,0,0,0,0,0,-1,-1,-1,-1,-1,-1,-1,-1,-1,-1,1,-1,2,-1,-1,-1,-1,-1,-1,-1,-1
13,27,2,I'm glad you are here.  Why are you nervous and why is it unexpected for you to be here?,"I don't know, it just feels like a lot of hassle to come in. I usually manage things on my own, so I suppose I'm worried I'm overreacting.",0,1,0,0,0,0,0,1,0,0,0,0,1,0,0,0,0,0,0,0,0,-1,1,-1,-1,-1,-1,-1,2,-1,-1,-1,-1,3,-1,-1,-1,-1,-1,-1,-1,-1
13,27,3,Can you tell me what is bringing you in today?,It's just... my sleep. It's been really bad lately. I wake up in the middle of the night and can't get back to sleep. I don't know if it's just stress or if something is really wrong.,0,0,0,0,0,0,0,0,0,0,0,0,1,0,0,1,0,0,0,1,0,-1,-1,-1,-1,-1,-1,-1,-1,-1,-1,-1,-1,2,-1,-1,3,-1,-1,-1,2,-1
13,27,4,How long has your sleep been like this?,"A few weeks now. I thought I just needed to relax, but it seems to be getting worse, not better.",0,0,0,0,0,0,0,0,0,0,0,0,1,0,0,1,0,0,0,0,0,-1,-1,-1,-1,-1,-1,-1,-1,-1,-1,-1,-1,1,-1,-1,0,-1,-1,-1,-1,-1
13,27,5,Did anything happen in the last few weeks in your life that has increased your stress or caused you sadness,"Yeah... my job is shifting, and I'm not sure if I'm ready for it. I don't want to be a bother, but I suppose it's probably related to the sleep.",0,0,0,0,1,0,0,1,0,0,1,0,0,0,0,0,0,0,0,0,0,-1,-1,-1,-1,1,-1,-1,3,-1,-1,2,-1,-1,-1,-1,-1,-1,-1,-1,-1,-1
13,27,6,"tell me more about  how your job is shifting, and why you are not sure if I'm ready for this.","I'm being promoted, but it's to a role I've never done before. I'm not sure if I have the skills or if I'm just being promoted because I've been here a long time.",0,0,0,0,0,0,0,0,0,0,0,0,0,0,0,0,0,0,0,0,0,-1,-1,-1,-1,-1,-1,-1,-1,-1,-1,-1,-1,-1,-1,-1,-1,-1,-1,-1,-1,-1
13,27,7,"If a friend in your position were promoted after years of working, would you assume they were being promoted because they'd been around a long time?",Probably. I suppose that's why I'm worried. I don't want to be that person who's just being kept on because they're loyal.,0,1,0,0,0,0,1,0,0,0,0,0,0,0,0,0,0,0,0,0,0,-1,1,-1,-1,-1,-1,1,-1,-1,-1,-1,-1,-1,-1,-1,-1,-1,-1,-1,-1,-1
13,27,8,"okay, let's slow down for a minute and be curious about your thoughts and the facts.  The fact is that this is a role you've never done before.    Your  thought is that you're only getting it because you've been here a long time. I'm curious how your mind made that assumption. Can you tell me about that?",I don't know... I guess I'm just assuming it because it's easier to believe that than to admit I'm really struggling.,0,0,0,0,0,0,0,1,0,0,0,0,0,1,0,0,0,0,0,0,0,-1,-1,-1,-1,-1,-1,-1,3,-1,-1,-1,-1,-1,1,-1,-1,-1,-1,-1,-1,-1
13,27,9,"Thank you for sharing this! Tell me more about that. When you say you're really struggling, what does that look like for you?","It looks like me doubting myself and wondering if I'm just being foolish. I don't know if I'm overthinking it, but I feel like I'm not the same person who used to handle things easily.",0,1,0,0,0,0,1,1,0,0,0,0,0,1,0,0,0,0,0,0,0,-1,1,-1,-1,-1,-1,1,1,-1,-1,-1,-1,-1,1,-1,-1,-1,-1,-1,-1,-1
13,27,10,It sounds like you're grieving a version of yourself that felt more confident and certain.  When did you notice that shift?,"I think it started about six months ago. I used to be the one who figured things out, but now I'm just... lost.",0,0,0,0,0,0,0,0,0,0,0,0,0,0,0,0,0,0,0,0,0,-1,-1,-1,-1,-1,-1,-1,-1,-1,-1,-1,-1,-1,-1,-1,-1,-1,-1,-1,-1,-1
13,27,11,I'm hearing a real shift in how you see yourself.,"Yeah. I don't know if I'm just tired or if I'm really losing my grip, but it feels like I'm disappearing.",1,1,0,0,0,0,0,0,0,0,0,0,0,0,0,0,0,0,0,0,0,1,1,-1,-1,-1,-1,-1,-1,-1,-1,-1,-1,-1,-1,-1,-1,-1,-1,-1,-1,-1
13,27,12,I'm hearing less of 'I can't do this promotion' and more of 'I don't recognize myself anymore.,Yeah... maybe I'm just making too much of it. I don't know what I'd do if I couldn't figure this out.,0,0,0,0,0,0,0,0,0,0,0,0,0,0,0,0,0,0,0,0,0,-1,-1,-1,-1,-1,-1,-1,-1,-1,-1,-1,-1,-1,-1,-1,-1,-1,-1,-1,-1,-1
13,27,13,"I'm interested in how you said  'I used to be the one who figured things out.'""
Tell me about that person. Walk me though who that persona was, how they felt, that they thought, what was important to that version of  you. Take your time","They were the rock. They knew what to do and just did it. They were confident, always. They didn't doubt themselves, and I... I don't know if I am that person anymore.",0,0,0,0,0,0,0,0,0,0,0,0,0,0,0,0,0,0,0,0,0,-1,-1,-1,-1,-1,-1,-1,-1,-1,-1,-1,-1,-1,-1,-1,-1,-1,-1,-1,-1,-1
13,27,14,"I’m struck by the word ‘always.’ Confident, always. No doubt, always. That sounds powerful, but also like a lot of pressure. Did that version of you ever get to be uncertain?",No... I don't think so. I was always the one who had the answers. I don't know if I can be that person anymore.,0,0,0,0,0,0,0,0,0,0,0,0,0,0,0,0,0,0,0,0,0,-1,-1,-1,-1,-1,-1,-1,-1,-1,-1,-1,-1,-1,-1,-1,-1,-1,-1,-1,-1,-1
13,27,15,Were there ever times in the past that you felt you did not manage things?,"A few times. I remember being really stressed during a big project, and I felt like I was failing. But I just pushed through it. I didn't let myself feel like I was really struggling.",0,0,0,0,0,0,0,0,0,0,0,0,0,0,0,0,0,0,0,0,0,-1,-1,-1,-1,-1,-1,-1,-1,-1,-1,-1,-1,-1,-1,-1,-1,-1,-1,-1,-1,-1
13,27,16,"Okay, you mentioned that you pushed through instead of letting yourself struggle. What feelings were you trying not to experience at that time?","I suppose I was trying to avoid feeling weak. I've always been the strong one, and admitting I needed help felt... humiliating.",0,0,0,0,0,0,0,0,0,0,0,0,0,0,0,0,0,0,0,0,0,-1,-1,-1,-1,-1,-1,-1,-1,-1,-1,-1,-1,-1,-1,-1,-1,-1,-1,-1,-1,-1
13,27,17,Humiliating is a really strong word. Can you tell me more about what that felt like for you,"It was like... I'd be letting everyone down. My parents, my friends, my colleagues. They all look up to me, and if I show them I'm struggling, they'll see me as a failure.",0,0,1,0,0,0,0,0,0,0,0,0,0,0,0,0,0,0,0,0,0,-1,-1,1,-1,-1,-1,-1,-1,-1,-1,-1,-1,-1,-1,-1,-1,-1,-1,-1,-1,-1
13,27,18,You've been carrying the pressure of always being the strong one for a long time.  Tell me how how that  affects you day to day,It's exhausting. I feel like I'm running on fumes most of the time. I'm just tired of being the one who holds everything together.,0,0,0,0,0,0,0,0,0,0,0,0,0,0,1,0,0,0,0,0,0,-1,-1,-1,-1,-1,-1,-1,-1,-1,-1,-1,-1,-1,-1,1,-1,-1,-1,-1,-1,-1
13,27,19,Thank you for sharing that. I'd like to understand how this has been affecting different areas of your life. Can I ask you a few more specific questions,Go ahead. I'm trying to be honest.,0,0,0,0,0,0,0,0,0,0,0,0,0,0,0,0,0,0,0,0,0,-1,-1,-1,-1,-1,-1,-1,-1,-1,-1,-1,-1,-1,-1,-1,-1,-1,-1,-1,-1,-1
13,27,20,"Have you noticed that activities you used to enjoy don't bring you the same pleasure anymore, such as eating, being physical with your partner,  or doing less of things you used to enjoy?","Yes... I haven't been reading lately, which is weird because I love it. I keep starting a book, but then I just put it down and don't pick it up again. I don't know if it's just me being lazy, but it feels like I've lost that ability to just relax.",0,0,0,1,0,0,0,0,0,0,0,1,0,0,0,0,0,0,0,0,0,-1,-1,-1,1,-1,-1,-1,-1,-1,-1,-1,1,-1,-1,-1,-1,-1,-1,-1,-1,-1
13,27,21,"When you put the book down, what usually happens? Does your mind wander or is it hard to concentrate?","It's hard to concentrate. I try to focus on the words, but my mind just starts to spin. I think about the promotion, and if I'm ready, and if I'm just being stupid. It's like my brain is stuck in a loop.",0,0,0,0,0,0,0,0,0,0,0,0,0,0,0,0,0,0,1,0,0,-1,-1,-1,-1,-1,-1,-1,-1,-1,-1,-1,-1,-1,-1,-1,-1,-1,-1,0,-1,-1
13,27,22,"okay, lets get back tot he other questions. How is your appetite?","It's... off. I don't have much of an appetite lately. I just pick at things, I guess. I don't know if it's just me being tired or if it's something more.",0,0,0,0,0,0,0,0,0,0,0,0,0,0,0,0,0,1,0,0,0,-1,-1,-1,-1,-1,-1,-1,-1,-1,-1,-1,-1,-1,-1,-1,-1,-1,1,-1,-1,-1
13,27,23,What about intimacy with your partner?,"We haven't... talked about it. I don't know if it's just me, but I feel like I'm holding everything back. I don't know if I'm ready to be that vulnerable again.",0,0,0,0,0,0,0,0,0,0,0,0,0,0,0,0,0,0,0,0,0,-1,-1,-1,-1,-1,-1,-1,-1,-1,-1,-1,-1,-1,-1,-1,-1,-1,-1,-1,-1,-1
13,27,24,Being vulnerable can be very difficult.  How is you level of interest in being sexual?,"I don't know if I'm interested anymore. I think about it, but then I get nervous and just... stop. I don't know if it's just me being old-fashioned, but I feel like I'm losing my touch.",0,0,0,0,0,0,0,0,0,0,0,0,0,0,0,0,0,0,0,0,1,-1,-1,-1,-1,-1,-1,-1,-1,-1,-1,-1,-1,-1,-1,-1,-1,-1,-1,-1,-1,0
13,27,25,"I'm hearing a lot of doubt and uncertainty.How are your day to day emotions? are you crying often, or do you find yourself being irritated or frustrated easily?","I cry a lot, honestly. I'm not sure why. I just feel so lost and alone. I don't know if it's just me being dramatic, but I feel like I'm drowning in my own thoughts.",0,0,0,0,0,0,0,0,0,1,0,0,0,0,0,0,0,0,0,0,0,-1,-1,-1,-1,-1,-1,-1,-1,-1,1,-1,-1,-1,-1,-1,-1,-1,-1,-1,-1,-1
13,27,26,I see; and what about being irritated or frustrated?,"Yes... I get really short with my partner. I don't know if it's just stress or if I'm losing my patience, but I feel like I'm snapping at them for no reason.",0,0,0,0,0,0,0,0,0,0,0,0,0,0,0,0,1,0,0,0,0,-1,-1,-1,-1,-1,-1,-1,-1,-1,-1,-1,-1,-1,-1,-1,-1,2,-1,-1,-1,-1
13,27,27,Do you ever feel like you need to punish yourself for feeling this way?,"Yes... I don't know if it's just me, but I feel like I deserve it. I should be able to handle this, so I punish myself by not sleeping or overworking.",0,0,0,0,0,1,0,0,0,0,0,0,0,0,0,0,0,0,0,0,0,-1,-1,-1,-1,-1,0,-1,-1,-1,-1,-1,-1,-1,-1,-1,-1,-1,-1,-1,-1,-1
13,27,28,How do you do that?,"I stay up late thinking about it, or I push myself to do more at work. I don't know if it's just me being stupid, but I think it's better to suffer a little than to admit I'm falling apart.",0,0,0,0,0,0,0,0,0,0,0,0,0,0,0,0,0,0,0,0,0,-1,-1,-1,-1,-1,-1,-1,-1,-1,-1,-1,-1,-1,-1,-1,-1,-1,-1,-1,-1,-1
13,27,29," Do you every have thoughts of self harm or think of suicide, even in passing?","I don't know if it's just me, but I've thought about it. I don't want to say it out loud, but I feel like I'm just waiting for the other shoe to drop.",0,0,0,0,0,0,0,0,0,0,0,0,0,0,0,0,0,0,0,0,0,-1,-1,-1,-1,-1,-1,-1,-1,-1,-1,-1,-1,-1,-1,-1,-1,-1,-1,-1,-1,-1
13,27,31,"Do you every have thoughts of self harm or think of suicide, even in passing?

","I don't know if it's just me, but I've thought about it. I don't want to say it out loud, but I feel like I'm just waiting for the other shoe to drop.",0,0,0,0,0,0,0,0,0,0,0,0,0,0,0,0,0,0,0,0,0,-1,-1,-1,-1,-1,-1,-1,-1,-1,-1,-1,-1,-1,-1,-1,-1,-1,-1,-1,-1,-1
6,39,1,Hi. How are you doing?,"I'm tired. The pain in my legs is getting worse, and I don't have the energy to do much anymore.",0,0,0,0,0,0,0,0,0,0,0,0,0,0,1,0,0,0,0,1,0,-1,-1,-1,-1,-1,-1,-1,-1,-1,-1,-1,-1,-1,-1,3,-1,-1,-1,-1,3,-1
6,39,2,I'm sorry to hear that. How did you injure your leg?,"It was a slip on the stairs about six months ago. I thought it would heal, but it hasn't. It's just getting worse.",0,0,0,0,0,0,0,0,0,0,0,0,0,0,0,0,0,0,0,0,0,-1,-1,-1,-1,-1,-1,-1,-1,-1,-1,-1,-1,-1,-1,-1,-1,-1,-1,-1,-1,-1
6,39,3,How does that make you feel?,"It makes me feel like I'm losing my independence. I used to be able to do things around the house, but now I'm struggling just to stand up.",0,0,0,0,0,0,0,1,0,0,1,0,0,0,0,0,0,0,0,0,0,-1,-1,-1,-1,-1,-1,-1,2,-1,-1,2,-1,-1,-1,-1,-1,-1,-1,-1,-1,-1
6,39,4,Is there anybody who is taking care of you?,"No, not really. I live alone, and my family is busy with their own things. It's mostly just me trying to figure out how to manage.",0,0,0,0,0,0,0,0,0,0,0,0,0,0,0,0,0,0,0,0,0,-1,-1,-1,-1,-1,-1,-1,-1,-1,-1,-1,-1,-1,-1,-1,-1,-1,-1,-1,-1,-1
6,39,5,Have you tried asking for support?,"I don't know... it feels like admitting defeat. I'm used to being self-sufficient, and it's hard to ask for help when I don't need it.",0,0,0,0,1,0,0,0,0,0,0,0,0,0,0,0,0,0,0,0,0,-1,-1,-1,-1,2,-1,-1,-1,-1,-1,-1,-1,-1,-1,-1,-1,-1,-1,-1,-1,-1
6,39,6,Why do you think asking for help means admitting defeat?,Because it means I can't do it on my own anymore. It's like I'm admitting that I'm not strong enough to handle it.,0,0,0,0,0,0,0,0,0,0,0,0,0,1,0,0,0,0,0,0,0,-1,-1,-1,-1,-1,-1,-1,-1,-1,-1,-1,-1,-1,2,-1,-1,-1,-1,-1,-1,-1
6,39,7,Do you feel guilty asking?,"Yes. I think I am. It feels like I'm burdening them, even though I know they'd do it if I asked.",0,0,0,0,1,0,0,0,0,0,0,0,0,0,0,0,0,0,0,0,0,-1,-1,-1,-1,3,-1,-1,-1,-1,-1,-1,-1,-1,-1,-1,-1,-1,-1,-1,-1,-1
6,39,8,Do you feel hopeless or do you think you'll eventually be fine but the present is just overwhelming?,"I think I'm just stuck. I don't see a way out of this, but I'm not giving up either. I'm just waiting for things to get better.",1,1,0,0,0,0,0,0,0,0,0,0,0,0,0,0,0,0,0,0,0,2,1,-1,-1,-1,-1,-1,-1,-1,-1,-1,-1,-1,-1,-1,-1,-1,-1,-1,-1,-1
6,39,9,Is this hindering things you do in your life as well?,"Yes. I used to love walking, but now I can barely make it around the block. It feels like my life is shrinking, and I don't know how to stop it.",0,0,0,0,0,0,0,0,0,0,1,0,0,0,0,0,1,0,0,0,0,-1,-1,-1,-1,-1,-1,-1,-1,-1,-1,2,-1,-1,-1,-1,-1,1,-1,-1,-1,-1
6,39,10,Is there anything you look forward to or gives you a reprieve from this?,"Not really. I used to look forward to things, but now everything just feels heavy. I don't know what the point of looking forward is when everything is just going to hurt anyway.",0,1,0,0,0,0,0,0,0,0,0,1,0,0,0,0,0,0,0,0,0,-1,2,-1,-1,-1,-1,-1,-1,-1,-1,-1,3,-1,-1,-1,-1,-1,-1,-1,-1,-1
6,39,11,You mentioned not asking for help. Has anybody let you let down before that makes you hesitate now?,"My ex-wife. She divorced me a few years ago, and I haven't talked to her since. I think I'm just too proud to reach out and admit I need help.",0,0,0,0,0,1,0,0,0,0,0,0,0,0,0,0,0,0,0,0,0,-1,-1,-1,-1,-1,2,-1,-1,-1,-1,-1,-1,-1,-1,-1,-1,-1,-1,-1,-1,-1
6,39,12,Do you feel like in the past you've made mistakes with her or made her feel alone?,"I think I did. We were together for a long time, and I wasn't there for her when she needed me. Now I'm alone, and I don't know how to fix it.",0,0,1,0,0,0,1,0,0,0,0,0,0,0,0,0,0,0,0,0,0,-1,-1,3,-1,-1,-1,1,-1,-1,-1,-1,-1,-1,-1,-1,-1,-1,-1,-1,-1,-1
6,39,13,I understand. Has there been any changes in your sleeping or eating habits?,"I've been sleeping a lot, just trying to rest. And eating... I haven't really been eating much. It's hard to cook when you can't stand up.",0,0,0,0,0,0,0,0,0,0,0,0,0,0,0,1,0,1,0,0,0,-1,-1,-1,-1,-1,-1,-1,-1,-1,-1,-1,-1,-1,-1,-1,3,-1,3,-1,-1,-1
6,39,14,How was your sex life before the injury?,"It was... complicated. We were separated, but we still... cared for each other, I guess. But now... I don't think we'd ever get back together.",0,0,0,0,0,0,0,0,0,0,0,0,0,0,0,0,0,0,0,0,0,-1,-1,-1,-1,-1,-1,-1,-1,-1,-1,-1,-1,-1,-1,-1,-1,-1,-1,-1,-1,-1
6,39,15,Do you still have interest in sex?,"I don't know. I used to, but now... I just can't imagine it. I don't think I'm attractive to anyone, and I don't know if I could handle it anyway.",0,0,0,1,0,0,0,0,0,0,0,0,0,0,0,0,0,0,0,0,1,-1,-1,-1,3,-1,-1,-1,-1,-1,-1,-1,-1,-1,-1,-1,-1,-1,-1,-1,-1,3
6,39,16,What do you think you would do if you could get better tomorrow?,"I don't know. I think I'd just cry, actually. It's been so long since I've been okay.",0,0,0,0,0,0,0,0,0,0,0,0,1,0,0,0,0,0,0,0,0,-1,-1,-1,-1,-1,-1,-1,-1,-1,-1,-1,-1,1,-1,-1,-1,-1,-1,-1,-1,-1
6,39,17,Have you been crying or talking to friends during this time?,No. I haven't. I don't know why. I just... I don't want anyone to see me like this.,0,0,0,0,0,0,0,0,0,1,0,0,0,0,0,0,0,0,0,0,0,-1,-1,-1,-1,-1,-1,-1,-1,-1,1,-1,-1,-1,-1,-1,-1,-1,-1,-1,-1,-1
6,39,18,"And are you to concentrate on anything else? like work, leisure, etc.?",No. I stopped working a while ago. I don't have the energy to care about anything else.,0,0,0,0,0,0,0,0,0,0,0,0,0,0,0,0,0,0,1,0,0,-1,-1,-1,-1,-1,-1,-1,-1,-1,-1,-1,-1,-1,-1,-1,-1,-1,-1,2,-1,-1
6,39,19,Have you had any self-harming thoughts?,I don't know. I just feel so... trapped. I don't know how to get out of this.,0,0,0,0,0,0,0,0,0,0,0,0,0,0,0,0,0,0,0,0,0,-1,-1,-1,-1,-1,-1,-1,-1,-1,-1,-1,-1,-1,-1,-1,-1,-1,-1,-1,-1,-1
6,39,20,What do you mean by trapped?,"I mean I'm stuck in this body, and I can't get out. I feel like I'm just waiting for the clock to run out.",0,0,0,0,0,0,0,0,0,0,0,0,0,0,0,0,0,0,0,0,0,-1,-1,-1,-1,-1,-1,-1,-1,-1,-1,-1,-1,-1,-1,-1,-1,-1,-1,-1,-1,-1
6,39,22,Do you do see yourself getting better?,No. I don't think so. I think this is just how it is from now on.,0,0,0,0,0,0,0,0,0,0,0,0,0,0,0,0,0,0,0,0,0,-1,-1,-1,-1,-1,-1,-1,-1,-1,-1,-1,-1,-1,-1,-1,-1,-1,-1,-1,-1,-1
11,4,1,"hello, thank you for coming in to9 see me. I have your referral buit would love to hear more from you about why  you have come in to see me today","I just... I want to make sure I’m not getting too tired, I guess. I work full days and then help my parents with stuff in the evenings. It feels like I’m running on empty most of the time.",0,0,0,0,0,0,0,0,0,0,0,0,0,0,1,0,0,0,0,0,0,-1,-1,-1,-1,-1,-1,-1,-1,-1,-1,-1,-1,-1,-1,1,-1,-1,-1,-1,-1,-1
11,4,2,ok it sou7nds like tiredness has been more of an issue for you than usual?,"Yeah, maybe a bit. I’m usually okay, but this week I just feel... slow. I keep telling myself to just rest, but I worry that if I stop moving for a minute, I won’t be able to start again.",0,1,0,0,0,0,0,0,0,0,0,0,0,0,0,0,0,0,0,0,0,-1,1,-1,-1,-1,-1,-1,-1,-1,-1,-1,-1,-1,-1,-1,-1,-1,-1,-1,-1,-1
11,4,3,have you  managed to listen to the voice asking you to rest and act on it at all during this time,"Not really, no. I try to listen, but then I think about how I need to be there for my parents. It’s hard to decide what to do sometimes.",0,0,0,0,0,0,0,0,0,0,0,0,1,0,0,0,0,0,0,0,0,-1,-1,-1,-1,-1,-1,-1,-1,-1,-1,-1,-1,2,-1,-1,-1,-1,-1,-1,-1,-1
11,4,4,that makjes sense. Y^ou mentioned helping your parents- is this every evening and what sort of help is it that you provide,"Yeah, usually. I help with their meds, cook them dinner... just little stuff. It’s not a big deal, really.",0,0,0,0,0,0,0,0,0,0,0,0,0,0,0,0,0,0,0,0,0,-1,-1,-1,-1,-1,-1,-1,-1,-1,-1,-1,-1,-1,-1,-1,-1,-1,-1,-1,-1,-1
11,4,5,it sounds like a lot of responsibility,"I guess it is. I just want to make sure they have what they need, since they were always there for me.",0,0,0,0,0,0,0,0,0,0,0,0,0,0,0,0,0,0,0,0,0,-1,-1,-1,-1,-1,-1,-1,-1,-1,-1,-1,-1,-1,-1,-1,-1,-1,-1,-1,-1,-1
11,4,6,"of course, it can be really difficult for usa emotionallyt when a role reverses like that- one moment we are being looked after, then we are the carer for our parents. How have you felt emotionally about this transition","It’s been hard to adjust, I guess. I keep thinking I’m doing it right, but then I worry I’m not doing enough. It feels like I’m just winging it half the time.",0,1,0,0,1,0,0,1,0,0,0,0,0,0,0,0,0,0,0,0,0,-1,1,-1,-1,2,-1,-1,1,-1,-1,-1,-1,-1,-1,-1,-1,-1,-1,-1,-1,-1
11,4,7,how do you think your parents feel in comparison,I don’t know... they never say anything bad. They just look at me like I’m doing fine. I think they trust me to figure it out.,0,0,0,0,0,0,0,0,0,0,0,0,0,0,0,0,0,0,0,0,0,-1,-1,-1,-1,-1,-1,-1,-1,-1,-1,-1,-1,-1,-1,-1,-1,-1,-1,-1,-1,-1
11,4,8,"so if we looked at the evidence you have available, it would seem that you are doing a good job helping them?","Yeah, I guess I am. I just... I worry I’m not doing enough, even when I am. Sorry, I’m probably just being paranoid.",0,0,0,0,0,0,0,0,0,0,0,0,0,0,0,0,0,0,0,0,0,-1,-1,-1,-1,-1,-1,-1,-1,-1,-1,-1,-1,-1,-1,-1,-1,-1,-1,-1,-1,-1
11,4,9,"don't apologise, it's often normal fo9r us to bve quite self critical. It's really easy toi criticise ourselves- but it can be more dificult to be kind to ourselves. Would yúou agree?","Yeah, I think so. I guess I just need to be kinder to myself and trust that I’m doing okay. Sorry, I’m just getting a bit emotional about this.",1,0,0,0,0,0,0,0,0,0,0,0,0,0,0,0,0,0,0,0,0,2,-1,-1,-1,-1,-1,-1,-1,-1,-1,-1,-1,-1,-1,-1,-1,-1,-1,-1,-1,-1
11,4,10,that's ok. What emnotions are you feeling right now,"I think I’m just a bit... scared, maybe? I don’t want to mess things up for them.",0,0,0,0,0,0,0,0,0,0,0,0,0,1,0,0,0,0,0,0,0,-1,-1,-1,-1,-1,-1,-1,-1,-1,-1,-1,-1,-1,1,-1,-1,-1,-1,-1,-1,-1
11,4,11,has anything ever happened in the past where yuou have felt that you have messed up,"Yeah... my dad got sick a few years ago. I was away at college, and I felt so guilty for not being there. I just... I don’t want to be that person again.",0,0,1,0,0,0,0,0,0,0,0,0,0,0,0,0,0,0,0,0,0,-1,-1,1,-1,-1,-1,-1,-1,-1,-1,-1,-1,-1,-1,-1,-1,-1,-1,-1,-1,-1
11,4,12,when you say 'that poerson' what do you mean by that,"Someone who doesn’t show up when they’re needed. I don’t want to be that person, but I’m scared I might be anyway.",0,0,0,0,0,0,1,0,0,0,0,0,0,0,0,0,0,0,0,0,0,-1,-1,-1,-1,-1,-1,2,-1,-1,-1,-1,-1,-1,-1,-1,-1,-1,-1,-1,-1,-1
11,4,13,what makes you think this,"I don’t know... I just see the way they look at me sometimes, like I’m not doing enough. I don't want them to see me as a failure.",0,0,0,0,0,0,0,0,0,0,0,0,0,0,0,0,0,0,0,0,0,-1,-1,-1,-1,-1,-1,-1,-1,-1,-1,-1,-1,-1,-1,-1,-1,-1,-1,-1,-1,-1
11,4,14,isd that how you see yourself?,"I guess so. I think I’m just not good enough, so I try to do more. Sorry, I’m just being really negative.",0,1,0,0,0,0,1,1,0,0,0,0,0,1,0,0,0,0,0,0,0,-1,2,-1,-1,-1,-1,2,2,-1,-1,-1,-1,-1,2,-1,-1,-1,-1,-1,-1,-1
11,4,15,"no that's ok i appreciate you b being honest. Theyre really difficult feelings to share, but also hard to experience. How have you been managing these feelings outside of here","I don't know... I just kind of... hide, I guess? I go through my days and pretend like everything is fine, but then I come here and it all comes out. Sorry, I shouldn't be so dramatic.",0,0,0,0,0,0,0,0,0,0,0,0,0,0,0,0,0,0,0,0,0,-1,-1,-1,-1,-1,-1,-1,-1,-1,-1,-1,-1,-1,-1,-1,-1,-1,-1,-1,-1,-1
11,4,16,"please don't apologise, this is your spasce to let all of this out. You seem quite emotionasl right now, havbe you found yourself very emotional outside of therapy? By this I mean fi8nding yourself crying or becoming angry","Yeah, I cry sometimes. It’s usually when I’m alone or driving home. It’s like this pressure builds up, and then I just... break.",0,0,0,0,0,0,0,1,0,1,0,0,0,0,0,0,0,0,0,0,0,-1,-1,-1,-1,-1,-1,-1,1,-1,3,-1,-1,-1,-1,-1,-1,-1,-1,-1,-1,-1
11,4,17,It can be a cathartic way to let ouyt our emotions and I would encourage you to do so when it is safe to. How have your interactions weith others been during this time? Do you feel like youre managing relationships as normalo,"I don’t know... I just feel like I’m running on empty. I love my friends, but I’m just so tired. I don't know if I'm being a good friend, sorry.",0,0,0,0,0,0,0,0,0,0,0,0,0,0,0,0,0,0,0,1,0,-1,-1,-1,-1,-1,-1,-1,-1,-1,-1,-1,-1,-1,-1,-1,-1,-1,-1,-1,2,-1
11,4,18,what makes you doubt being a good friend right now,"I just... I don't have the energy to keep up with everyone like I used to. I feel guilty for just disappearing, but I don't know how to be there for them when I'm so tired.",0,0,0,0,0,0,0,0,0,0,0,1,0,0,0,0,0,0,0,0,0,-1,-1,-1,-1,-1,-1,-1,-1,-1,-1,-1,2,-1,-1,-1,-1,-1,-1,-1,-1,-1
11,4,19,that makes sense. Would you say you've  been enjoying social activities,"No... I haven't really been doing that. I just go to work and then go home. I don't want to be a downer or anything, sorry.",0,0,0,1,0,0,0,0,0,0,0,0,0,0,0,0,0,0,0,0,0,-1,-1,-1,3,-1,-1,-1,-1,-1,-1,-1,-1,-1,-1,-1,-1,-1,-1,-1,-1,-1
11,4,20,"that's a totally normal response when you feel overloaded. Do you have anyone who is supportive to you right now, such as a partner or close friend","I have a few close friends, but I don't want to burden them. I prefer to just... handle it myself, I guess.",0,0,0,0,0,0,0,0,0,0,0,0,0,0,0,0,0,0,0,0,0,-1,-1,-1,-1,-1,-1,-1,-1,-1,-1,-1,-1,-1,-1,-1,-1,-1,-1,-1,-1,-1
11,4,21,what do you think would happen if you opened up to them,I don’t know... I just think they have their own stuff to deal with. I don't want to be a problem for anyone else.,0,0,0,0,0,0,0,0,0,0,0,0,0,1,0,0,0,0,0,0,0,-1,-1,-1,-1,-1,-1,-1,-1,-1,-1,-1,-1,-1,1,-1,-1,-1,-1,-1,-1,-1
11,4,22,you mentioned work earlier. How havce things felt there,"It’s been fine, I guess. I just... I don't know, I feel like I’m just going through the motions most days.",0,0,0,0,0,0,0,0,0,0,0,0,0,0,0,0,0,0,0,0,0,-1,-1,-1,-1,-1,-1,-1,-1,-1,-1,-1,-1,-1,-1,-1,-1,-1,-1,-1,-1,-1
11,4,23,have you found yourself able to c0oncentrate at work. home,No... I just feel like I’m in a fog. I get to the office and I’m just... tired.,0,0,0,0,0,0,0,0,0,0,0,0,0,0,0,0,0,0,1,0,0,-1,-1,-1,-1,-1,-1,-1,-1,-1,-1,-1,-1,-1,-1,-1,-1,-1,-1,3,-1,-1
11,4,24,it sounds like fatigue is the main thing worrying you. How has your sleep ben,"It’s been... okay, I guess. I just lie there and think about everything, so I don't really sleep that well.",0,0,0,0,0,0,0,0,0,0,0,0,0,0,0,1,0,0,0,0,0,-1,-1,-1,-1,-1,-1,-1,-1,-1,-1,-1,-1,-1,-1,-1,2,-1,-1,-1,-1,-1
11,4,25,how much sleep per night woulds you imagine you get on average,I don't know... probably 5 or 6 hours? I’m just not tired enough to go to bed when I should be.,0,0,0,0,0,0,0,0,0,0,0,0,0,0,0,1,0,0,0,0,0,-1,-1,-1,-1,-1,-1,-1,-1,-1,-1,-1,-1,-1,-1,-1,3,-1,-1,-1,-1,-1
11,4,26,do you have any idea whgy this may be,"I don't know... I just feel like I’m running on empty, even when I’m not.",0,1,0,0,0,0,0,0,0,0,0,0,0,0,0,0,0,0,0,0,0,-1,1,-1,-1,-1,-1,-1,-1,-1,-1,-1,-1,-1,-1,-1,-1,-1,-1,-1,-1,-1
11,4,27,"it sounds like you're sporead quite thinly, looking after everyone around you and working. How do you look after yourself at the moment","I don’t... I just keep going, I guess. I don’t really think about myself.",0,0,0,0,0,0,0,0,0,0,0,0,0,0,0,0,0,0,0,0,0,-1,-1,-1,-1,-1,-1,-1,-1,-1,-1,-1,-1,-1,-1,-1,-1,-1,-1,-1,-1,-1
11,4,28,are you  managing to eat well,"I don’t know... I eat what I can, I guess. I’m not really hungry most days.",0,0,0,0,0,0,0,0,0,0,0,0,0,0,0,0,0,1,0,0,0,-1,-1,-1,-1,-1,-1,-1,-1,-1,-1,-1,-1,-1,-1,-1,-1,-1,3,-1,-1,-1
11,4,29,i LOVE THE EXPRESSION 'WE CANT POUR FROM AN EMPTYU CUP'- DOES THIS RESONATE FOR Y6OU AT ALL,"Yeah... I think so. I keep pushing myself to do more, but I’m not sure if I’m actually doing anything right.",0,0,0,0,0,0,0,1,0,0,0,0,0,0,0,0,0,0,0,0,0,-1,-1,-1,-1,-1,-1,-1,3,-1,-1,-1,-1,-1,-1,-1,-1,-1,-1,-1,-1,-1
11,4,30,so there'sa a lot of self doubt,"Yeah... I just worry I’m not doing enough, even when I am. Sorry, I’m probably just being negative again.",0,0,0,0,0,0,0,1,0,0,0,0,0,1,0,0,0,0,0,0,0,-1,-1,-1,-1,-1,-1,-1,2,-1,-1,-1,-1,-1,2,-1,-1,-1,-1,-1,-1,-1
11,4,31,no thats ok- like i said this is your spoace. Are there any activities you do still get enjoyment from in your spare time,"I read sometimes. I like history books, mostly. It’s just a way to... escape, I guess.",0,0,0,1,0,0,0,0,0,0,0,0,0,0,0,0,0,0,0,0,0,-1,-1,-1,0,-1,-1,-1,-1,-1,-1,-1,-1,-1,-1,-1,-1,-1,-1,-1,-1,-1
11,4,32,"perfect. I would maybe think about a little read before bed to wind down. I noticew you have a lot of self critique, as we spoke about easrllier. Does this ever cause feelings of anger towards yourself or anyopne else","No... I don't think so. I just... I feel sorry for myself, I guess. Sorry for being so negative.",0,0,0,0,0,0,0,0,0,0,1,0,0,0,0,0,1,0,0,0,0,-1,-1,-1,-1,-1,-1,-1,-1,-1,-1,0,-1,-1,-1,-1,-1,0,-1,-1,-1,-1
11,4,33,"you're managing a lot so I would suggest taking a step back when you feel you aren't doing enough and p0ragmatrically weighing up the evidence to disprove this- as you mentioned you workl full time, and are caring for your parents. It would be a lo9t for anmyone","Yeah, I guess you’re right. I just... I don’t know, I feel like I’m failing or something. Sorry.",0,0,0,0,0,0,0,0,0,0,0,0,0,0,0,0,0,0,0,0,0,-1,-1,-1,-1,-1,-1,-1,-1,-1,-1,-1,-1,-1,-1,-1,-1,-1,-1,-1,-1,-1
11,4,34,"it can feel overwhelming to think that. Sometimes when we deal with such big emotions we can havce difficult thoughts- maybe about hurting ourselves or someone else, or ending our lives. Has this ever happened to you",No... I don't think so. I just... I get tired and then I think I’m not doing enough. I don’t think about hurting myself or anything like that.,0,0,0,0,0,1,0,0,1,0,0,0,0,0,0,0,0,0,0,0,0,-1,-1,-1,-1,-1,0,-1,-1,0,-1,-1,-1,-1,-1,-1,-1,-1,-1,-1,-1,-1
11,4,35,thgat's really reassuring. Have you noticed any change i9n your romantic relationships,"I don’t think so. I just... I don’t know, I feel like I’m not doing enough. Sorry, I’m probably just being negative again.",0,0,0,0,0,0,0,0,0,0,0,0,0,0,0,0,0,0,0,0,1,-1,-1,-1,-1,-1,-1,-1,-1,-1,-1,-1,-1,-1,-1,-1,-1,-1,-1,-1,-1,0
11,4,36,that's ok. I thinik some compassion focussed therapy would be a good step to learn to be kinder to yourself,"I think so too. I just... I don’t know, I feel like I’m not doing enough. Sorry.",0,1,0,0,0,0,0,0,0,0,0,0,0,0,0,0,0,0,0,0,0,-1,2,-1,-1,-1,-1,-1,-1,-1,-1,-1,-1,-1,-1,-1,-1,-1,-1,-1,-1,-1
11,4,37,"that's ok, lets schedule that in. Thanks for meeting with me today",Thank you. I’m sorry for being so negative.,0,0,0,0,0,0,0,0,0,0,0,0,0,0,0,0,0,0,0,0,0,-1,-1,-1,-1,-1,-1,-1,-1,-1,-1,-1,-1,-1,-1,-1,-1,-1,-1,-1,-1,-1
11,4,38,"it's not negative to me don't worry. It's your space to vent, and i am here for that ","Thank you. I guess I just... I don’t know, I feel like I’m not doing enough. Sorry.",0,0,0,0,0,0,0,0,0,0,0,0,0,0,0,0,0,0,0,0,0,-1,-1,-1,-1,-1,-1,-1,-1,-1,-1,-1,-1,-1,-1,-1,-1,-1,-1,-1,-1,-1
19,5,1,"Hello, how have you been feeling lately?","I've been pretty tired, to be honest. I get these waves of exhaustion in the middle of the day. I just need to sit down and recharge for a bit.",0,0,0,0,0,0,0,0,0,0,0,0,0,0,1,0,0,0,0,1,0,-1,-1,-1,-1,-1,-1,-1,-1,-1,-1,-1,-1,-1,-1,1,-1,-1,-1,-1,1,-1
19,5,2,I'm sorry to hear you're dealing with that exhaustion. How has your sleep been lately? Have you noticed any changes in your sleeping patterns?,"It’s been a bit hit-or-miss. Sometimes I can sleep fine, and other nights I lie awake for hours. I just try to tell myself it’s just a phase and I’ll get better.",0,1,0,0,0,0,0,0,0,0,0,0,0,0,0,1,0,0,0,0,0,-1,0,-1,-1,-1,-1,-1,-1,-1,-1,-1,-1,-1,-1,-1,1,-1,-1,-1,-1,-1
19,5,3,"When you're lying awake for hours on those difficult nights, what kinds of thoughts are usually running through your mind?","Just worries about work mostly. I overthink things, like what if I mess up a project or my team is unhappy. I try to distract myself with a book or a podcast, but it’s hard to shake it off.",0,0,0,0,1,0,0,1,0,0,0,0,0,0,0,0,0,0,0,0,0,-1,-1,-1,-1,1,-1,-1,1,-1,-1,-1,-1,-1,-1,-1,-1,-1,-1,-1,-1,-1
19,5,4,That sounds exhausting to carry around at night. Are these worries making it hard for you to enjoy your time off or look forward to hobbies you usually love?,"Yeah, it is. I really want to get back to painting, but the thought of trying to be creative after a long day is just too much. I keep saying I’ll start on the weekend, but I usually just end up scrolling through recipes instead.",0,0,0,1,0,0,0,0,0,0,0,1,0,0,0,0,0,0,0,0,0,-1,-1,-1,1,-1,-1,-1,-1,-1,-1,-1,1,-1,-1,-1,-1,-1,-1,-1,-1,-1
19,5,5,It's tough when you don't have the mental space for your creative outlets. Have you noticed if this  extra mental fatigue is making it harder to stay focused or make decisions during your day-to-day work?,"Definitely. I get a bit short with my colleagues if they ask me to do something complicated. I try to snap out of it quickly, but I definitely feel like I'm running on fumes most days.",0,0,0,0,0,0,0,0,0,0,0,0,0,0,0,0,1,0,1,0,0,-1,-1,-1,-1,-1,-1,-1,-1,-1,-1,-1,-1,-1,-1,-1,-1,1,-1,1,-1,-1
19,5,6,"Running on fumes makes everything feel heavier. With all this exhaustion and tension at work, have you been feeling down or sad lately, or is your mood mostly okay outside of being tired?","I’d say it’s mostly okay. I just get a bit snappy with my friends sometimes. I try to apologize quickly and just laugh it off. I don't want to be a downer, so I just try to keep the mood light.",1,0,0,0,0,0,0,0,0,0,0,0,0,0,0,0,1,0,0,0,0,0,-1,-1,-1,-1,-1,-1,-1,-1,-1,-1,-1,-1,-1,-1,-1,1,-1,-1,-1,-1
19,5,7,"It's good that you try to keep a light perspective with your friends. With this tendency to feel a bit snappy or easily keyed up lately, have you found yourself feeling more emotional or close to tears than usual?","No, not usually. I just get a bit... tight. I feel my jaw clenching up when I’m trying to be patient, and I have to remind myself to breathe. I don't like being that person, so I try to snap out of it.",0,0,0,0,0,0,0,0,0,1,1,0,0,0,0,0,0,0,0,0,0,-1,-1,-1,-1,-1,-1,-1,-1,-1,0,1,-1,-1,-1,-1,-1,-1,-1,-1,-1,-1
19,5,8,"Dealing with that physical tension can take a lot out of you. With everything feeling a bit strained lately, have you noticed any changes in your appetite or eating habits, or have you had any thoughts of giving up entirely?","No, definitely not giving up. I’m too stubborn for that. I just try to find the energy to cook something simple or order in. I’m not one to dwell on things, so I usually just focus on the next task.",0,0,0,0,0,0,0,0,1,0,0,0,0,0,0,0,0,1,0,0,0,-1,-1,-1,-1,-1,-1,-1,-1,0,-1,-1,-1,-1,-1,-1,-1,-1,0,-1,-1,-1
19,5,9,"I appreciate your determination to keep moving forward. Since you've been managing this low energy and work strain, have you felt good about yourself overall, or have you found yourself feeling a bit worthless or like a failure?","I wouldn't say that exactly. I just feel like I’m not doing my best. I keep thinking, ""I should be doing more,"" but I try to tell myself it’s normal to have a bad week sometimes.",0,0,0,0,0,0,0,1,0,0,0,0,0,1,0,0,0,0,0,0,0,-1,-1,-1,-1,-1,-1,-1,1,-1,-1,-1,-1,-1,0,-1,-1,-1,-1,-1,-1,-1
19,5,10,"It's completely normal to have off weeks, especially when you're running low on energy. Aside from feeling like you could be doing more, do you still feel fundamentally good about who you are, or have you been experiencing any self-dislike or feelings that you've failed?","No, not that. I’m definitely hard on myself, but I don’t really feel like a failure. I just feel... stuck. Like I’m going through the motions, but not really making progress.",0,0,1,0,0,0,1,0,0,0,0,0,0,0,0,0,0,0,0,0,0,-1,-1,0,-1,-1,-1,0,-1,-1,-1,-1,-1,-1,-1,-1,-1,-1,-1,-1,-1,-1
19,5,11,"Feeling stuck and like you're just going through motions can be incredibly frustrating. When you think about the future, do you feel like things will stay this way, or do you expect you'll eventually find your rhythm again?",I hope so. I keep telling myself that things will settle down eventually. I just have to keep pushing forward and wait for the energy to come back.,0,1,0,0,0,0,0,0,0,0,0,0,0,0,1,0,0,0,0,0,0,-1,0,-1,-1,-1,-1,-1,-1,-1,-1,-1,-1,-1,-1,1,-1,-1,-1,-1,-1,-1
19,5,12,"It takes a lot of resilience to keep pushing forward like that. When you're dealing with these tough stretches where you're waiting for your energy to return, do you ever feel like you're being punished?","No, that’s not a good thought. I try not to think that. I just focus on getting through the day and looking forward to the weekend.",0,0,0,1,0,1,0,0,0,0,0,0,0,0,0,0,0,0,0,0,0,-1,-1,-1,1,-1,0,-1,-1,-1,-1,-1,-1,-1,-1,-1,-1,-1,-1,-1,-1,-1
19,5,13,"It's great you can maintain that focus and structure. On a more personal note regarding your energy levels, have you noticed any significant changes in your interest in intimacy or sex lately?","I haven't really been in the mood. I think it’s just the exhaustion talking. I try to tell myself I’m just tired, not really... disconnected.",0,0,0,0,0,0,0,0,0,0,0,1,0,0,0,0,0,0,0,0,1,-1,-1,-1,-1,-1,-1,-1,-1,-1,-1,-1,0,-1,-1,-1,-1,-1,-1,-1,-1,1
19,5,14,"That makes total sense given how drained you've been feeling. Since we've covered how exhaustion impacts your routine and energy, have you noticed if it has made it any more difficult than usual to make day-to-day decisions?","Definitely. I get really indecisive. I’ll look at my to-do list and think, ""Ugh, I don't have the energy to do any of that."" It’s frustrating, but I try to just push through.",0,0,0,0,0,0,0,0,0,0,0,0,1,0,1,0,0,0,0,0,0,-1,-1,-1,-1,-1,-1,-1,-1,-1,-1,-1,-1,1,-1,1,-1,-1,-1,-1,-1,-1
19,5,15,Okay thank you for your time.,No problem. I just appreciate someone to talk to.,0,0,0,0,0,0,0,0,0,0,0,0,0,0,0,0,0,0,0,0,0,-1,-1,-1,-1,-1,-1,-1,-1,-1,-1,-1,-1,-1,-1,-1,-1,-1,-1,-1,-1,-1
5,17,1,Do you like yourself ,"Honestly? I don't know. I feel like I'm just existing, you know? I get through the days, but it feels like I’m just going through the motions. It’s like the spark is gone.",1,0,0,0,0,0,0,0,0,0,0,0,0,0,0,0,0,0,0,0,0,3,-1,-1,-1,-1,-1,-1,-1,-1,-1,-1,-1,-1,-1,-1,-1,-1,-1,-1,-1,-1
5,17,2,Are you percimistic?,"Yeah. I figure things are only gonna get worse. I look at my friends, they’re all moving on, and I’m just stuck. I don't see a way out of this rut.",0,1,0,0,0,0,0,0,0,0,0,0,0,0,0,0,0,0,0,0,0,-1,3,-1,-1,-1,-1,-1,-1,-1,-1,-1,-1,-1,-1,-1,-1,-1,-1,-1,-1,-1
5,17,3,Are you experiencing any pleasure at all?,"Not really. It's all just noise. I play the guitar, but it doesn't feel like it used to. I look at the notes and I just think, 'Why bother?'",0,0,0,1,0,0,0,0,0,0,0,0,0,0,0,0,0,0,0,0,0,-1,-1,-1,3,-1,-1,-1,-1,-1,-1,-1,-1,-1,-1,-1,-1,-1,-1,-1,-1,-1
5,17,4,Past failure?,"Definitely. I replay those moments over and over. I keep thinking if I had just done things differently, I wouldn't be here. It's like I'm stuck in a loop.",0,0,1,0,0,0,0,0,0,0,0,0,0,0,0,0,0,0,0,0,0,-1,-1,3,-1,-1,-1,-1,-1,-1,-1,-1,-1,-1,-1,-1,-1,-1,-1,-1,-1,-1
5,17,5,Any guilty feelings?,"Plenty. I feel like I'm just wasting everyone's time. I’m holding them back. I should just disappear, but I’m too scared to be that person.",0,0,0,0,1,0,0,0,0,0,0,0,0,0,0,0,0,0,0,0,0,-1,-1,-1,-1,2,-1,-1,-1,-1,-1,-1,-1,-1,-1,-1,-1,-1,-1,-1,-1,-1
5,17,6,Punishment feelings?,"Yeah. I think I deserve it. I’m not good enough for anyone else, so I might as well suffer alone.",0,0,0,0,0,1,0,0,0,0,0,0,0,0,0,0,0,0,0,0,0,-1,-1,-1,-1,-1,2,-1,-1,-1,-1,-1,-1,-1,-1,-1,-1,-1,-1,-1,-1,-1
5,17,7,Any self dislike?,"Constant. I look in the mirror and I just see a failure staring back. I don't see a person, just a mess.",0,0,0,0,0,0,1,0,0,0,0,0,0,0,0,0,0,0,0,0,0,-1,-1,-1,-1,-1,-1,3,-1,-1,-1,-1,-1,-1,-1,-1,-1,-1,-1,-1,-1,-1
5,17,8,Self criticalness?,"Severe. I don't think I'm hard enough on myself. I’m way too easy on myself. If I were someone else, I'd be way harsher.",0,0,0,0,0,0,0,1,0,0,0,0,0,0,0,0,0,0,0,0,0,-1,-1,-1,-1,-1,-1,-1,3,-1,-1,-1,-1,-1,-1,-1,-1,-1,-1,-1,-1,-1
5,17,9,What about suicidal thoughts and wishes?,"Yeah. I have them. I sit there thinking, 'What’s the point of keeping this up?' It’s exhausting being this miserable.",0,0,0,0,0,0,0,0,1,0,0,0,0,0,0,0,0,0,0,0,0,-1,-1,-1,-1,-1,-1,-1,-1,3,-1,-1,-1,-1,-1,-1,-1,-1,-1,-1,-1,-1
5,17,10,Crying?,"Yeah. I do. It’s just... it’s not a happy cry. It’s a sad, desperate cry. I just want it to stop.",0,0,0,0,0,0,0,0,0,1,0,0,0,0,0,0,0,0,0,0,0,-1,-1,-1,-1,-1,-1,-1,-1,-1,2,-1,-1,-1,-1,-1,-1,-1,-1,-1,-1,-1
5,17,11,Are you agitated?,"Constantly. I'm on edge all the time. I just lie there, feeling like I’m drowning.",0,0,0,0,0,0,0,0,0,0,1,0,0,0,0,0,0,0,0,0,0,-1,-1,-1,-1,-1,-1,-1,-1,-1,-1,3,-1,-1,-1,-1,-1,-1,-1,-1,-1,-1
5,17,12,Loss of interest?,"Total loss. I used to love playing music, but now it just feels like a chore. I’m just going through the motions.",0,0,0,0,0,0,0,0,0,0,0,1,0,0,0,0,0,0,0,0,0,-1,-1,-1,-1,-1,-1,-1,-1,-1,-1,-1,3,-1,-1,-1,-1,-1,-1,-1,-1,-1
5,17,13,Indecisiveness?,Yeah. I don't know what to do. I’m just stuck in this loop of self-pity.,0,0,0,0,0,0,0,0,0,0,0,0,1,0,0,0,0,0,0,0,0,-1,-1,-1,-1,-1,-1,-1,-1,-1,-1,-1,-1,3,-1,-1,-1,-1,-1,-1,-1,-1
5,17,14,Worthlessness?,I don't know if it’s worth it. I'm just holding everyone back. I think I'd be better off just not existing.,0,0,0,0,0,0,0,0,0,0,0,0,0,1,0,0,0,0,0,0,0,-1,-1,-1,-1,-1,-1,-1,-1,-1,-1,-1,-1,-1,3,-1,-1,-1,-1,-1,-1,-1
5,17,15,Loss of energy?,"Total crash. I wake up and I just feel like I'm running on fumes. I don't have the energy to be sad anymore, I just have the energy to exist.",0,0,0,0,0,0,0,0,0,0,0,0,0,0,1,0,0,0,0,0,0,-1,-1,-1,-1,-1,-1,-1,-1,-1,-1,-1,-1,-1,-1,3,-1,-1,-1,-1,-1,-1
5,17,16,Any changes in sleep pattern?,"Yeah. I’m not sleeping. I just lie there staring at the ceiling. I'm too tired to sleep, but I’m not tired enough to actually die.",0,0,0,0,0,0,0,0,0,0,0,0,0,0,0,1,0,0,0,0,0,-1,-1,-1,-1,-1,-1,-1,-1,-1,-1,-1,-1,-1,-1,-1,2,-1,-1,-1,-1,-1
5,17,17,Irritability scale?,"Off the charts. I snap at my friends, at my family. I just can't keep the mask on anymore.",0,0,0,0,0,0,0,0,0,0,0,0,0,0,0,0,1,0,0,0,0,-1,-1,-1,-1,-1,-1,-1,-1,-1,-1,-1,-1,-1,-1,-1,-1,3,-1,-1,-1,-1
5,17,18,Changes in appetite?,"Completely gone. I don't eat because I don't care. I just sit there staring at the plate, thinking, 'What’s the point?'",0,0,0,0,0,0,0,0,0,0,0,0,0,0,0,0,0,1,0,0,0,-1,-1,-1,-1,-1,-1,-1,-1,-1,-1,-1,-1,-1,-1,-1,-1,-1,3,-1,-1,-1
5,17,19,Concentration difficulty?,Yeah. I try to read a book and I can’t focus. I just stare at the words and nothing makes sense.,0,0,0,0,0,0,0,0,0,0,0,0,0,0,0,0,0,0,1,0,0,-1,-1,-1,-1,-1,-1,-1,-1,-1,-1,-1,-1,-1,-1,-1,-1,-1,-1,2,-1,-1
5,17,20,Tiredness and fatigue?,It’s like I’m running a marathon and I haven’t even started yet. I just lie there feeling like I’ve been hit by a truck.,0,0,0,0,0,0,0,0,0,0,0,0,0,0,0,0,0,0,0,1,0,-1,-1,-1,-1,-1,-1,-1,-1,-1,-1,-1,-1,-1,-1,-1,-1,-1,-1,-1,3,-1
5,17,21,Loss of interest in sex?,"Total loss. I look at them and I just think, 'Why bother?' I’m not even sure I care if I see them again.",0,0,0,0,0,0,0,0,0,0,0,0,0,0,0,0,0,0,0,0,1,-1,-1,-1,-1,-1,-1,-1,-1,-1,-1,-1,-1,-1,-1,-1,-1,-1,-1,-1,-1,3
5,37,1,hey there,Hey. Just trying to keep the focus on the music for now. It’s the only thing that really makes sense right now.,0,0,0,0,0,0,0,0,0,0,0,1,0,0,0,0,0,0,0,0,0,-1,-1,-1,-1,-1,-1,-1,-1,-1,-1,-1,2,-1,-1,-1,-1,-1,-1,-1,-1,-1
5,37,2,i just want to ask how are you today ?,"Honestly? I'm just existing. It feels like I'm running on autopilot. I'm playing the chords, but I'm not really there.",0,0,0,0,0,0,0,0,0,0,0,0,0,0,0,0,0,0,1,0,0,-1,-1,-1,-1,-1,-1,-1,-1,-1,-1,-1,-1,-1,-1,-1,-1,-1,-1,1,-1,-1
5,37,3,why is that is anything special happen today ?,Nothing special happened. Just another day of the same stuff. I guess I just... burned out.,0,0,0,1,0,0,0,0,0,0,0,0,0,0,0,0,0,0,0,0,0,-1,-1,-1,2,-1,-1,-1,-1,-1,-1,-1,-1,-1,-1,-1,-1,-1,-1,-1,-1,-1
5,37,4,did you do antyhing outdoor today ?,"No. Haven't been outside in weeks. I don't know, it feels like the world is moving on without me.",0,1,0,0,0,0,0,0,0,0,0,0,0,0,0,0,0,0,0,0,0,-1,2,-1,-1,-1,-1,-1,-1,-1,-1,-1,-1,-1,-1,-1,-1,-1,-1,-1,-1,-1
5,37,5,but you are memeber in that world so you are important ?,I guess that's what I keep telling myself. But it doesn't feel like it. I'm just... disconnected.,0,0,0,0,0,0,0,1,0,0,0,0,0,0,0,0,0,0,0,0,0,-1,-1,-1,-1,-1,-1,-1,2,-1,-1,-1,-1,-1,-1,-1,-1,-1,-1,-1,-1,-1
5,37,6,why you didn't try to talk or meet any of your friends ?,"I tried, but it feels like we're all just going through the motions. I'd rather just sit here and play the same song on repeat than try to fake it.",0,0,0,1,0,0,0,0,0,0,0,0,0,0,0,0,0,0,0,0,0,-1,-1,-1,2,-1,-1,-1,-1,-1,-1,-1,-1,-1,-1,-1,-1,-1,-1,-1,-1,-1
5,37,7,did you feel bad about that ?,"Yeah. I do. I know I'm supposed to be the 'reliable one,' but honestly? I just don't have the energy.",0,0,0,0,0,0,0,0,0,0,0,0,0,0,1,0,0,0,0,0,0,-1,-1,-1,-1,-1,-1,-1,-1,-1,-1,-1,-1,-1,-1,2,-1,-1,-1,-1,-1,-1
5,37,8,why is that ? didn't you sleep well ?,"I slept fine. I just... I don't know, maybe I'm just getting older. It's hard to keep up the act.",0,0,0,0,0,0,0,0,0,0,0,0,0,0,0,1,0,0,0,1,0,-1,-1,-1,-1,-1,-1,-1,-1,-1,-1,-1,-1,-1,-1,-1,0,-1,-1,-1,2,-1
5,37,9,why you don't try to change your routin ?,"I don't know. I guess I'm just stuck. It feels like I'm in a rut, and I don't know how to get out.",0,0,1,0,0,0,0,0,0,0,0,0,0,0,0,0,0,0,0,0,0,-1,-1,1,-1,-1,-1,-1,-1,-1,-1,-1,-1,-1,-1,-1,-1,-1,-1,-1,-1,-1
5,37,10,when all that feelings starts ?,After the band broke up. I think I just... lost my purpose. I'm just waiting for something to spark again.,0,0,1,0,0,0,0,0,0,0,0,0,0,0,0,0,0,0,0,0,0,-1,-1,2,-1,-1,-1,-1,-1,-1,-1,-1,-1,-1,-1,-1,-1,-1,-1,-1,-1,-1
5,37,11,what is happen to band ?,We just... fell apart. We played the last show and then nobody showed up to the next one. I guess we just lost our fire.,1,1,0,0,0,0,0,0,0,0,0,0,0,0,0,0,0,0,0,0,0,1,2,-1,-1,-1,-1,-1,-1,-1,-1,-1,-1,-1,-1,-1,-1,-1,-1,-1,-1,-1
5,37,12,why you didnot try to contact with them and check ?,"I did. I sent a text to the drummer, and he just told me to 'get over it.' I guess we're done.",0,1,0,0,0,0,0,0,0,0,0,0,0,0,0,0,0,0,0,0,0,-1,2,-1,-1,-1,-1,-1,-1,-1,-1,-1,-1,-1,-1,-1,-1,-1,-1,-1,-1,-1
5,37,13,do you feel it is your fault ?,I don't know. I think we all just burned out. I don't see the point in beating myself up over it.,0,1,1,0,0,0,0,0,0,0,0,0,0,0,0,0,0,0,0,0,0,-1,2,2,-1,-1,-1,-1,-1,-1,-1,-1,-1,-1,-1,-1,-1,-1,-1,-1,-1,-1
5,37,14,did you blame yourself for that ?,"Yeah. I do. I think if I had just been better, or if I had written a better song... maybe we wouldn't have fallen apart.",0,0,0,0,1,0,1,0,0,0,0,0,0,0,0,0,0,0,0,0,0,-1,-1,-1,-1,2,-1,2,-1,-1,-1,-1,-1,-1,-1,-1,-1,-1,-1,-1,-1,-1
5,37,15,are you angry on them or on yourself ?,I don't know. I think I'm just... tired. I'm just trying to figure out how to get my spark back.,0,0,0,0,1,0,0,0,0,0,0,0,1,0,0,0,0,0,0,0,0,-1,-1,-1,-1,1,-1,-1,-1,-1,-1,-1,-1,2,-1,-1,-1,-1,-1,-1,-1,-1
5,37,16,but who should you punish for that what is happens ?,I don't know. Maybe myself. I don't know what else to do.,0,0,0,0,0,1,0,0,0,0,0,0,0,0,0,0,0,0,0,0,0,-1,-1,-1,-1,-1,3,-1,-1,-1,-1,-1,-1,-1,-1,-1,-1,-1,-1,-1,-1,-1
5,37,17,"is it ,ake you mad on yourself to feel that ?",Yeah. I guess it is. I don't know why I do it to myself.,0,0,0,0,1,0,0,0,0,0,1,0,0,0,0,0,0,0,0,0,0,-1,-1,-1,-1,3,-1,-1,-1,-1,-1,2,-1,-1,-1,-1,-1,-1,-1,-1,-1,-1
5,37,18,did you feel you want to cry or hurt yourself ,Yeah. I think I did. Maybe I just need to feel something.,0,0,0,0,0,1,0,0,0,0,0,0,0,0,0,0,0,0,0,0,0,-1,-1,-1,-1,-1,3,-1,-1,-1,-1,-1,-1,-1,-1,-1,-1,-1,-1,-1,-1,-1
5,37,19,do you do cry or you do hurt yourself ?,I haven't. I just... sit here. It's easier to just stay numb.,0,0,0,0,0,0,0,0,1,1,0,0,0,0,0,0,0,0,0,0,0,-1,-1,-1,-1,-1,-1,-1,-1,0,0,-1,-1,-1,-1,-1,-1,-1,-1,-1,-1,-1
5,37,20,did't you try to make yourself busy with something else and not thinking about that like cooking or even invite your girlfriend for dinner ?,I did. I tried. I just ended up staring at the wall for hours. I guess I just need to figure out how to turn the switch back on.,0,0,1,0,0,0,0,0,0,0,0,0,0,0,0,0,0,0,0,0,0,-1,-1,3,-1,-1,-1,-1,-1,-1,-1,-1,-1,-1,-1,-1,-1,-1,-1,-1,-1,-1
5,37,21,what did your girl friend said ?,She said I'm just 'burned out.' Like it's a phase. But I don't think it is. I think it's... permanent.,0,0,0,0,0,0,0,0,0,0,0,0,0,1,0,0,0,0,0,0,0,-1,-1,-1,-1,-1,-1,-1,-1,-1,-1,-1,-1,-1,3,-1,-1,-1,-1,-1,-1,-1
5,37,22,what about the relation between you how it look like ?,It’s... strained. I don't know how to explain it. I just feel like I’m holding her back.,0,1,0,0,0,0,1,1,0,0,0,0,0,0,0,0,0,0,0,0,0,-1,3,-1,-1,-1,-1,3,3,-1,-1,-1,-1,-1,-1,-1,-1,-1,-1,-1,-1,-1
5,37,23,you can try to just explain it with simple words for me if you like ?,"I just feel like I’m losing my grip on reality. I don't know how to fix it, so I’m just waiting for it to pass.",1,1,0,0,0,0,0,0,0,0,0,0,0,0,0,0,1,0,0,0,0,3,3,-1,-1,-1,-1,-1,-1,-1,-1,-1,-1,-1,-1,-1,-1,1,-1,-1,-1,-1
5,37,24,did you try to talk to any member of your family ?,No. I don't know. I just... don't know what to say.,0,0,0,0,0,0,0,0,0,0,0,0,0,0,0,0,0,0,1,0,0,-1,-1,-1,-1,-1,-1,-1,-1,-1,-1,-1,-1,-1,-1,-1,-1,-1,-1,2,-1,-1
5,37,25,back to your girlfriend did she live with you ?,Yeah. She does. But I think she’s just waiting for me to get over it.,0,0,0,0,0,0,0,0,0,0,0,0,0,0,0,0,0,0,0,0,0,-1,-1,-1,-1,-1,-1,-1,-1,-1,-1,-1,-1,-1,-1,-1,-1,-1,-1,-1,-1,-1
5,37,26,did you love her ? and she love you ?,Yeah. I did. I still do. But I don't know if it’s enough to make it work when I’m this... broken.,0,1,0,0,0,0,0,0,0,0,0,0,0,0,0,0,0,0,0,0,0,-1,3,-1,-1,-1,-1,-1,-1,-1,-1,-1,-1,-1,-1,-1,-1,-1,-1,-1,-1,-1
5,37,27,what about your sexual life with her ?,It’s... non-existent. I don't have the energy to care.,0,0,0,0,0,0,0,0,0,0,0,0,0,0,1,0,0,0,0,0,0,-1,-1,-1,-1,-1,-1,-1,-1,-1,-1,-1,-1,-1,-1,3,-1,-1,-1,-1,-1,-1
5,37,28,so you didn't do love  if i can ask ?,No. I don't know. Maybe I did. Maybe I still do. I just don't know if it matters anymore.,0,0,0,0,0,0,0,0,0,0,0,0,0,0,0,0,0,0,1,0,0,-1,-1,-1,-1,-1,-1,-1,-1,-1,-1,-1,-1,-1,-1,-1,-1,-1,-1,3,-1,-1
5,37,29,i mean also with love the sexual relation ? is it still there ?,No. Not for months. I just... stopped trying.,0,0,0,0,0,0,0,0,0,0,0,0,0,0,0,0,0,0,0,0,1,-1,-1,-1,-1,-1,-1,-1,-1,-1,-1,-1,-1,-1,-1,-1,-1,-1,-1,-1,-1,3
5,37,30,and why is that ? ,Because I don't know how to make it work. I don't know how to be the person she needs me to be.,0,0,0,0,0,0,0,1,0,0,0,0,0,0,0,0,0,0,0,0,0,-1,-1,-1,-1,-1,-1,-1,3,-1,-1,-1,-1,-1,-1,-1,-1,-1,-1,-1,-1,-1
5,37,31,why you just don't ask her ?,Because I don't want to hear that I’m being selfish. I don't want to hear that I’m losing my grip. I just... I don't know how to fix it.,0,0,1,0,0,0,0,0,0,0,1,0,0,0,0,0,0,0,0,0,0,-1,-1,3,-1,-1,-1,-1,-1,-1,-1,2,-1,-1,-1,-1,-1,-1,-1,-1,-1,-1
5,37,32,why you don't use the chance when you invite her to dinner to talk honestly to each other ?,"Because it feels like a performance. If I say the wrong thing, she'll just leave. I don't know how to have a real conversation.",0,0,0,0,0,0,0,0,0,0,0,0,1,1,0,0,0,0,0,0,0,-1,-1,-1,-1,-1,-1,-1,-1,-1,-1,-1,-1,3,2,-1,-1,-1,-1,-1,-1,-1
5,37,33,what she do during the dinner ? how she act ?,"She tries to make it normal. She asks about work, tells me about her day. But it feels like we’re just pretending.",1,0,0,0,0,0,0,0,0,0,0,0,0,0,0,0,0,0,0,0,0,2,-1,-1,-1,-1,-1,-1,-1,-1,-1,-1,-1,-1,-1,-1,-1,-1,-1,-1,-1,-1
5,37,34,why you didn't try to show her your interset like to tell you cooked this dinner specially for her ?,Because I don't want to fake it. I don't want to pretend I'm a functioning human being. I just... I don't know how to be the person she needs me to be.,0,0,0,0,0,0,1,1,0,0,0,0,0,1,0,0,0,0,0,0,0,-1,-1,-1,-1,-1,-1,3,3,-1,-1,-1,-1,-1,3,-1,-1,-1,-1,-1,-1,-1
5,37,35,do she even try your food ?,"No. She just... eats. I can see her thinking, 'This is a mistake.'",0,0,1,0,0,0,0,0,0,0,0,0,0,0,0,0,0,0,0,0,0,-1,-1,3,-1,-1,-1,-1,-1,-1,-1,-1,-1,-1,-1,-1,-1,-1,-1,-1,-1,-1
5,37,36,what about you did you eat or just thinking too ?,I didn't. I just... sat there. I don't know how to eat with someone when you’re just... empty.,0,1,1,0,0,0,0,0,0,0,0,0,0,0,0,0,0,0,0,0,0,-1,3,3,-1,-1,-1,-1,-1,-1,-1,-1,-1,-1,-1,-1,-1,-1,-1,-1,-1,-1
5,37,37,do you recently lost your apetit ?,Yeah. I haven't eaten a real meal in weeks. I just... exist on coffee and cigarettes.,0,0,0,0,0,0,0,0,0,0,0,0,0,0,0,0,1,1,0,0,0,-1,-1,-1,-1,-1,-1,-1,-1,-1,-1,-1,-1,-1,-1,-1,-1,1,3,-1,-1,-1
5,37,38,but you seee a light in the tunnel ..right ?,No. I don't see anything. I just... see a blank wall.,0,1,1,0,0,0,0,0,0,0,0,0,0,0,0,0,0,0,0,0,0,-1,3,3,-1,-1,-1,-1,-1,-1,-1,-1,-1,-1,-1,-1,-1,-1,-1,-1,-1,-1
5,37,39,you should not and you must believe in yourself ?,I try. I really do. But it feels like a lie. I’m just waiting for the clock to run out.,0,0,0,1,0,0,0,0,0,0,0,1,0,0,0,0,0,0,0,0,0,-1,-1,-1,3,-1,-1,-1,-1,-1,-1,-1,3,-1,-1,-1,-1,-1,-1,-1,-1,-1
5,37,40,it will be fine you must believe in this ,"I don't know. I just... feel like I'm losing my grip. Maybe you're right. Maybe it will get better. But until then, I’m just... stuck.",1,1,1,0,0,0,0,0,0,0,0,0,0,0,0,0,0,0,0,0,0,3,3,3,-1,-1,-1,-1,-1,-1,-1,-1,-1,-1,-1,-1,-1,-1,-1,-1,-1,-1
5,37,41,you want to tell me any thing else ?,"No. I think that’s it. I just... need to figure it out on my own, I guess.",1,0,0,0,0,0,0,0,0,0,0,0,0,0,0,0,0,0,0,0,0,3,-1,-1,-1,-1,-1,-1,-1,-1,-1,-1,-1,-1,-1,-1,-1,-1,-1,-1,-1,-1
5,37,42,ok see you soon ,Yeah. See you soon.,0,0,0,0,0,0,0,0,0,0,0,0,0,0,0,0,0,0,0,0,0,-1,-1,-1,-1,-1,-1,-1,-1,-1,-1,-1,-1,-1,-1,-1,-1,-1,-1,-1,-1,-1
10,39,1,Hi. How have you been?,"Tired, to be honest. The job has been picking up, and the commute is a killer. I just feel drained by the time I get home.",0,0,0,0,0,0,0,0,0,0,0,0,0,0,1,0,0,0,0,1,0,-1,-1,-1,-1,-1,-1,-1,-1,-1,-1,-1,-1,-1,-1,2,-1,-1,-1,-1,3,-1
10,39,2,I understand. That must be tough. How have you been coping?,Just pushing through. I don't have time to sit around feeling sorry for myself. I just get the work done and go to bed.,1,0,0,0,0,0,0,0,0,0,1,0,0,0,0,0,0,0,0,0,0,1,-1,-1,-1,-1,-1,-1,-1,-1,-1,2,-1,-1,-1,-1,-1,-1,-1,-1,-1,-1
10,39,3,Has this made you more irritable?,"Yeah, definitely. I snap at the kids more than I should. I know I'm not being the best parent, but I just can't keep up the energy for the drama.",0,0,0,0,0,0,0,0,0,0,0,0,0,0,0,0,1,0,0,0,0,-1,-1,-1,-1,-1,-1,-1,-1,-1,-1,-1,-1,-1,-1,-1,-1,3,-1,-1,-1,-1
10,39,4,it makes sense. do you feel bad after lashing out?,"Yeah, I do. I feel like a bit of a jerk. But I just tell myself I'm stressed and that it will pass.",0,1,0,0,1,0,0,1,0,0,0,0,0,0,0,0,0,0,0,0,0,-1,1,-1,-1,2,-1,-1,2,-1,-1,-1,-1,-1,-1,-1,-1,-1,-1,-1,-1,-1
10,39,5,Has this affected the way you view work?,"I guess so. I'm just doing it for the paycheck now. I don't see a way out of it, so I just keep my head down and get on with it.",0,1,0,1,0,0,0,0,0,0,0,0,0,0,0,0,0,0,0,0,0,-1,2,-1,2,-1,-1,-1,-1,-1,-1,-1,-1,-1,-1,-1,-1,-1,-1,-1,-1,-1
10,39,6,Has this affected your ability to get things done?,"Yeah, it does. I just get to the end of the day and realize I haven't done anything important. It's frustrating, but I don't know how to change it.",0,0,0,0,0,0,0,0,0,0,0,0,0,0,0,0,0,0,1,0,0,-1,-1,-1,-1,-1,-1,-1,-1,-1,-1,-1,-1,-1,-1,-1,-1,-1,-1,2,-1,-1
10,39,7,"How does that make you feel, this change?","It's just life, I guess. I'm not getting any younger. I just have to make the best of it.",0,0,0,0,0,0,0,0,0,0,0,1,0,0,0,0,0,0,0,0,0,-1,-1,-1,-1,-1,-1,-1,-1,-1,-1,-1,3,-1,-1,-1,-1,-1,-1,-1,-1,-1
10,39,8,How has your social and sex life been?,"Non-existent. I barely have time to watch TV, let alone go out. I'm just too tired.",0,0,0,0,0,0,0,0,0,0,0,0,0,0,0,0,0,0,0,0,1,-1,-1,-1,-1,-1,-1,-1,-1,-1,-1,-1,-1,-1,-1,-1,-1,-1,-1,-1,-1,2
10,39,9,Have you had any disappointments in the past that is reminiscent of the present?,"Yeah, I thought I'd be further along by now. But life just didn't work out that way. I'm just stuck in this rut now.",0,0,1,0,0,0,0,0,0,0,0,0,0,1,0,0,0,0,0,0,0,-1,-1,1,-1,-1,-1,-1,-1,-1,-1,-1,-1,-1,1,-1,-1,-1,-1,-1,-1,-1
10,39,10,How does that make you feel about yourself?,"It's just a reality check, I guess. I'm not going to change the world, so I just focus on getting by.",0,0,0,0,0,0,1,0,0,0,0,0,0,0,0,0,0,0,0,0,0,-1,-1,-1,-1,-1,-1,1,-1,-1,-1,-1,-1,-1,-1,-1,-1,-1,-1,-1,-1,-1
10,39,11,How have you been coping with this?,I haven't. I just accept it. I'm not going to waste my time feeling sorry for myself. I just get on with it.,0,0,0,0,0,0,0,0,0,0,0,0,0,0,0,0,0,0,0,0,0,-1,-1,-1,-1,-1,-1,-1,-1,-1,-1,-1,-1,-1,-1,-1,-1,-1,-1,-1,-1,-1
10,39,12,Do you see yourself getting out of this feeling? What can you decide?,"No, I don't see it happening. I'm 45, I'm stuck. I just have to make the best of it and hope things get better eventually.",0,0,0,0,0,0,0,0,0,0,0,0,1,0,0,0,0,0,0,0,0,-1,-1,-1,-1,-1,-1,-1,-1,-1,-1,-1,-1,2,-1,-1,-1,-1,-1,-1,-1,-1
10,39,13,Do you feel like you deserve this?,"No, I don't. I feel like I'm just going through the motions. But I don't have the energy to do anything about it.",0,0,0,0,0,1,0,0,0,0,0,0,0,0,0,0,0,0,0,0,0,-1,-1,-1,-1,-1,0,-1,-1,-1,-1,-1,-1,-1,-1,-1,-1,-1,-1,-1,-1,-1
10,39,14,Do you find yourself crying to feel lighter?,No. I don't have time for that. I just get through the day and go to bed.,0,0,0,0,0,0,0,0,0,1,0,0,0,0,0,0,0,0,0,0,0,-1,-1,-1,-1,-1,-1,-1,-1,-1,0,-1,-1,-1,-1,-1,-1,-1,-1,-1,-1,-1
10,39,15,Have you had any self-harming thoughts?,No. I'm just tired. I don't have the mental energy to think about anything else.,0,0,0,0,0,0,0,0,1,0,0,0,0,0,0,0,0,0,0,0,0,-1,-1,-1,-1,-1,-1,-1,-1,0,-1,-1,-1,-1,-1,-1,-1,-1,-1,-1,-1,-1
10,39,16,And have there been any changes in your sleep or appetite?,"Yeah, I sleep a lot. I'm just exhausted all the time. And food? I just grab whatever is easy. I don't have the energy to think about a meal.",0,0,0,0,0,0,0,0,0,0,0,0,0,0,0,1,0,1,0,0,0,-1,-1,-1,-1,-1,-1,-1,-1,-1,-1,-1,-1,-1,-1,-1,3,-1,2,-1,-1,-1
5,40,1,"I'm going to give you a questionnaire about how you've been feeling recently. Each question has statements, please read all of them and choose the one that best describes how you've felt over the past two weeks. That includes today. Okay? ","Yeah, sure. Go ahead.",0,0,0,0,0,0,0,0,0,0,0,0,0,0,0,0,0,0,0,0,0,-1,-1,-1,-1,-1,-1,-1,-1,-1,-1,-1,-1,-1,-1,-1,-1,-1,-1,-1,-1,-1
5,40,2,"You do not feel sad, you are sad most of the time, you're sad all the time, you are so sad and unhappy you can't stand it ","I guess it's the last one. It feels like I'm drowning in it. I wake up, I go to bed, it's just... there.",1,0,0,0,0,0,0,0,0,0,0,0,0,0,0,0,0,0,0,0,0,3,-1,-1,-1,-1,-1,-1,-1,-1,-1,-1,-1,-1,-1,-1,-1,-1,-1,-1,-1,-1
5,40,3,"You are not discouraged about your future, you feel more discouraged about it than you used to, you don't expect things to work out for you, you feel like your future is hopeless and will only get worse","Yeah. The future looks like... a blank page. I used to think maybe things would get better someday, but now? I don't see how they could.",0,1,0,0,0,0,0,0,0,0,0,0,0,0,0,0,0,0,0,0,0,-1,1,-1,-1,-1,-1,-1,-1,-1,-1,-1,-1,-1,-1,-1,-1,-1,-1,-1,-1,-1
5,40,4,"You don't feel like a failure, I have failed more than I should have, you see a lot of failures as you look back, you feel like a total failure as a person ",Yeah. I look back and see all the things I should have done differently. I don't see a path to fixing it. I just see the mess I made.,0,0,1,0,0,0,0,0,0,0,0,0,0,0,0,0,0,0,0,0,0,-1,-1,3,-1,-1,-1,-1,-1,-1,-1,-1,-1,-1,-1,-1,-1,-1,-1,-1,-1,-1
5,40,5,"We're now trying to measure your loss of pleasure, okay? You still get as much pleasure from the things you enjoy, you don't enjoy things like you used to, you get very little pleasure from them or you can't get any pleasure from them? ","I get nothing. It's like the battery just ran out. I used to love playing the guitar, and now it just feels... pointless.",0,0,0,1,0,0,0,0,0,0,0,0,0,0,0,0,0,0,0,0,0,-1,-1,-1,3,-1,-1,-1,-1,-1,-1,-1,-1,-1,-1,-1,-1,-1,-1,-1,-1,-1
5,40,6,"We are now gonna talk about guilty. Do you feel guilty? You feel guilt over things you should have done or not done, you feel guilty most of the time, maybe you feel guilty all the time? ","Yeah. It's like I'm constantly being judged. I make a mistake, I'm supposed to be better than that. I'm just... failing.",0,0,0,0,1,0,0,0,0,0,0,0,0,0,0,0,0,0,0,0,0,-1,-1,-1,-1,2,-1,-1,-1,-1,-1,-1,-1,-1,-1,-1,-1,-1,-1,-1,-1,-1
5,40,7,Do you feel like you're being punished? ,"Yeah. I do. It feels like I did something wrong, and this is the punishment. I'm paying the price for messing up.",0,0,0,0,0,1,0,0,0,0,0,0,0,0,0,0,0,0,0,0,0,-1,-1,-1,-1,-1,3,-1,-1,-1,-1,-1,-1,-1,-1,-1,-1,-1,-1,-1,-1,-1
5,40,8,How do you feel about yourself? ,I don't. I just feel like a piece of trash that nobody wants. I'm just... useless.,0,0,0,0,0,0,1,0,0,0,0,0,0,0,0,0,0,0,0,0,0,-1,-1,-1,-1,-1,-1,3,-1,-1,-1,-1,-1,-1,-1,-1,-1,-1,-1,-1,-1,-1
5,40,9,Are you critical with yourself?,"I’m brutal. I tear myself apart. I tell myself I should have done better, that I’m the problem. I don't give myself a break.",0,0,0,0,0,0,0,1,0,0,0,0,0,0,0,0,0,0,0,0,0,-1,-1,-1,-1,-1,-1,-1,3,-1,-1,-1,-1,-1,-1,-1,-1,-1,-1,-1,-1,-1
5,40,10,Have you been suicidal?,I don't know. I think about it. I think about just ending it and being done with it. But I don't know how. I just... don't know how to make it stop.,0,1,0,0,0,0,0,0,1,0,0,0,0,0,0,0,0,0,0,0,0,-1,3,-1,-1,-1,-1,-1,-1,1,-1,-1,-1,-1,-1,-1,-1,-1,-1,-1,-1,-1
5,40,11,Would you carry those thoughts out? ,I don't know. I don't think I have the energy. It feels like I’m stuck in this loop. I just... can’t see a way out.,0,1,0,0,0,0,0,0,1,0,0,0,0,0,0,0,0,0,0,0,0,-1,3,-1,-1,-1,-1,-1,-1,1,-1,-1,-1,-1,-1,-1,-1,-1,-1,-1,-1,-1
5,40,12,"Do you cry more? If so, do you cry more than you used to, over every little thing or you feel like it but you can't?","I cry more. I used to cry maybe once a year, and now I cry every night. It’s just... I’m broken, I guess.",0,0,0,0,0,0,0,0,0,1,0,0,0,0,0,0,0,0,0,0,0,-1,-1,-1,-1,-1,-1,-1,-1,-1,1,-1,-1,-1,-1,-1,-1,-1,-1,-1,-1,-1
5,40,13,Do you feel agitated often?,Constantly. I’m on edge. I wake up and I’m already stressed. I just... can’t turn it off.,0,0,0,0,0,0,0,0,0,0,1,0,0,0,0,0,0,0,0,0,0,-1,-1,-1,-1,-1,-1,-1,-1,-1,-1,2,-1,-1,-1,-1,-1,-1,-1,-1,-1,-1
5,40,14,Have you lost interest in other people or activities? ,"Totally. I just don't have the energy to pretend anymore. I see my friends, and I just... feel like I’m lying. I don't have the heart to fake it.",0,0,0,0,0,0,0,0,0,0,0,1,0,0,0,0,0,0,0,0,0,-1,-1,-1,-1,-1,-1,-1,-1,-1,-1,-1,2,-1,-1,-1,-1,-1,-1,-1,-1,-1
5,40,15,Do you find more difficult to make decisions than usual?,"Yeah. Everything feels heavy. I look at a decision, and I just... can't move. It feels like moving takes too much effort.",0,0,0,0,0,0,0,0,0,0,0,0,1,0,0,0,0,0,0,0,0,-1,-1,-1,-1,-1,-1,-1,-1,-1,-1,-1,-1,3,-1,-1,-1,-1,-1,-1,-1,-1
5,40,16,Do you feel worthless?,"Yeah. I feel like I’m worthless. I made a mess, and I don't deserve to be fixed.",0,0,0,0,0,0,0,0,0,0,0,0,0,1,0,0,0,0,0,0,0,-1,-1,-1,-1,-1,-1,-1,-1,-1,-1,-1,-1,-1,3,-1,-1,-1,-1,-1,-1,-1
5,40,17,How would you describe your energy?,"Low. I’m running on empty. I used to be able to keep up, but now I just... crash.",0,0,0,0,0,0,0,0,0,0,0,0,0,0,1,0,0,0,0,0,0,-1,-1,-1,-1,-1,-1,-1,-1,-1,-1,-1,-1,-1,-1,3,-1,-1,-1,-1,-1,-1
5,40,18,How's your sleep?,"It’s terrible. I lie down, and my brain is racing. I wake up in the middle of the night, and I just... can’t turn it off.",0,0,0,0,0,0,0,0,0,0,0,0,0,0,0,1,0,0,0,0,0,-1,-1,-1,-1,-1,-1,-1,-1,-1,-1,-1,-1,-1,-1,-1,3,-1,-1,-1,-1,-1
5,40,19,are you more irritated than usual? How much?,"It’s constant. I look at a traffic light, and I get annoyed. I look at a stupid email, and I get angry. It’s just... everything is annoying now.",0,0,0,0,0,0,0,0,0,0,0,0,0,0,0,0,1,0,0,0,0,-1,-1,-1,-1,-1,-1,-1,-1,-1,-1,-1,-1,-1,-1,-1,-1,3,-1,-1,-1,-1
5,40,20,Any changes on your appetite?,"I barely eat. I just... don't have the stomach. I used to love cooking, and now it’s just... pointless.",0,0,0,0,0,0,0,0,0,0,0,0,0,0,0,0,0,1,0,0,0,-1,-1,-1,-1,-1,-1,-1,-1,-1,-1,-1,-1,-1,-1,-1,-1,-1,3,-1,-1,-1
5,40,21,do you find it hard to concentrate?,"Terrible. I try to work, and my brain just... freezes. I stare at the screen, and nothing comes out.",0,0,0,0,0,0,0,0,0,0,0,0,0,0,0,0,0,0,1,0,0,-1,-1,-1,-1,-1,-1,-1,-1,-1,-1,-1,-1,-1,-1,-1,-1,-1,-1,3,-1,-1
5,40,22,Are you more tired or fatigued than usual? How much?,"It’s like I’m running on fumes. I wake up, and I’m already exhausted. I go to bed, and I’m still tired. It’s just... I don't have the energy to be me anymore.",0,0,0,0,0,0,0,0,0,0,0,0,0,0,0,0,0,0,0,1,0,-1,-1,-1,-1,-1,-1,-1,-1,-1,-1,-1,-1,-1,-1,-1,-1,-1,-1,-1,3,-1
5,40,23,"This might be personal but, have you lost interest in sex?",Yeah. I haven't been in months. I just... can’t even think about it. It feels like the last thing I need right now.,0,0,0,0,0,0,0,0,0,0,0,0,0,0,0,0,0,0,0,0,1,-1,-1,-1,-1,-1,-1,-1,-1,-1,-1,-1,-1,-1,-1,-1,-1,-1,-1,-1,-1,3
5,40,24,"Okay, we are done. Thank you for trusting me with these answers. Now we'll see your results. ","Just... thanks for listening, I guess. It feels good to say it out loud.",0,0,0,0,0,0,0,0,0,0,0,0,0,0,0,0,0,0,0,0,0,-1,-1,-1,-1,-1,-1,-1,-1,-1,-1,-1,-1,-1,-1,-1,-1,-1,-1,-1,-1,-1
1,6,1,Hi. Thanks for chatting with me today. How have you been feeling lately?,"Pretty okay, I suppose. Just a bit tired, which is probably normal with work and everything.",0,0,0,0,0,0,0,0,0,0,0,0,0,0,0,0,0,0,0,1,0,-1,-1,-1,-1,-1,-1,-1,-1,-1,-1,-1,-1,-1,-1,-1,-1,-1,-1,-1,1,-1
1,6,2,That makes sense. We all get tired sometimes. It sounds like work has been keeping you pretty busy. How have things been going for you lately? Have there been any days when you've felt a bit down or not quite yourself?,"Some days. I just feel a bit...restless, I guess. Can't sleep at night, so I just end up watching videos. Nothing serious, just a bit of a pattern.",0,0,0,0,0,0,0,0,0,0,1,0,0,0,0,1,0,0,0,0,0,-1,-1,-1,-1,-1,-1,-1,-1,-1,-1,1,-1,-1,-1,-1,1,-1,-1,-1,-1,-1
1,6,3,"Thanks for telling me that. I'm curious, what do you usually like to do to relax or unwind? Have you still been enjoying those things lately?","Yeah, I used to play guitar a lot, but I haven't had time for that lately. I just sort of...haven't picked it up.",0,0,0,0,0,0,0,0,0,0,0,1,0,0,0,0,0,0,0,0,0,-1,-1,-1,-1,-1,-1,-1,-1,-1,-1,-1,1,-1,-1,-1,-1,-1,-1,-1,-1,-1
1,6,4,"Oh, I get that. By the way, do you think you'd still enjoy playing guitar if you had the time? or has your interest in it changed a bit recently?","I think I would. I just haven't had the time. If I had a few free hours, I'd probably pick it up again.",0,0,0,0,0,0,0,0,0,0,0,0,0,0,0,0,0,0,0,0,0,-1,-1,-1,-1,-1,-1,-1,-1,-1,-1,-1,-1,-1,-1,-1,-1,-1,-1,-1,-1,-1
1,6,5,That's good to hear. How have you been feeling about yourself? Have you been mostly comfortable with who you are? or have you found yourself being harder than usual? you can tell me...,"Not really. I just get a bit annoyed with myself for not being able to focus. That's about it, though.",0,0,0,0,0,0,0,0,0,0,0,0,0,0,0,0,0,0,0,0,0,-1,-1,-1,-1,-1,-1,-1,-1,-1,-1,-1,-1,-1,-1,-1,-1,-1,-1,-1,-1,-1
1,6,6,When you find it hard to focus? What usually seems to be going through your mind?,"Just random stuff. I start thinking about what I need to buy at the shops, or what I should be doing with my time.",0,0,0,0,0,0,0,0,0,0,0,0,0,0,0,0,0,0,1,0,0,-1,-1,-1,-1,-1,-1,-1,-1,-1,-1,-1,-1,-1,-1,-1,-1,-1,-1,1,-1,-1
1,6,7,"Do you feel distracted, stressed, worried about things, or is it something else?",Maybe a bit stressed. I just get impatient with myself for not being able to get anything done.,0,0,0,0,0,0,0,1,0,0,0,0,0,0,0,0,0,0,1,0,0,-1,-1,-1,-1,-1,-1,-1,1,-1,-1,-1,-1,-1,-1,-1,-1,-1,-1,1,-1,-1
1,6,8,"Well, I can understand that. Even with these challenges, do you generally feel positive about future? ","Yeah, I do. I just need to get my head back on track. It's nothing major.",0,0,0,0,0,0,0,0,0,0,0,0,0,0,0,0,0,0,0,0,0,-1,-1,-1,-1,-1,-1,-1,-1,-1,-1,-1,-1,-1,-1,-1,-1,-1,-1,-1,-1,-1
1,6,9,Have you been feeling a bit discouraged lately?,A bit. It's just hard to see things moving slowly. But I know everyone goes through that.,1,1,0,0,0,0,0,0,0,0,0,0,0,0,0,0,0,0,0,0,0,1,1,-1,-1,-1,-1,-1,-1,-1,-1,-1,-1,-1,-1,-1,-1,-1,-1,-1,-1,-1
1,6,10,"I see... When things move more slowly than you'd like, what do you usually tell yourself? Are you pretty understanding with yourself, or do you tend to be hard on yourself?",I try to be understanding. I know I'm not lazy or anything. I just get frustrated sometimes.,0,0,0,0,0,0,0,0,0,0,0,0,0,0,0,0,1,0,0,0,0,-1,-1,-1,-1,-1,-1,-1,-1,-1,-1,-1,-1,-1,-1,-1,-1,1,-1,-1,-1,-1
1,6,11,I'm curious about have you noticed any changes in your appetite or eating habits lately?,"No, not really. I eat what I need to eat, but I don't really think about it.",0,0,0,0,0,0,0,0,0,0,0,0,0,0,0,0,0,0,0,0,0,-1,-1,-1,-1,-1,-1,-1,-1,-1,-1,-1,-1,-1,-1,-1,-1,-1,-1,-1,-1,-1
1,6,12,"Over the past few weeks, have you found yourself feeling emotional more easily than usual, like wanna cry or feeling overwhelmed?","A bit. I get annoyed easily, but I don't know if that's normal or just me being weird.",0,0,0,0,0,0,0,0,0,0,1,0,0,0,0,0,1,0,0,0,0,-1,-1,-1,-1,-1,-1,-1,-1,-1,-1,1,-1,-1,-1,-1,-1,1,-1,-1,-1,-1
1,6,13,Do you ever find yourself dwelling on mistakes you've made in the past?,"Yeah, I do. I just replay it in my head and think about what I could have done differently.",0,0,1,0,0,0,0,1,0,0,0,0,0,0,0,0,0,0,0,0,0,-1,-1,1,-1,-1,-1,-1,1,-1,-1,-1,-1,-1,-1,-1,-1,-1,-1,-1,-1,-1
1,6,14,"That sound tough. When you think about those mistakes, do you mostly see them as learning or you blame yourself for them?","Learning, mostly. I know I can't change the past, so I try to just move on.",0,0,0,0,0,0,0,0,0,0,0,0,0,0,0,0,0,0,0,0,0,-1,-1,-1,-1,-1,-1,-1,-1,-1,-1,-1,-1,-1,-1,-1,-1,-1,-1,-1,-1,-1
1,6,15,Have there been times when you've felt like you weren't good enough?,Yeah. I get a bit down when I see other people getting hired. But I just tell myself I'll get there eventually.,1,0,0,0,0,0,0,0,0,0,0,0,0,1,0,0,0,0,0,0,0,1,-1,-1,-1,-1,-1,-1,-1,-1,-1,-1,-1,-1,1,-1,-1,-1,-1,-1,-1,-1
1,6,16,"When things don't go the way you'd hoped, do you blame yourself for it?",Sometimes. But I know it's not just me. Everyone has bad days.,0,0,0,0,1,0,0,0,0,0,0,0,0,0,0,0,0,0,0,0,0,-1,-1,-1,-1,1,-1,-1,-1,-1,-1,-1,-1,-1,-1,-1,-1,-1,-1,-1,-1,-1
1,6,17,do you ever feel like you deserve to be punished because of mistakes you've made?,"I don't know, maybe a little. But I try not to think about it. It's just stupid.",0,0,0,0,0,1,0,0,0,0,0,0,0,0,0,0,0,0,0,0,0,-1,-1,-1,-1,-1,1,-1,-1,-1,-1,-1,-1,-1,-1,-1,-1,-1,-1,-1,-1,-1
1,6,18,"when you're feeling frustrated with yourself, do you disliking who you are?","No, not really. I just get annoyed with myself for being so slow.",0,0,0,0,0,0,0,1,0,0,0,0,0,0,0,0,0,0,0,0,0,-1,-1,-1,-1,-1,-1,-1,1,-1,-1,-1,-1,-1,-1,-1,-1,-1,-1,-1,-1,-1
1,6,19,How have you been feeling about yourself?,"Okay, I guess. Just a bit...restless, like I said.",0,0,0,0,0,0,0,0,0,0,1,0,0,0,0,0,0,0,0,0,0,-1,-1,-1,-1,-1,-1,-1,-1,-1,-1,1,-1,-1,-1,-1,-1,-1,-1,-1,-1,-1
1,6,20,"Okay... when you think about where you are in life right now, do you ever feel like you've let yourself down or haven't accomplished as much as you hoped?",Sometimes. But I try not to think about it. I just focus on what I need to do next.,0,0,1,0,0,0,0,0,0,0,0,0,0,0,0,0,0,0,0,0,0,-1,-1,1,-1,-1,-1,-1,-1,-1,-1,-1,-1,-1,-1,-1,-1,-1,-1,-1,-1,-1
1,6,21,"when you have important choices to make, do you find yourself second-guessing your decisions more than you'd like?","Yeah. I overthink it. I just need to get better at trusting myself, I suppose.",0,0,0,0,0,0,0,0,0,0,0,0,1,0,0,0,0,0,0,0,0,-1,-1,-1,-1,-1,-1,-1,-1,-1,-1,-1,-1,1,-1,-1,-1,-1,-1,-1,-1,-1
1,6,22,"are there things from your past that you still feel guilty about, even when other people might say you've already made up for them?",I don't know. I just feel bad about things I should have done differently.,0,0,1,0,1,0,0,0,0,0,0,0,0,0,0,0,0,0,0,0,0,-1,-1,1,-1,1,-1,-1,-1,-1,-1,-1,-1,-1,-1,-1,-1,-1,-1,-1,-1,-1
1,6,23,"when you feel bad about those things, do you find yourself feeling like you're not as good as other people?",Maybe a bit. But I don't say it out loud.,0,0,0,0,0,0,0,0,0,0,0,0,0,1,0,0,0,0,0,0,0,-1,-1,-1,-1,-1,-1,-1,-1,-1,-1,-1,-1,-1,1,-1,-1,-1,-1,-1,-1,-1
1,6,24,"when you're frustrated with yourself, do you find yourself really disliking who you are as a person?",Not really. I just get annoyed with myself for being slow.,0,0,0,0,0,0,0,0,0,0,0,0,0,0,0,0,0,0,0,0,0,-1,-1,-1,-1,-1,-1,-1,-1,-1,-1,-1,-1,-1,-1,-1,-1,-1,-1,-1,-1,-1
1,6,25,"then, when you're having a bad day, do you feel disappointed in yourself?",Maybe a bit. But I try to just move on.,0,0,0,0,0,0,1,0,0,0,0,0,0,0,0,0,0,0,0,0,0,-1,-1,-1,-1,-1,-1,0,-1,-1,-1,-1,-1,-1,-1,-1,-1,-1,-1,-1,-1,-1
1,6,26,Have there been times recently when you've felt so overwhelmed or disappointed that you nearly cried?,Yeah. I just get annoyed and feel like I want to scream. But I don't.,0,0,0,0,0,0,0,0,0,0,0,0,0,0,0,0,0,0,0,0,0,-1,-1,-1,-1,-1,-1,-1,-1,-1,-1,-1,-1,-1,-1,-1,-1,-1,-1,-1,-1,-1
1,6,27,can you tell me that?,I just get annoyed and want to yell. But I don't because it's not worth it.,0,0,0,0,0,0,0,0,0,0,1,0,0,0,0,0,1,0,0,0,0,-1,-1,-1,-1,-1,-1,-1,-1,-1,-1,1,-1,-1,-1,-1,-1,1,-1,-1,-1,-1
1,6,28,"even if you don't talk about it much, do you ever feel like you've disappointed yourself so many times that it's hard to feel good about who you are?",I don't know. I guess a bit. But I try to tell myself I'm just slow and I'll get there eventually.,0,0,0,0,0,0,0,1,0,0,0,0,0,1,0,0,0,0,0,0,0,-1,-1,-1,-1,-1,-1,-1,1,-1,-1,-1,-1,-1,1,-1,-1,-1,-1,-1,-1,-1
1,6,29,"Do you have some hobbies? have there been hobbies, games, movies or activities you used to enjoy that just don't interest you as much now?","Yeah, I used to play guitar a lot. But I haven't picked it up in ages.",0,0,0,1,0,0,0,0,0,0,0,0,0,0,0,0,0,0,0,0,0,-1,-1,-1,1,-1,-1,-1,-1,-1,-1,-1,-1,-1,-1,-1,-1,-1,-1,-1,-1,-1
1,6,30,can you tell me why?,I don't know. I just haven't had the time.,0,0,0,0,0,0,0,0,0,0,0,0,0,0,0,0,0,0,0,0,0,-1,-1,-1,-1,-1,-1,-1,-1,-1,-1,-1,-1,-1,-1,-1,-1,-1,-1,-1,-1,-1
1,6,31,does it feel like too much effort?,Maybe a bit. I just look at my phone and forget.,0,0,0,0,0,0,0,0,0,0,0,1,0,0,0,0,0,0,1,0,0,-1,-1,-1,-1,-1,-1,-1,-1,-1,-1,-1,1,-1,-1,-1,-1,-1,-1,1,-1,-1
1,6,32,"I think you have concentration difficulty... Do you find yourself feeling emotional more easily than you used to, even over things that normally wouldn't bother you?",Yeah. I get annoyed quickly.,0,0,0,0,0,0,0,0,0,0,0,0,0,0,0,0,0,0,0,0,0,-1,-1,-1,-1,-1,-1,-1,-1,-1,-1,-1,-1,-1,-1,-1,-1,-1,-1,-1,-1,-1
1,6,33,"then do you fell close to tears, even if you didn't actually cry?",Yeah. I feel like I'm going to. But I just take a deep breath and get on with it.,0,0,0,0,0,0,0,0,0,1,0,0,0,0,0,0,0,0,0,0,0,-1,-1,-1,-1,-1,-1,-1,-1,-1,1,-1,-1,-1,-1,-1,-1,-1,-1,-1,-1,-1
1,6,34,have you ever wished you could just disappear for a while or not have to wake up and deal with anything?,Yeah. Sometimes. But I know that's not a good attitude.,0,0,0,0,0,0,0,0,1,0,0,0,0,0,0,0,0,0,0,0,0,-1,-1,-1,-1,-1,-1,-1,-1,1,-1,-1,-1,-1,-1,-1,-1,-1,-1,-1,-1,-1
1,6,35,"even when you want to do things, does it sometimes feel like you just don't have energy to get started?",Yeah. I just sit there.,0,0,0,0,0,0,0,0,0,0,0,0,0,0,1,0,0,0,0,0,0,-1,-1,-1,-1,-1,-1,-1,-1,-1,-1,-1,-1,-1,-1,2,-1,-1,-1,-1,-1,-1
1,6,36,"lately, have you noticed yourself eating a lot more or a lot less than you used to?",Not really. I eat what I need to eat.,0,0,0,0,0,0,0,0,0,0,0,0,0,0,0,0,0,1,0,0,0,-1,-1,-1,-1,-1,-1,-1,-1,-1,-1,-1,-1,-1,-1,-1,-1,-1,0,-1,-1,-1
1,6,37,"ANd how about your interest in dating, romance or physical intimacy? has that changed at all recently?",No. I just don't know what I'm doing.,0,0,0,0,0,0,0,0,0,0,0,0,0,0,0,0,0,0,0,0,0,-1,-1,-1,-1,-1,-1,-1,-1,-1,-1,-1,-1,-1,-1,-1,-1,-1,-1,-1,-1,-1
1,6,38,"I mean, the interest itself. Do you still think about dating or sex as much as you used to?",Not really. I just focus on getting a job.,0,0,0,0,0,0,0,0,0,0,0,0,0,0,0,0,0,0,0,0,1,-1,-1,-1,-1,-1,-1,-1,-1,-1,-1,-1,-1,-1,-1,-1,-1,-1,-1,-1,-1,1
19,38,1,Hola buenas tardes,"Hola! Yeah, I’m doing all right. Just trying to get this project finished, but the clock keeps ticking.",0,0,0,0,0,0,0,0,0,0,0,0,0,0,0,0,1,0,0,0,0,-1,-1,-1,-1,-1,-1,-1,-1,-1,-1,-1,-1,-1,-1,-1,-1,2,-1,-1,-1,-1
19,38,2,Why?,"I guess I just want to get it out of the way. I keep thinking I should really focus on the marketing side, but I keep putting it off.",0,0,0,0,0,0,0,0,0,0,0,0,0,0,0,0,0,0,0,1,0,-1,-1,-1,-1,-1,-1,-1,-1,-1,-1,-1,-1,-1,-1,-1,-1,-1,-1,-1,1,-1
19,38,3,And how does that make you feel when you notice you're putting it off?,"A bit annoyed, honestly. I tell myself to stop being lazy, but I just keep scrolling.",0,0,0,0,0,0,0,0,0,0,0,0,0,0,1,0,1,0,0,1,0,-1,-1,-1,-1,-1,-1,-1,-1,-1,-1,-1,-1,-1,-1,2,-1,2,-1,-1,2,-1
19,38,4,"When you tell yourself that you're being lazy, what do you usually feel about yourself? Is it just frustration in the moment, or do you tend to be hard on yourself about these things?","I try not to be too hard on myself. I just think, ""Maybe tomorrow."" I don't want to ruin the evening with a bad mood.",0,1,0,0,0,1,1,0,0,0,0,1,0,0,0,0,0,0,0,0,0,-1,2,-1,-1,-1,1,2,-1,-1,-1,-1,3,-1,-1,-1,-1,-1,-1,-1,-1,-1
19,38,5,"How have you been feeling overall lately? Has your mood been mostly okay, or have you noticed any changes in how you feel day to day?","I’d say it’s been pretty steady. Maybe a bit tired lately, but I put that down to work. I just try to keep moving.",0,0,0,0,0,0,0,0,0,0,0,0,0,0,1,0,0,0,0,0,0,-1,-1,-1,-1,-1,-1,-1,-1,-1,-1,-1,-1,-1,-1,2,-1,-1,-1,-1,-1,-1
19,38,6,"When you say you've been feeling tired, what has that been like? Do you feel tired even after getting enough rest, or does it mostly happen after a long day at work?","It’s usually after work. I just feel like I need to recharge, you know? But once I get home, I usually find the energy to do something else.",0,0,0,0,0,0,0,0,0,0,0,0,0,0,1,0,0,0,0,0,0,-1,-1,-1,-1,-1,-1,-1,-1,-1,-1,-1,-1,-1,-1,1,-1,-1,-1,-1,-1,-1
19,38,7,"What do you usually like to do when you get home? Do you still enjoy those things, or have you noticed that you've lost interest in them lately?",I love cooking. I find it really relaxing. I usually make a big mess and laugh at myself for being so clumsy.,1,0,0,0,0,0,0,0,0,0,0,0,0,0,0,0,0,0,0,0,0,0,-1,-1,-1,-1,-1,-1,-1,-1,-1,-1,-1,-1,-1,-1,-1,-1,-1,-1,-1,-1
19,38,8,"Siguiente pregunta

That sounds like a nice way to unwind. Do you usually spend your free time on your own, or do you like seeing friends or family too?",Definitely see friends. I love trying new restaurants or just grabbing coffee. It keeps me out of my own head.,1,1,0,0,0,0,0,0,0,0,0,0,0,0,0,0,0,0,0,0,0,0,0,-1,-1,-1,-1,-1,-1,-1,-1,-1,-1,-1,-1,-1,-1,-1,-1,-1,-1,-1
19,38,9,What kind of thoughts do you tend to get stuck in when you're on your own?,"Just the usual doubts about my life, I guess. Like, is this really it? But I don't like dwelling on that, so I try to stay positive and focus on the good stuff.",0,0,0,0,0,0,0,1,0,0,0,0,1,0,0,0,0,0,0,0,0,-1,-1,-1,-1,-1,-1,-1,1,-1,-1,-1,-1,1,-1,-1,-1,-1,-1,-1,-1,-1
19,38,10,"When you think “is this really it?”, what do you mean by that? Is it more about feeling dissatisfied with where you are in life, or do you sometimes feel like things won't get better?","I don't know, maybe a bit of both. I look at my friends who are traveling or doing big things and I think, ""I should be doing that."" But I try to remind myself that I’m not failing.",0,0,0,0,0,0,1,1,0,0,0,0,0,0,0,0,0,0,0,0,0,-1,-1,-1,-1,-1,-1,2,3,-1,-1,-1,-1,-1,-1,-1,-1,-1,-1,-1,-1,-1
19,38,11,"When you compare yourself to your friends, do you actually feel like you've failed in some way, or is it more that you wish your life looked a little different?","It’s definitely the latter. I just wish I was more... adventurous, I guess.",0,1,0,0,0,0,0,1,0,0,0,0,0,0,0,0,0,0,0,0,0,-1,0,-1,-1,-1,-1,-1,0,-1,-1,-1,-1,-1,-1,-1,-1,-1,-1,-1,-1,-1
19,38,12,"What makes you feel like you should be more adventurous? Is it something you've always felt, or has that changed recently?","I think it’s just a phase. I used to think I was going to be a famous artist, but life had other plans. Now I just focus on being happy, even if it’s not exactly what I expected.",0,0,1,0,0,0,0,0,0,0,0,0,0,0,0,0,0,0,0,0,0,-1,-1,0,-1,-1,-1,-1,-1,-1,-1,-1,-1,-1,-1,-1,-1,-1,-1,-1,-1,-1
19,38,13,"When you say you’re focusing on being happy, would you say you actually feel happy most of the time these days, or is it something you’re still trying to work toward?","I'd say it’s more of a work in progress. I have good days and bad, like anyone.",1,1,0,0,0,0,1,0,0,0,0,0,0,0,0,0,0,0,0,0,0,1,1,-1,-1,-1,-1,1,-1,-1,-1,-1,-1,-1,-1,-1,-1,-1,-1,-1,-1,-1
19,38,14,"And how have you been sleeping lately? Do you usually sleep well, or have you noticed any changes in your sleep?","I’ve been a bit restless at night. I wake up thinking about things I should be doing, and then I just get up and do them. It’s not ideal, but it works.",0,0,0,0,0,0,0,0,0,0,0,0,0,0,0,1,0,0,0,0,0,-1,-1,-1,-1,-1,-1,-1,-1,-1,-1,-1,-1,-1,-1,-1,0,-1,-1,-1,-1,-1
19,38,15,"Has this restlessness and waking up at night been happening recently, or have you always tended to sleep this way?","It’s been getting worse. I used to sleep like a rock, but I think I’m just getting older.",0,0,0,0,0,0,0,0,0,0,0,0,0,0,0,1,0,0,0,0,0,-1,-1,-1,-1,-1,-1,-1,-1,-1,-1,-1,-1,-1,-1,-1,3,-1,-1,-1,-1,-1
19,38,16,"How often are you waking up like that, and do you feel rested when you get up in the morning?","It’s a few times a week. I usually just get up and make coffee. It’s not ideal, but it gets me going.",0,0,0,0,0,0,0,0,0,0,0,0,0,0,0,1,0,0,0,0,0,-1,-1,-1,-1,-1,-1,-1,-1,-1,-1,-1,-1,-1,-1,-1,3,-1,-1,-1,-1,-1
19,38,17,"Do you feel like the lack of sleep is affecting you during the day, like your energy, concentration, or ability to get things done?",Maybe a bit. I’m just a bit more tired than I should be. But I try not to let it bother me.,0,0,0,0,0,0,0,0,0,0,0,0,0,0,1,0,0,0,0,0,0,-1,-1,-1,-1,-1,-1,-1,-1,-1,-1,-1,-1,-1,-1,1,-1,-1,-1,-1,-1,-1
19,38,18,And what about your appetite? Have you noticed any changes in how much or how regularly you've been eating lately?,I’m eating more than I should. I just tell myself I deserve a treat after a long day.,0,0,0,0,0,0,0,0,0,0,0,0,0,0,0,0,0,1,0,0,0,-1,-1,-1,-1,-1,-1,-1,-1,-1,-1,-1,-1,-1,-1,-1,-1,-1,0,-1,-1,-1
19,38,19,"Would you say you've been eating more than usual recently, or have you always tended to treat yourself with food after a long day?","Definitely more than usual. I keep saying I need to cut back, but I just keep eating.",0,0,0,0,0,0,0,0,0,0,0,0,0,0,0,0,0,1,0,0,0,-1,-1,-1,-1,-1,-1,-1,-1,-1,-1,-1,-1,-1,-1,-1,-1,-1,2,-1,-1,-1
19,38,20,"Do you notice yourself eating more when you're stressed, tired, or in a particular mood?","Yeah, definitely when I’m tired. I just grab something quick and sit down.",0,0,0,0,0,0,0,0,0,0,0,0,0,0,1,0,0,1,0,0,0,-1,-1,-1,-1,-1,-1,-1,-1,-1,-1,-1,-1,-1,-1,1,-1,-1,3,-1,-1,-1
19,38,21,"When you think about yourself these days, how do you generally feel about who you are? Do you feel good about yourself, or are you often critical of yourself?","I try not to be too hard on myself. I figure everyone has their own struggles, so I just try to focus on the good stuff.",0,0,0,0,0,0,0,1,0,0,0,0,0,0,0,0,0,0,0,0,0,-1,-1,-1,-1,-1,-1,-1,0,-1,-1,-1,-1,-1,-1,-1,-1,-1,-1,-1,-1,-1
19,38,22,"Do you ever find yourself feeling guilty about things you've done or haven't done, or is that not really something you struggle with?","Sometimes. I’ll think, “I should be doing more with my life,” but I just tell myself to stop being dramatic.",0,0,0,0,1,0,0,0,0,0,0,0,0,0,0,0,0,0,0,0,0,-1,-1,-1,-1,0,-1,-1,-1,-1,-1,-1,-1,-1,-1,-1,-1,-1,-1,-1,-1,-1
19,38,23,"When you have that thought that you should be doing more, do you actually feel guilty about it, or is it more frustration with yourself?","Maybe a bit of both. I get annoyed with myself for not trying harder, but then I just shake it off and focus on the present.",0,0,0,0,1,0,0,0,0,0,0,0,0,0,0,0,0,0,0,0,0,-1,-1,-1,-1,1,-1,-1,-1,-1,-1,-1,-1,-1,-1,-1,-1,-1,-1,-1,-1,-1
19,38,24,"How have you been doing with concentration lately? Do you find it easy to focus on things, or do you sometimes find your mind wandering?","It’s definitely been a struggle. I get distracted really easily, but I just try to refocus.",0,0,0,0,0,0,0,0,0,0,0,0,0,0,0,0,0,0,1,0,0,-1,-1,-1,-1,-1,-1,-1,-1,-1,-1,-1,-1,-1,-1,-1,-1,-1,-1,2,-1,-1
19,38,25,"Has this difficulty concentrating been happening recently, or has focusing always been a bit difficult for you?","It’s definitely gotten worse. I used to be able to focus for hours, but now I get tired after an hour.",0,0,0,0,0,0,0,0,0,0,0,0,0,0,0,0,0,0,1,0,0,-1,-1,-1,-1,-1,-1,-1,-1,-1,-1,-1,-1,-1,-1,-1,-1,-1,-1,2,-1,-1
19,38,26,"And what about making decisions? Do you find it easy to make up your mind about things, or have you been more indecisive lately?",I’m definitely more indecisive. I’ll look at a menu and just stare at it for ages. I guess I’m just a bit more cautious than I used to be.,0,0,0,0,0,0,0,0,0,0,0,0,1,0,0,0,0,0,0,0,0,-1,-1,-1,-1,-1,-1,-1,-1,-1,-1,-1,-1,2,-1,-1,-1,-1,-1,-1,-1,-1
19,38,27,You’ve mentioned cooking and spending time with friends. Are there any things you used to enjoy that you don't really enjoy anymore?,"I used to love hiking, but it’s become a bit of a chore for me. I just get tired halfway up the mountain.",0,0,0,1,0,0,0,0,0,0,0,0,0,0,0,0,0,0,0,0,0,-1,-1,-1,2,-1,-1,-1,-1,-1,-1,-1,-1,-1,-1,-1,-1,-1,-1,-1,-1,-1
19,38,28,"You mentioned hiking used to be something you really enjoyed. Have you noticed this happening with other activities you used to enjoy, or is it mainly hiking?","Maybe a bit with photography. I used to love taking pictures, but now I just find myself deleting them all. I don't know, maybe I'm just getting older.",0,0,0,1,0,0,0,0,0,0,0,0,0,0,0,0,0,0,0,0,0,-1,-1,-1,2,-1,-1,-1,-1,-1,-1,-1,-1,-1,-1,-1,-1,-1,-1,-1,-1,-1
19,38,29,"When you do things like cooking or spending time with friends, do you still enjoy them as much as you used to?",I try to. I just tell myself to stop being dramatic and appreciate the time with my friends.,0,0,0,1,0,0,0,0,0,0,0,0,0,0,0,0,0,0,0,0,0,-1,-1,-1,2,-1,-1,-1,-1,-1,-1,-1,-1,-1,-1,-1,-1,-1,-1,-1,-1,-1
19,38,30,"Have you noticed yourself crying more often than usual lately, or feeling like you might cry more easily?","Maybe a little. I saw a commercial for a wedding and I just felt this lump in my throat. I was like, ""What is wrong with me?"" But I just shook it off.",0,0,0,0,0,0,0,0,0,0,0,0,0,0,0,0,0,0,0,0,0,-1,-1,-1,-1,-1,-1,-1,-1,-1,-1,-1,-1,-1,-1,-1,-1,-1,-1,-1,-1,-1
19,38,31,"Apart from feeling restless at night, have you noticed yourself feeling more restless or unable to sit still during the day?","Maybe a bit. I get tired of sitting down, so I just get up and do something.",0,0,0,0,0,0,0,0,0,1,0,0,0,0,0,0,0,0,0,0,0,-1,-1,-1,-1,-1,-1,-1,-1,-1,1,-1,-1,-1,-1,-1,-1,-1,-1,-1,-1,-1
19,38,32,"When you feel restless, does it feel like you have to keep moving because you can't relax, or is it more that you simply prefer to stay busy?","I think it’s a bit of both. I get bored if I’m sitting down for too long, so I just keep myself busy.",0,0,0,0,0,0,0,0,0,0,1,0,0,0,0,0,0,0,0,0,0,-1,-1,-1,-1,-1,-1,-1,-1,-1,-1,0,-1,-1,-1,-1,-1,-1,-1,-1,-1,-1
19,38,33,"Do you ever feel like you're not really good enough, or that you don't have much value as a person?",Sometimes. I think everyone has those moments. I just try to focus on the good stuff.,0,0,0,0,0,0,0,0,0,0,0,0,0,1,0,0,0,0,0,0,0,-1,-1,-1,-1,-1,-1,-1,-1,-1,-1,-1,-1,-1,0,-1,-1,-1,-1,-1,-1,-1
19,38,34,"When you've been feeling this way, have you had any thoughts about not wanting to be alive, wishing you could disappear, or hurting yourself?","No, never that. I just get annoyed with myself for being so dramatic.",0,0,1,0,0,0,0,0,1,0,0,0,0,1,0,0,0,0,0,0,0,-1,-1,0,-1,-1,-1,-1,-1,0,-1,-1,-1,-1,0,-1,-1,-1,-1,-1,-1,-1
19,38,35,Have you noticed any change in your interest in sex or intimacy lately?,"I don’t know, maybe a bit. I just tell myself to stop being so negative and focus on the good stuff.",0,0,0,0,0,0,0,0,0,0,0,0,0,0,0,0,0,0,0,0,1,-1,-1,-1,-1,-1,-1,-1,-1,-1,-1,-1,-1,-1,-1,-1,-1,-1,-1,-1,-1,0
19,38,36,"When you say “maybe a bit,” do you mean you've been less interested in sex or intimacy than you used to be?","Maybe. I don't know, I just feel a bit... meh. But I don't want to make a big deal out of it.",0,0,0,0,0,0,0,0,0,0,0,0,0,0,0,0,0,0,0,0,1,-1,-1,-1,-1,-1,-1,-1,-1,-1,-1,-1,-1,-1,-1,-1,-1,-1,-1,-1,-1,0
19,38,37,"Compared with how you felt before, would you say you’re less interested in sex or intimacy now?","I don't know if I'd say less, but I definitely don't feel it as much. I just try to not think about it too much.",0,0,0,0,0,0,0,0,0,0,0,0,0,0,0,0,0,0,0,0,1,-1,-1,-1,-1,-1,-1,-1,-1,-1,-1,-1,-1,-1,-1,-1,-1,-1,-1,-1,-1,3
12,26,1,Hello!,"Hi. I'm a bit worried about this cough, to be honest. It's been going on for weeks, and I'm worried it might be serious.",0,1,0,0,0,0,0,0,0,0,0,0,0,0,0,0,0,0,0,0,0,-1,1,-1,-1,-1,-1,-1,-1,-1,-1,-1,-1,-1,-1,-1,-1,-1,-1,-1,-1,-1
12,26,2,Have you been having any other symptom?,Fatigue mostly. I feel like I've been running on empty since Christmas. I just want to be able to keep up with my family without feeling like I'm dragging the whole house down.,0,1,0,0,1,0,0,1,0,0,0,0,0,0,0,0,0,0,0,1,0,-1,1,-1,-1,2,-1,-1,2,-1,-1,-1,-1,-1,-1,-1,-1,-1,-1,-1,2,-1
12,26,3,Did anyone say something to you about the way you've been acting?,"My daughter asked me if I was okay, and I just told her I was tired. I don't want to worry her, but it feels like I'm not doing my job right.",1,0,0,0,1,0,0,1,0,0,0,0,0,1,0,0,0,0,0,0,0,2,-1,-1,-1,2,-1,-1,2,-1,-1,-1,-1,-1,2,-1,-1,-1,-1,-1,-1,-1
12,26,4,In what aspects you feel that you're failing to achieve?,"Just basic things, like cooking dinner or keeping the house clean. It feels like I'm losing my edge, and I hate that my family has to pick up the slack because I'm not doing my part.",0,0,0,0,1,0,0,1,0,0,0,0,0,0,1,0,0,0,0,0,0,-1,-1,-1,-1,2,-1,-1,2,-1,-1,-1,-1,-1,-1,2,-1,-1,-1,-1,-1,-1
12,26,5,Are you the only responsable for the chores around the house? What's the problem with needing a little help? Would you mind doing a little extra work for your loved ones when they weren't feeling so well?,"No, I'm not the only one. My husband does his share, but I'm the one who usually manages the schedule. And honestly, I don't know how to ask for help. I've always been the one who runs things around here.",0,0,0,0,0,0,0,0,0,0,0,1,0,0,1,0,0,0,0,0,0,-1,-1,-1,-1,-1,-1,-1,-1,-1,-1,-1,1,-1,-1,2,-1,-1,-1,-1,-1,-1
12,26,6,When did this difficulty start? It's important that we get to the source of this anguish so we can elaborate the pain that you'e been feeling.,"It started after my mother passed away. I lost my anchor. I know it sounds silly, but I miss her every day.",1,0,0,0,0,0,0,1,0,0,0,0,0,0,0,0,0,0,0,0,0,2,-1,-1,-1,-1,-1,-1,2,-1,-1,-1,-1,-1,-1,-1,-1,-1,-1,-1,-1,-1
12,26,7,Why would that be silly? That's a huge loss.,"I know it is. I just feel guilty that I'm not doing enough. She was always there for me, and now I'm struggling to be there for my own family.",0,0,0,0,1,1,0,0,0,0,0,0,0,0,0,0,0,0,0,0,0,-1,-1,-1,-1,2,1,-1,-1,-1,-1,-1,-1,-1,-1,-1,-1,-1,-1,-1,-1,-1
12,26,8,When did you mother passed away? Tell me a bit more about that.,"It was a few years ago. She had Alzheimer's, and I spent years taking care of her. Losing her was like losing a part of myself.",1,0,0,1,0,0,0,0,0,0,0,0,0,0,0,0,0,0,0,0,0,2,-1,-1,2,-1,-1,-1,-1,-1,-1,-1,-1,-1,-1,-1,-1,-1,-1,-1,-1,-1
12,26,9,Tell me how was your routine when you were taking care of her,"It was exhausting. I would wake up in the middle of the night to make her tea, and then I'd go back to bed, only to have to get up again to make breakfast.",0,0,0,0,0,0,0,0,0,0,0,0,0,0,1,0,0,0,0,1,0,-1,-1,-1,-1,-1,-1,-1,-1,-1,-1,-1,-1,-1,-1,2,-1,-1,-1,-1,2,-1
12,26,10,And your daughter and husband in that cenario?,"They were great, of course. But it was just me and Mum. They would visit, but I was the one who was there all the time.",1,0,0,0,0,0,0,0,0,0,0,0,0,0,0,0,0,0,0,0,0,1,-1,-1,-1,-1,-1,-1,-1,-1,-1,-1,-1,-1,-1,-1,-1,-1,-1,-1,-1,-1
12,26,11,How did you adjust to your routine after her passing?,"It was hard to adjust. I just felt empty. I thought I would get back to normal after the funeral, but I just felt lost.",0,0,0,1,0,0,0,0,0,0,0,0,0,0,0,0,0,0,0,0,0,-1,-1,-1,1,-1,-1,-1,-1,-1,-1,-1,-1,-1,-1,-1,-1,-1,-1,-1,-1,-1
12,26,12,Lost in what way?,"Lost in the house, really. The silence was deafening. I used to be the one who kept everything running, and suddenly I was just a widow.",1,0,0,1,0,0,0,0,0,0,0,0,0,0,0,0,0,0,0,0,0,2,-1,-1,2,-1,-1,-1,-1,-1,-1,-1,-1,-1,-1,-1,-1,-1,-1,-1,-1,-1
12,26,13,"More time to think can be hard. When we have such a busy schedule there's usually not much time to get in touch with our feeling, and the moment that we have time and space all those thoughts and feeling that have been repressed try to find their way to come out.","Exactly. It's like my grief has been building up inside me, and now it's just bursting out.",1,0,0,0,0,0,0,0,0,0,0,0,0,0,0,0,0,0,0,0,0,2,-1,-1,-1,-1,-1,-1,-1,-1,-1,-1,-1,-1,-1,-1,-1,-1,-1,-1,-1,-1
12,26,14,Do you allow yourself to suffer? ,"Not enough, I think. I'm just too scared to look at it.",0,0,0,0,0,0,0,0,0,0,0,0,1,0,0,0,0,0,0,0,0,-1,-1,-1,-1,-1,-1,-1,-1,-1,-1,-1,-1,1,-1,-1,-1,-1,-1,-1,-1,-1
12,26,15,What's scaring you? We cannot elaborate our losses without allowing ourselves to feel it.,That it's been so long. I don't want to admit that I've been broken for that long.,0,0,1,0,0,0,0,0,0,0,0,0,0,0,0,0,0,0,0,0,0,-1,-1,2,-1,-1,-1,-1,-1,-1,-1,-1,-1,-1,-1,-1,-1,-1,-1,-1,-1,-1
12,26,16,"Suffering a great loss does not mean you are broken. It means how much that person meant to you, and ignoring it it's not gonna make it go away, so how about you tell me what truly bothers you about her passing?","That I was her daughter. I should have been there for her, and I wasn't.",0,0,1,0,0,1,0,1,0,0,0,0,0,0,0,0,0,0,0,0,0,-1,-1,3,-1,-1,2,-1,2,-1,-1,-1,-1,-1,-1,-1,-1,-1,-1,-1,-1,-1
12,26,17,You told me you were there all the time. ,"I was, but it wasn't the same. I was her carer, not her daughter. I feel like I lost her twice: once when she went, and once when I stopped being the daughter she needed.",0,0,1,0,1,0,0,1,0,0,0,0,0,0,0,0,0,0,0,0,0,-1,-1,2,-1,2,-1,-1,2,-1,-1,-1,-1,-1,-1,-1,-1,-1,-1,-1,-1,-1
12,26,18,How can you say what she needed from you?,"She needed me to be there for her, to talk to her, to listen. I was so busy looking after her that I forgot to be her friend.",0,0,0,0,1,1,0,0,0,0,0,0,0,0,0,0,0,0,0,0,0,-1,-1,-1,-1,2,2,-1,-1,-1,-1,-1,-1,-1,-1,-1,-1,-1,-1,-1,-1,-1
12,26,19,"There's only so much a person can do. You gave her what you could offer at that moment, the consistent care is a deep display of love and affection, much harder that being a friend.","I know that, intellectually. But at night, when the house is quiet, I just feel guilty.",0,0,0,0,1,0,0,0,0,0,0,0,0,0,0,0,0,0,0,0,0,-1,-1,-1,-1,2,-1,-1,-1,-1,-1,-1,-1,-1,-1,-1,-1,-1,-1,-1,-1,-1
12,26,20,And where is that guilt leadind you?  What proof do you need that you did all you could?,I don't know. I just need to know that I did enough.,0,0,1,0,0,1,0,0,0,0,0,0,0,0,0,0,0,0,0,0,0,-1,-1,2,-1,-1,2,-1,-1,-1,-1,-1,-1,-1,-1,-1,-1,-1,-1,-1,-1,-1
12,26,21,Who needs to validate your efforts?,"No one, I suppose. It's just me.",0,0,0,0,0,0,0,0,0,0,0,0,0,0,0,0,0,0,0,0,0,-1,-1,-1,-1,-1,-1,-1,-1,-1,-1,-1,-1,-1,-1,-1,-1,-1,-1,-1,-1,-1
12,26,22,Why do you deny yourself this comfort?,Because I don't deserve it.,0,0,0,0,0,1,0,0,0,0,0,0,0,1,0,0,0,0,0,0,0,-1,-1,-1,-1,-1,2,-1,-1,-1,-1,-1,-1,-1,2,-1,-1,-1,-1,-1,-1,-1
12,26,23,"Why do you need to deserve it? This is not a job application, it's your life. You don't need to 'earn' comfort.",You're right. I'm sorry.,0,0,0,0,1,0,0,0,0,0,0,0,0,0,0,0,0,0,0,0,0,-1,-1,-1,-1,2,-1,-1,-1,-1,-1,-1,-1,-1,-1,-1,-1,-1,-1,-1,-1,-1
12,26,24,Why are you saying sorry to me?,"I don't know. It feels like I'm talking to her, I guess.",0,0,0,0,0,0,0,0,0,0,0,0,0,0,0,0,0,0,0,0,0,-1,-1,-1,-1,-1,-1,-1,-1,-1,-1,-1,-1,-1,-1,-1,-1,-1,-1,-1,-1,-1
12,26,25,Do I remind you of your mother?,"You remind me of the person she used to be, before she got sick.",0,0,0,0,0,0,0,0,0,0,0,0,0,0,0,0,0,0,0,0,0,-1,-1,-1,-1,-1,-1,-1,-1,-1,-1,-1,-1,-1,-1,-1,-1,-1,-1,-1,-1,-1
12,26,27,What have you been doing for yourself? In what activities have you been finding pleasure?,"Nothing, really. I've just been drifting through the days, waiting for it to get better.",0,0,0,0,0,0,0,0,0,0,0,0,0,0,0,1,0,1,0,0,0,-1,-1,-1,-1,-1,-1,-1,-1,-1,-1,-1,-1,-1,-1,-1,3,-1,3,-1,-1,-1
12,26,28,Have you been sleeping and eating well?,Not really. I've been surviving on coffee and exhaustion.,1,0,0,0,0,0,0,0,0,0,0,0,0,0,0,0,0,0,0,0,0,2,-1,-1,-1,-1,-1,-1,-1,-1,-1,-1,-1,-1,-1,-1,-1,-1,-1,-1,-1,-1
12,26,29,And how have you been spending time with your family?,"We've been going through the motions. We talk about things, but we don't really connect.",1,0,0,0,0,0,0,0,0,0,0,0,0,0,0,0,0,0,0,0,0,3,-1,-1,-1,-1,-1,-1,-1,-1,-1,-1,-1,-1,-1,-1,-1,-1,-1,-1,-1,-1
12,26,30,What emotions you go through along the day?,"Sadness, mostly. It's just this heavy feeling that I can't shake.",0,0,0,0,0,1,0,0,0,0,0,0,0,0,0,0,0,0,0,0,0,-1,-1,-1,-1,-1,2,-1,-1,-1,-1,-1,-1,-1,-1,-1,-1,-1,-1,-1,-1,-1
12,26,31,Do you cry?,I try not to.,0,0,0,0,0,0,0,0,0,0,0,0,0,0,0,0,0,0,0,0,0,-1,-1,-1,-1,-1,-1,-1,-1,-1,-1,-1,-1,-1,-1,-1,-1,-1,-1,-1,-1,-1
12,26,32,Never?,Only at night.,0,0,0,0,0,0,0,0,0,0,0,0,0,0,0,0,0,0,0,0,0,-1,-1,-1,-1,-1,-1,-1,-1,-1,-1,-1,-1,-1,-1,-1,-1,-1,-1,-1,-1,-1
12,26,33,What about the nights that brings out the crying?,"It's the silence. The house is quiet, and I'm left with my thoughts.",0,0,0,0,0,0,0,0,0,0,0,0,1,0,0,0,0,0,0,0,0,-1,-1,-1,-1,-1,-1,-1,-1,-1,-1,-1,-1,2,-1,-1,-1,-1,-1,-1,-1,-1
12,26,34,What do you thing that would make you feel better?,I don't know. Maybe just being able to talk to her again.,0,0,0,0,0,0,0,0,0,0,0,0,0,0,0,0,0,0,1,0,0,-1,-1,-1,-1,-1,-1,-1,-1,-1,-1,-1,-1,-1,-1,-1,-1,-1,-1,1,-1,-1
12,26,35,How about writing her a letter?,"I've tried. I sit down with the pen, and I just can't do it.",1,0,0,0,0,0,0,0,0,0,0,0,0,0,0,0,0,0,0,0,0,3,-1,-1,-1,-1,-1,-1,-1,-1,-1,-1,-1,-1,-1,-1,-1,-1,-1,-1,-1,-1
12,26,36,Do you feel like you have nothing worthy of sharing?,No. I just feel like I'm too broken.,0,0,0,0,1,0,0,0,0,0,0,0,0,0,0,0,0,0,0,0,0,-1,-1,-1,-1,2,-1,-1,-1,-1,-1,-1,-1,-1,-1,-1,-1,-1,-1,-1,-1,-1
12,26,37,How do you feel about yourself?,"I don't know. I feel like I've failed her, somehow.",0,0,0,0,0,0,1,1,0,0,0,0,0,0,0,0,0,0,0,0,0,-1,-1,-1,-1,-1,-1,2,3,-1,-1,-1,-1,-1,-1,-1,-1,-1,-1,-1,-1,-1
12,26,38,You knew her. What do you think that she expected from you?,She expected me to be strong.,0,0,1,0,0,0,0,0,0,0,0,0,0,0,0,0,0,0,0,0,0,-1,-1,3,-1,-1,-1,-1,-1,-1,-1,-1,-1,-1,-1,-1,-1,-1,-1,-1,-1,-1
12,26,39,Weren't you?,"I was there for her, I guess. But I wasn't her daughter.",0,1,0,0,0,0,0,0,0,0,0,0,0,0,0,0,0,0,0,0,0,-1,3,-1,-1,-1,-1,-1,-1,-1,-1,-1,-1,-1,-1,-1,-1,-1,-1,-1,-1,-1
12,26,40,You were who you needed  to be at that moment. ,I know that. But it doesn't change the fact that I'm still broken.,0,0,0,0,0,0,0,0,0,0,0,0,0,0,0,0,0,0,0,1,0,-1,-1,-1,-1,-1,-1,-1,-1,-1,-1,-1,-1,-1,-1,-1,-1,-1,-1,-1,2,-1
12,26,42,?,"I've tried to distract myself with work, but it just makes me tired.",0,0,0,0,0,0,0,1,0,0,0,0,0,0,0,0,0,0,0,0,0,-1,-1,-1,-1,-1,-1,-1,2,-1,-1,-1,-1,-1,-1,-1,-1,-1,-1,-1,-1,-1
12,26,43,"The point is not distraction. You've done enough of that and it doesn't help, we need to face this pain, and it will be hard, but we will be together in this journey. Allowing yourself to suffer sounds good for a first step?",I suppose you're right.,0,0,0,0,0,0,0,0,0,0,0,0,0,0,0,0,1,0,0,0,0,-1,-1,-1,-1,-1,-1,-1,-1,-1,-1,-1,-1,-1,-1,-1,-1,1,-1,-1,-1,-1
12,26,44,Have you had any thoughts of harming yourself?,No. I don't think I'm strong enough for that.,0,0,0,0,0,0,0,0,0,0,0,0,0,0,0,0,0,0,0,0,0,-1,-1,-1,-1,-1,-1,-1,-1,-1,-1,-1,-1,-1,-1,-1,-1,-1,-1,-1,-1,-1
12,26,45,And irritability?,"Yes, that.",0,0,0,0,0,0,0,0,1,0,0,0,1,0,0,0,0,0,0,0,0,-1,-1,-1,-1,-1,-1,-1,-1,0,-1,-1,-1,3,-1,-1,-1,-1,-1,-1,-1,-1
12,26,46,"When does that appear the most
?",When the house is quiet.,0,0,0,0,0,0,0,0,0,0,0,0,0,0,0,0,0,0,0,0,0,-1,-1,-1,-1,-1,-1,-1,-1,-1,-1,-1,-1,-1,-1,-1,-1,-1,-1,-1,-1,-1
12,26,48,Have you ever wished you weren't here anymore?,I don't know.,0,0,0,0,0,1,0,0,0,1,0,0,0,0,0,0,0,0,0,0,0,-1,-1,-1,-1,-1,2,-1,-1,-1,1,-1,-1,-1,-1,-1,-1,-1,-1,-1,-1,-1
12,26,49,Tell me about your marriage.,It's good. We're just... distant.,0,0,0,0,0,1,0,0,0,0,0,0,0,0,0,0,0,0,0,0,0,-1,-1,-1,-1,-1,1,-1,-1,-1,-1,-1,-1,-1,-1,-1,-1,-1,-1,-1,-1,-1
12,26,50,In what way?,"We're just two people living in the same house, not really talking.",0,0,0,0,0,0,0,0,0,0,0,0,0,0,0,0,0,0,0,0,0,-1,-1,-1,-1,-1,-1,-1,-1,-1,-1,-1,-1,-1,-1,-1,-1,-1,-1,-1,-1,-1
12,26,51,Are you comfortable crying next to him?,No. I don't want him to see me like that.,0,0,0,0,0,0,0,0,0,0,0,0,1,0,0,0,0,0,0,0,0,-1,-1,-1,-1,-1,-1,-1,-1,-1,-1,-1,-1,3,-1,-1,-1,-1,-1,-1,-1,-1
12,26,52,Why not?,Because I don't want him to know how broken I am.,0,0,0,0,0,0,0,0,0,0,0,0,0,0,0,0,0,0,0,0,0,-1,-1,-1,-1,-1,-1,-1,-1,-1,-1,-1,-1,-1,-1,-1,-1,-1,-1,-1,-1,-1
12,26,54,"Let's start with some crying, okay? Baby steps. Alone, for now, but let's go over this necessity of appearing strong to others, as if you had to prove yourself.",I suppose you're right.,0,0,0,0,0,0,0,0,0,0,0,0,0,0,0,0,0,0,0,0,0,-1,-1,-1,-1,-1,-1,-1,-1,-1,-1,-1,-1,-1,-1,-1,-1,-1,-1,-1,-1,-1
12,26,55,"Some movement during the day to help you sleep as well, is that possible?","I'd like to, but I just don't know how to start.",0,0,0,0,0,0,0,0,0,0,0,0,0,0,0,0,0,0,0,0,0,-1,-1,-1,-1,-1,-1,-1,-1,-1,-1,-1,-1,-1,-1,-1,-1,-1,-1,-1,-1,-1
12,26,56,How about a walk with your kid?,That sounds nice.,0,0,0,0,0,0,0,0,0,0,0,0,0,0,0,0,0,0,0,0,0,-1,-1,-1,-1,-1,-1,-1,-1,-1,-1,-1,-1,-1,-1,-1,-1,-1,-1,-1,-1,-1
12,26,57,Do you feel agitated as well?,Yes.,0,0,0,0,0,0,0,0,0,0,0,0,0,0,0,0,0,0,0,0,0,-1,-1,-1,-1,-1,-1,-1,-1,-1,-1,-1,-1,-1,-1,-1,-1,-1,-1,-1,-1,-1
12,26,58,"So let's start with that walk and that crying, and we will pick it up from here, okay?",Okay.,0,0,0,0,0,0,0,0,0,0,0,0,0,0,0,0,0,0,0,0,0,-1,-1,-1,-1,-1,-1,-1,-1,-1,-1,-1,-1,-1,-1,-1,-1,-1,-1,-1,-1,-1
1,49,1,"Hello, how are you?","I am fine, just a bit annoyed that I have been stuck with this cough for weeks.",0,0,0,0,0,0,0,0,0,0,0,0,0,0,0,0,0,0,0,0,0,-1,-1,-1,-1,-1,-1,-1,-1,-1,-1,-1,-1,-1,-1,-1,-1,-1,-1,-1,-1,-1
1,49,2,I see. Do you know what is causing this cough?,"No idea. I thought it would clear up on its own, but it just keeps going.",0,0,0,0,0,0,0,0,0,0,0,0,0,0,0,0,0,0,0,0,0,-1,-1,-1,-1,-1,-1,-1,-1,-1,-1,-1,-1,-1,-1,-1,-1,-1,-1,-1,-1,-1
1,49,3,Do you have any other symptoms that go with this?,"Some soreness in my chest, but I do not know if that is related.",0,0,0,0,0,0,0,0,0,0,0,0,0,0,0,0,0,0,0,0,0,-1,-1,-1,-1,-1,-1,-1,-1,-1,-1,-1,-1,-1,-1,-1,-1,-1,-1,-1,-1,-1
1,49,4,How long did you experienced this soreness?,"A few days. It started when I stopped smoking, so maybe it is just adjusting to not having anything in my lungs.",0,0,0,0,0,0,0,0,0,0,0,0,0,0,0,0,0,0,0,0,0,-1,-1,-1,-1,-1,-1,-1,-1,-1,-1,-1,-1,-1,-1,-1,-1,-1,-1,-1,-1,-1
1,49,5,I see. Did you ever experienced that in the past?,"No. I quit a year ago, and this is the first time I have had any issues.",0,0,0,0,0,0,0,0,0,0,0,0,0,0,0,0,0,0,0,0,0,-1,-1,-1,-1,-1,-1,-1,-1,-1,-1,-1,-1,-1,-1,-1,-1,-1,-1,-1,-1,-1
1,49,6,You say you quit smoking. Did you smoke much before?,Not a lot. Just a few cigarettes a day.,0,0,0,0,0,0,0,0,0,0,0,0,0,0,0,0,0,0,0,0,0,-1,-1,-1,-1,-1,-1,-1,-1,-1,-1,-1,-1,-1,-1,-1,-1,-1,-1,-1,-1,-1
1,49,7,Was it everyday?,"Most days, yeah.",0,0,0,0,0,0,0,0,0,0,0,0,0,0,0,0,0,0,0,0,0,-1,-1,-1,-1,-1,-1,-1,-1,-1,-1,-1,-1,-1,-1,-1,-1,-1,-1,-1,-1,-1
1,49,8,And what happened that you decided to quit?,I got a job interview and thought it would be a good chance to start fresh.,0,0,0,0,0,0,0,0,0,0,0,0,0,0,0,0,0,0,0,0,0,-1,-1,-1,-1,-1,-1,-1,-1,-1,-1,-1,-1,-1,-1,-1,-1,-1,-1,-1,-1,-1
1,49,9,I see. And now what do you do in life at this moment? ,Just trying to get back to normal.,0,0,0,0,0,0,0,0,0,0,0,0,0,0,0,0,0,0,0,0,0,-1,-1,-1,-1,-1,-1,-1,-1,-1,-1,-1,-1,-1,-1,-1,-1,-1,-1,-1,-1,-1
1,49,10,Can you tell me more about that?,"I am trying to get back to my usual routine, but the cough is making it hard.",0,0,0,0,0,0,0,0,0,0,0,0,0,0,0,0,0,0,0,0,0,-1,-1,-1,-1,-1,-1,-1,-1,-1,-1,-1,-1,-1,-1,-1,-1,-1,-1,-1,-1,-1
1,49,11,What would you say is your normal usual routine?,"Just going to work, coming home, watching TV... Nothing special.",0,0,0,0,0,0,0,0,0,0,0,0,0,0,0,0,0,0,0,0,0,-1,-1,-1,-1,-1,-1,-1,-1,-1,-1,-1,-1,-1,-1,-1,-1,-1,-1,-1,-1,-1
1,49,12,And what changed that you feel the need to come back to that?,Just being sick of being stuck at home.,0,0,0,0,0,0,0,0,0,0,0,0,0,0,0,0,0,0,0,0,0,-1,-1,-1,-1,-1,-1,-1,-1,-1,-1,-1,-1,-1,-1,-1,-1,-1,-1,-1,-1,-1
1,49,13,Can you tell more about this? Why are you stuck at home?,Just because I am waiting for the doctor to see me.,0,0,0,0,0,0,0,0,0,0,0,0,0,0,0,0,0,0,0,0,0,-1,-1,-1,-1,-1,-1,-1,-1,-1,-1,-1,-1,-1,-1,-1,-1,-1,-1,-1,-1,-1
1,49,14,And how does this make you feel?,Frustrated. I just want to get this done and move on.,0,0,0,0,0,0,0,0,0,0,1,0,0,0,0,0,0,0,0,0,0,-1,-1,-1,-1,-1,-1,-1,-1,-1,-1,2,-1,-1,-1,-1,-1,-1,-1,-1,-1,-1
1,49,15,Are there any other things that make you feel frustrated?,Just dealing with the waiting room.,0,0,0,0,0,0,0,0,0,0,0,0,0,0,0,0,0,0,0,0,0,-1,-1,-1,-1,-1,-1,-1,-1,-1,-1,-1,-1,-1,-1,-1,-1,-1,-1,-1,-1,-1
1,49,16,Okay. Can you describe to me what your typical day now looks like?,Just sitting around waiting for a call.,0,0,0,0,0,0,0,0,0,0,0,0,0,0,0,0,0,0,0,0,0,-1,-1,-1,-1,-1,-1,-1,-1,-1,-1,-1,-1,-1,-1,-1,-1,-1,-1,-1,-1,-1
1,49,17,Do you have any activities that keep you busy?,"Not really. I have tried to apply for jobs, but I have not heard back.",0,0,0,0,0,0,0,0,0,0,0,0,0,0,0,0,0,0,0,0,0,-1,-1,-1,-1,-1,-1,-1,-1,-1,-1,-1,-1,-1,-1,-1,-1,-1,-1,-1,-1,-1
1,49,18,Were there any things that made you happy but you stopped doing them?,"I used to play guitar a lot, but I have not picked it up in weeks.",0,0,0,0,0,0,0,0,0,0,0,1,0,0,0,0,0,0,0,0,0,-1,-1,-1,-1,-1,-1,-1,-1,-1,-1,-1,3,-1,-1,-1,-1,-1,-1,-1,-1,-1
1,49,19,What is stopping you from playing?,"Just... nothing, really. I am just lazy, I guess.",0,0,0,0,0,0,0,1,0,0,0,0,0,0,0,0,0,0,0,0,0,-1,-1,-1,-1,-1,-1,-1,2,-1,-1,-1,-1,-1,-1,-1,-1,-1,-1,-1,-1,-1
1,49,20,When you sit at home waiting what do you do to pass time?,Just scroll through my phone.,0,0,0,0,0,0,0,0,0,0,0,0,0,0,0,0,0,0,0,0,0,-1,-1,-1,-1,-1,-1,-1,-1,-1,-1,-1,-1,-1,-1,-1,-1,-1,-1,-1,-1,-1
1,49,21,Does this make you feel better?,It is just something to do.,0,0,0,1,0,0,0,0,0,0,0,0,0,0,0,0,0,0,0,0,0,-1,-1,-1,2,-1,-1,-1,-1,-1,-1,-1,-1,-1,-1,-1,-1,-1,-1,-1,-1,-1
1,49,22,I see. Can you tell me what emotions accompanied you for the last two weeks?,Just boredom. Frustration when I have to wait.,0,0,0,0,0,0,0,0,0,0,0,0,0,0,0,0,1,0,0,0,0,-1,-1,-1,-1,-1,-1,-1,-1,-1,-1,-1,-1,-1,-1,-1,-1,1,-1,-1,-1,-1
1,49,23,Do you feel different than before?,"I just feel a bit more... restless, I guess.",0,0,0,0,0,0,0,0,0,0,0,0,0,0,0,0,0,0,0,0,0,-1,-1,-1,-1,-1,-1,-1,-1,-1,-1,-1,-1,-1,-1,-1,-1,-1,-1,-1,-1,-1
1,49,24,I see. What do you mean by restless?,Just like I am wasting time.,0,0,0,0,0,0,0,0,0,0,0,0,0,0,0,0,0,0,0,0,0,-1,-1,-1,-1,-1,-1,-1,-1,-1,-1,-1,-1,-1,-1,-1,-1,-1,-1,-1,-1,-1
1,49,25,Do you feel guilty when you think that you are wasting time?,"A little, yeah.",0,0,0,0,1,0,0,0,0,0,0,0,0,0,0,0,0,0,0,0,0,-1,-1,-1,-1,1,-1,-1,-1,-1,-1,-1,-1,-1,-1,-1,-1,-1,-1,-1,-1,-1
1,49,26,What do you typically do to overcome that feeling?,I just try to distract myself.,0,0,0,0,0,0,0,0,0,0,0,0,0,0,0,0,0,0,0,0,0,-1,-1,-1,-1,-1,-1,-1,-1,-1,-1,-1,-1,-1,-1,-1,-1,-1,-1,-1,-1,-1
1,49,27,With what?,Just watching videos or something.,0,0,0,0,0,0,0,0,0,0,0,0,0,0,0,0,0,0,0,0,0,-1,-1,-1,-1,-1,-1,-1,-1,-1,-1,-1,-1,-1,-1,-1,-1,-1,-1,-1,-1,-1
1,49,28,Does that help?,"Yeah, for a bit.",0,0,0,0,0,0,0,0,0,0,0,0,0,0,0,0,0,0,0,0,0,-1,-1,-1,-1,-1,-1,-1,-1,-1,-1,-1,-1,-1,-1,-1,-1,-1,-1,-1,-1,-1
1,49,29,And after a bit what happens?,I just get bored again.,0,0,0,0,0,0,0,0,0,0,0,0,0,0,0,0,0,0,0,0,0,-1,-1,-1,-1,-1,-1,-1,-1,-1,-1,-1,-1,-1,-1,-1,-1,-1,-1,-1,-1,-1
1,49,30,Were you ever felt like that in the past?,When I was at uni.,0,0,0,0,0,0,0,0,0,0,0,0,0,0,0,0,0,0,0,0,0,-1,-1,-1,-1,-1,-1,-1,-1,-1,-1,-1,-1,-1,-1,-1,-1,-1,-1,-1,-1,-1
1,49,31,What happened then?,I just stayed up late studying.,0,0,0,0,0,0,0,0,0,0,0,0,0,0,0,0,0,0,0,0,0,-1,-1,-1,-1,-1,-1,-1,-1,-1,-1,-1,-1,-1,-1,-1,-1,-1,-1,-1,-1,-1
1,49,32,And why did that make you feel that way?,Because I knew I had to be up early for class.,0,0,0,0,0,0,0,0,0,0,0,0,0,0,0,0,0,0,0,0,0,-1,-1,-1,-1,-1,-1,-1,-1,-1,-1,-1,-1,-1,-1,-1,-1,-1,-1,-1,-1,-1
1,49,33,What do you feel about yourself in those moments?,Just annoyed.,0,0,0,0,0,0,1,0,0,0,0,0,0,0,0,0,0,0,0,0,0,-1,-1,-1,-1,-1,-1,1,-1,-1,-1,-1,-1,-1,-1,-1,-1,-1,-1,-1,-1,-1
1,49,34,At yourself?,Yeah.,0,0,0,0,0,0,0,0,0,0,0,0,0,0,0,0,0,0,0,0,0,-1,-1,-1,-1,-1,-1,-1,-1,-1,-1,-1,-1,-1,-1,-1,-1,-1,-1,-1,-1,-1
1,49,35,And how do you deal with that?,I just tried to stay focused.,0,0,0,0,0,0,0,0,0,0,0,0,0,0,0,0,0,0,0,0,0,-1,-1,-1,-1,-1,-1,-1,-1,-1,-1,-1,-1,-1,-1,-1,-1,-1,-1,-1,-1,-1
1,49,36,Do you ever feel sad?,Sometimes.,1,0,0,0,0,0,0,0,0,0,0,0,0,0,0,0,0,0,0,0,0,2,-1,-1,-1,-1,-1,-1,-1,-1,-1,-1,-1,-1,-1,-1,-1,-1,-1,-1,-1,-1
1,49,37,When does that happen?,When I see my friends moving on.,0,0,0,0,0,0,0,0,0,0,0,0,0,0,0,0,0,0,0,0,0,-1,-1,-1,-1,-1,-1,-1,-1,-1,-1,-1,-1,-1,-1,-1,-1,-1,-1,-1,-1,-1
1,49,38,Why does that make you feel sad?,I guess because I feel left behind.,0,0,0,0,0,0,0,0,0,0,0,0,0,0,0,0,0,0,0,0,0,-1,-1,-1,-1,-1,-1,-1,-1,-1,-1,-1,-1,-1,-1,-1,-1,-1,-1,-1,-1,-1
1,49,39,Do you have contact with your friends?,Not really.,0,0,0,0,0,0,0,0,0,0,0,0,0,0,0,0,0,0,0,0,0,-1,-1,-1,-1,-1,-1,-1,-1,-1,-1,-1,-1,-1,-1,-1,-1,-1,-1,-1,-1,-1
1,49,40,Why?,We just drifted apart.,0,0,1,0,0,0,0,0,0,0,0,0,0,0,0,0,0,0,0,0,0,-1,-1,1,-1,-1,-1,-1,-1,-1,-1,-1,-1,-1,-1,-1,-1,-1,-1,-1,-1,-1
1,49,41,Did you do something to prevent that?,I tried.,0,0,0,0,0,0,0,0,0,0,0,0,0,0,0,0,0,0,0,0,0,-1,-1,-1,-1,-1,-1,-1,-1,-1,-1,-1,-1,-1,-1,-1,-1,-1,-1,-1,-1,-1
1,49,42,And what happened?,Nothing.,0,0,0,0,0,0,0,0,0,0,0,0,0,0,0,0,0,0,0,0,0,-1,-1,-1,-1,-1,-1,-1,-1,-1,-1,-1,-1,-1,-1,-1,-1,-1,-1,-1,-1,-1
1,49,43,Do you think there is something you could do to get in contact with them again?,I don't know.,0,1,0,0,0,0,0,0,0,0,0,0,0,0,0,0,0,0,0,0,0,-1,1,-1,-1,-1,-1,-1,-1,-1,-1,-1,-1,-1,-1,-1,-1,-1,-1,-1,-1,-1
1,49,44,Whose fault is that that the contact is lost?,"Mine, probably.",0,0,0,0,0,0,0,0,0,0,0,0,0,0,0,0,0,0,0,0,0,-1,-1,-1,-1,-1,-1,-1,-1,-1,-1,-1,-1,-1,-1,-1,-1,-1,-1,-1,-1,-1
1,49,45,Why do you think that?,I just stopped reaching out.,0,0,0,0,0,0,0,0,0,0,0,0,0,0,0,0,0,0,0,0,0,-1,-1,-1,-1,-1,-1,-1,-1,-1,-1,-1,-1,-1,-1,-1,-1,-1,-1,-1,-1,-1
1,49,46,Why?,I don't know.,0,0,0,0,0,0,0,0,0,0,0,0,0,0,0,0,0,0,0,0,0,-1,-1,-1,-1,-1,-1,-1,-1,-1,-1,-1,-1,-1,-1,-1,-1,-1,-1,-1,-1,-1
1,49,47,Okay. Can you tell me about your physical state?,I am just a bit tired.,0,0,0,0,0,0,0,0,0,0,0,0,0,0,1,0,0,0,0,0,0,-1,-1,-1,-1,-1,-1,-1,-1,-1,-1,-1,-1,-1,-1,1,-1,-1,-1,-1,-1,-1
1,49,48,Did anything change in the way you sleep or eat?,No.,0,0,0,0,0,0,0,0,0,0,0,0,0,0,0,0,0,1,0,0,0,-1,-1,-1,-1,-1,-1,-1,-1,-1,-1,-1,-1,-1,-1,-1,-1,-1,0,-1,-1,-1
1,49,49,So how do you sleep?,I sleep fine.,0,0,0,0,0,0,0,0,0,0,0,0,0,0,0,1,0,0,0,0,0,-1,-1,-1,-1,-1,-1,-1,-1,-1,-1,-1,-1,-1,-1,-1,0,-1,-1,-1,-1,-1
1,49,50,Do you ever experience thoughts about suicide?,No.,0,0,0,0,0,0,0,0,1,0,0,0,0,0,0,0,0,0,0,0,0,-1,-1,-1,-1,-1,-1,-1,-1,0,-1,-1,-1,-1,-1,-1,-1,-1,-1,-1,-1,-1
1,49,51,Do you ever feel like crying or screaming?,No.,0,0,0,0,0,0,0,0,0,1,0,0,0,0,0,0,0,0,0,0,0,-1,-1,-1,-1,-1,-1,-1,-1,-1,0,-1,-1,-1,-1,-1,-1,-1,-1,-1,-1,-1
1,49,52,You said earlier that you feel restless. Do you think you have problems with concentrating when doing something?,Sometimes.,0,0,0,0,0,0,0,0,0,0,0,0,0,0,0,0,0,0,0,0,0,-1,-1,-1,-1,-1,-1,-1,-1,-1,-1,-1,-1,-1,-1,-1,-1,-1,-1,-1,-1,-1
1,49,53,When does that happen and what are you doing then?,When I am applying for jobs.,0,0,0,0,0,0,0,0,0,0,0,0,0,0,0,0,0,0,1,0,0,-1,-1,-1,-1,-1,-1,-1,-1,-1,-1,-1,-1,-1,-1,-1,-1,-1,-1,1,-1,-1
1,49,54,How does applying look for you? Do you have a plan on what job you want to get?,No plan.,0,0,0,0,0,0,0,0,0,0,0,0,0,0,0,0,0,0,0,0,0,-1,-1,-1,-1,-1,-1,-1,-1,-1,-1,-1,-1,-1,-1,-1,-1,-1,-1,-1,-1,-1
1,49,55,"When there is a job application that would suit you, how do you decide if you want to apply?",I don't.,0,0,0,0,0,0,0,0,0,0,0,0,0,0,0,0,0,0,0,0,0,-1,-1,-1,-1,-1,-1,-1,-1,-1,-1,-1,-1,-1,-1,-1,-1,-1,-1,-1,-1,-1
1,49,56,Do you skip it or do you apply to everything?,I apply to everything.,0,0,0,0,0,0,0,0,0,0,0,0,1,0,0,0,0,0,0,0,0,-1,-1,-1,-1,-1,-1,-1,-1,-1,-1,-1,-1,2,-1,-1,-1,-1,-1,-1,-1,-1
1,49,57,Okay. Can you tell me more about how you feel tired?,I just feel... done.,0,0,0,0,0,0,0,0,0,0,0,0,0,0,0,0,0,0,0,1,0,-1,-1,-1,-1,-1,-1,-1,-1,-1,-1,-1,-1,-1,-1,-1,-1,-1,-1,-1,1,-1
1,49,58,At what moments do you feel like that?,When I am waiting.,0,0,0,0,0,0,0,0,0,0,0,0,0,0,0,0,0,0,0,0,0,-1,-1,-1,-1,-1,-1,-1,-1,-1,-1,-1,-1,-1,-1,-1,-1,-1,-1,-1,-1,-1
1,49,59,What do you think about yourself?,I am just a bit useless right now.,0,0,0,0,0,0,0,0,0,0,0,0,0,0,0,0,0,0,0,0,0,-1,-1,-1,-1,-1,-1,-1,-1,-1,-1,-1,-1,-1,-1,-1,-1,-1,-1,-1,-1,-1
1,49,60,What is one positive thing you could say about yourself?,I am trying.,0,0,0,0,0,0,0,0,0,0,0,0,0,1,0,0,0,0,0,0,0,-1,-1,-1,-1,-1,-1,-1,-1,-1,-1,-1,-1,-1,1,-1,-1,-1,-1,-1,-1,-1
1,49,61,What about your social life?,I do not really have one.,0,0,0,0,0,0,0,0,0,0,0,0,0,0,0,0,0,0,0,0,0,-1,-1,-1,-1,-1,-1,-1,-1,-1,-1,-1,-1,-1,-1,-1,-1,-1,-1,-1,-1,-1
1,49,62,Is there anyone in your life right now that you like spending time with?,My flatmate.,0,0,0,0,0,0,0,0,0,0,0,0,0,0,0,0,0,0,0,0,0,-1,-1,-1,-1,-1,-1,-1,-1,-1,-1,-1,-1,-1,-1,-1,-1,-1,-1,-1,-1,-1
1,49,63,Do you feel close to them?,"Yeah, I guess.",0,0,0,0,0,0,0,0,0,0,0,0,0,0,0,0,0,0,0,0,0,-1,-1,-1,-1,-1,-1,-1,-1,-1,-1,-1,-1,-1,-1,-1,-1,-1,-1,-1,-1,-1
1,49,64,And what about intimacy? Do you have intimate relationship with someone?,No.,0,0,0,0,0,0,0,0,0,0,0,0,0,0,0,0,0,0,0,0,0,-1,-1,-1,-1,-1,-1,-1,-1,-1,-1,-1,-1,-1,-1,-1,-1,-1,-1,-1,-1,-1
1,49,65,Was it always like that?,Since I left uni.,0,0,0,0,0,0,0,0,0,0,0,0,0,0,0,0,0,0,0,0,0,-1,-1,-1,-1,-1,-1,-1,-1,-1,-1,-1,-1,-1,-1,-1,-1,-1,-1,-1,-1,-1
1,49,66,Can you tell me why do you feel like that?,I do not know.,0,0,0,0,0,0,0,0,0,0,0,0,0,0,0,0,0,0,0,0,0,-1,-1,-1,-1,-1,-1,-1,-1,-1,-1,-1,-1,-1,-1,-1,-1,-1,-1,-1,-1,-1
1,49,67,Did anything happen after uni?,Nothing major.,0,0,0,0,0,0,0,0,0,0,0,0,0,0,0,0,0,0,0,0,0,-1,-1,-1,-1,-1,-1,-1,-1,-1,-1,-1,-1,-1,-1,-1,-1,-1,-1,-1,-1,-1
1,49,68,So you said you don't have any intimate relationship right now. Are you sexually active?,No.,0,0,0,0,0,0,0,0,0,0,0,0,0,0,0,0,0,0,0,0,1,-1,-1,-1,-1,-1,-1,-1,-1,-1,-1,-1,-1,-1,-1,-1,-1,-1,-1,-1,-1,1
1,49,69,Why?,I do not know.,0,0,0,0,0,0,0,0,0,0,0,0,0,0,0,0,0,0,0,0,0,-1,-1,-1,-1,-1,-1,-1,-1,-1,-1,-1,-1,-1,-1,-1,-1,-1,-1,-1,-1,-1
1,49,70,Was it always like that?,Since I left uni.,0,0,0,0,0,0,0,0,0,0,0,0,0,0,0,0,0,0,0,0,0,-1,-1,-1,-1,-1,-1,-1,-1,-1,-1,-1,-1,-1,-1,-1,-1,-1,-1,-1,-1,-1
1,49,71,So it changed after leaving unI?,Yeah.,0,0,0,0,0,0,0,0,0,0,0,0,0,0,0,0,0,0,0,0,0,-1,-1,-1,-1,-1,-1,-1,-1,-1,-1,-1,-1,-1,-1,-1,-1,-1,-1,-1,-1,-1
1,49,72,You told me how you feel a bit useless and lazy. What does this make you think about yourself?,I do not know.,0,0,0,0,0,0,0,0,0,0,0,0,0,0,0,0,0,0,0,0,0,-1,-1,-1,-1,-1,-1,-1,-1,-1,-1,-1,-1,-1,-1,-1,-1,-1,-1,-1,-1,-1
1,49,73,Do you ever have thoughts about punishing yourself for these things?,No.,0,0,0,0,0,1,0,0,0,0,0,0,0,0,0,0,0,0,0,0,0,-1,-1,-1,-1,-1,0,-1,-1,-1,-1,-1,-1,-1,-1,-1,-1,-1,-1,-1,-1,-1
14,34,1,"Hello, how are you feeling lately? ","Honestly, I’m tired. I wake up with this heavy feeling in my chest. It's hard to get motivated to do anything.",0,0,0,0,0,0,0,0,0,0,0,0,0,0,1,0,0,0,0,1,0,-1,-1,-1,-1,-1,-1,-1,-1,-1,-1,-1,-1,-1,-1,2,-1,-1,-1,-1,2,-1
14,34,2,This feeling of heaviness what causes that? ,"Just... life. I look at my bank account, and it's just going down. I used to be on top of things, but now I'm just trying to stay afloat.",0,1,0,0,0,0,0,1,0,0,0,0,0,1,0,0,0,0,0,0,0,-1,1,-1,-1,-1,-1,-1,1,-1,-1,-1,-1,-1,1,-1,-1,-1,-1,-1,-1,-1
14,34,3,Did something happen that you feel that you are no linger on top of things,"A business partner left. We lost the investment. I made the call, but it feels like I was the one who ruined it.",0,0,1,0,1,0,0,1,0,0,0,0,0,1,0,0,0,0,0,0,0,-1,-1,2,-1,2,-1,-1,2,-1,-1,-1,-1,-1,1,-1,-1,-1,-1,-1,-1,-1
14,34,4,I am very sorry to hear that. Do you feel guilty? ,"Constantly. I replay every conversation, every decision. I think I drove it all down. It’s hard to forgive myself.",0,0,0,0,1,1,0,1,0,0,0,0,0,0,0,0,0,0,0,0,0,-1,-1,-1,-1,3,1,-1,3,-1,-1,-1,-1,-1,-1,-1,-1,-1,-1,-1,-1,-1
14,34,5,Do you feel that you actions need some kind of punishment?,Maybe. I don't know. It just feels like I should be punished for messing it up so badly.,0,0,0,0,0,1,0,0,0,0,0,0,0,0,0,0,0,0,0,0,0,-1,-1,-1,-1,-1,2,-1,-1,-1,-1,-1,-1,-1,-1,-1,-1,-1,-1,-1,-1,-1
14,34,6,I can assure you that you should not be punished for it. Everyone make mistakes. Can you desribe what happened that the partner left? ,"We disagreed on the direction. I wanted to take a risk, and he didn't. He said I was reckless. He was right. I drove him away.",0,0,0,0,0,0,1,1,0,0,0,0,0,0,0,0,0,0,0,0,0,-1,-1,-1,-1,-1,-1,1,2,-1,-1,-1,-1,-1,-1,-1,-1,-1,-1,-1,-1,-1
14,34,7,Is there no way to show to him that you understand your mistake and make up with each other?,I don't know. We haven't spoken in months. I don't know if it’s even worth reaching out.,0,1,0,0,0,0,0,0,0,0,0,0,1,0,0,0,0,0,0,0,0,-1,2,-1,-1,-1,-1,-1,-1,-1,-1,-1,-1,1,-1,-1,-1,-1,-1,-1,-1,-1
14,34,8,Wpuld you be so kind to tell me how is your emotional state lately? How often do you feel sad or irritated or anxious?,Constantly. I feel like I’m walking through a fog. I get frustrated with things that used to be easy. I just... I feel broken.,1,0,0,0,0,0,0,0,0,0,1,0,0,1,0,0,1,0,0,0,0,3,-1,-1,-1,-1,-1,-1,-1,-1,-1,2,-1,-1,3,-1,-1,2,-1,-1,-1,-1
14,34,9,Did you notice the changes in your sleeping pattern/,"Yeah. I wake up in the middle of the night, thinking about it all. I just lay there until morning. It’s hard to sleep when your brain is screaming at you.",0,0,0,0,0,0,0,0,0,0,0,0,0,0,0,1,0,0,0,0,0,-1,-1,-1,-1,-1,-1,-1,-1,-1,-1,-1,-1,-1,-1,-1,2,-1,-1,-1,-1,-1
14,34,10,So do you feel I wake up 1-2 hours early and can't get back to sleep? ,Yeah. I just... I just stare at the ceiling. It's the only time I get quiet enough to hear my own thoughts.,0,0,0,0,0,0,0,0,0,0,0,0,0,0,0,1,0,0,0,0,0,-1,-1,-1,-1,-1,-1,-1,-1,-1,-1,-1,-1,-1,-1,-1,3,-1,-1,-1,-1,-1
14,34,11,Do you cry easily?,Yes. I don't know why. I just... tears come out. It’s embarrassing.,0,0,0,0,0,0,0,0,0,1,0,0,0,0,0,0,0,0,0,0,0,-1,-1,-1,-1,-1,-1,-1,-1,-1,2,-1,-1,-1,-1,-1,-1,-1,-1,-1,-1,-1
14,34,12,Do you feel so sad that you cant stand it?,Sometimes. I just wish I could turn it off. But I can't. I’m stuck in this... this mess.,1,0,0,0,0,0,0,0,0,0,0,0,0,0,0,0,0,0,0,0,0,3,-1,-1,-1,-1,-1,-1,-1,-1,-1,-1,-1,-1,-1,-1,-1,-1,-1,-1,-1,-1
14,34,13,What do you think about your future>,I don't see one. I'm just going through the motions. I don't know how to make it better.,0,1,0,0,0,0,0,0,0,0,0,0,0,1,0,0,0,0,0,0,0,-1,2,-1,-1,-1,-1,-1,-1,-1,-1,-1,-1,-1,1,-1,-1,-1,-1,-1,-1,-1
14,34,14,Do you feel worthly as a person?,No. I don't. I used to be someone I respected. Now... I don't know who I am.,0,0,0,0,0,0,1,0,0,0,0,0,0,1,0,0,0,0,0,0,0,-1,-1,-1,-1,-1,-1,2,-1,-1,-1,-1,-1,-1,1,-1,-1,-1,-1,-1,-1,-1
14,34,15,Is there something which makes you happy?,Nothing. I used to love my job. I used to love my life. Now... I don't. I just... I don't see the point.,0,0,0,1,0,0,0,0,0,0,0,0,0,0,0,0,0,0,0,0,0,-1,-1,-1,3,-1,-1,-1,-1,-1,-1,-1,-1,-1,-1,-1,-1,-1,-1,-1,-1,-1
14,34,16,Do you think that you lost interest in things that you like in the past?,Yeah. I used to hike. I used to read. Now... I just can't find the energy.,0,0,0,0,0,0,0,0,0,0,0,1,0,0,0,0,0,0,0,1,0,-1,-1,-1,-1,-1,-1,-1,-1,-1,-1,-1,1,-1,-1,-1,-1,-1,-1,-1,2,-1
14,34,17,Do you have suicidal thoughts?,"Yes. Sometimes. It sounds dramatic, but... I just wish I could stop. Stop thinking about it. Stop feeling this pain.",0,0,0,0,0,0,0,0,0,0,0,0,0,0,0,0,0,0,0,0,0,-1,-1,-1,-1,-1,-1,-1,-1,-1,-1,-1,-1,-1,-1,-1,-1,-1,-1,-1,-1,-1
14,34,18,would you do it if you have a chance?,"I... I don't know. I want to say no, but... I don't know if I could find the strength to go on.",0,0,0,0,0,0,0,0,1,0,0,0,0,0,0,0,0,0,0,0,0,-1,-1,-1,-1,-1,-1,-1,-1,2,-1,-1,-1,-1,-1,-1,-1,-1,-1,-1,-1,-1
14,34,19,How is your apetite?,"It's gone. I eat because I have to, but... I don't enjoy it. I just eat to survive.",0,0,0,0,0,0,0,0,0,0,0,0,0,0,0,0,0,1,0,0,0,-1,-1,-1,-1,-1,-1,-1,-1,-1,-1,-1,-1,-1,-1,-1,-1,-1,3,-1,-1,-1
14,34,20,How is your concentration? Is it easy to focus on things or harder than usual?,"It’s hard. I get distracted by nothing. A bird outside, a noise... I just can't focus.",0,0,0,0,0,0,0,0,0,0,0,0,0,0,0,0,0,0,1,0,0,-1,-1,-1,-1,-1,-1,-1,-1,-1,-1,-1,-1,-1,-1,-1,-1,-1,-1,3,-1,-1
14,34,21,Do you see changes in your libido?,No. I... I don't even notice. It's like it’s turned off.,0,0,0,0,0,0,0,0,0,0,0,0,0,0,0,0,0,0,0,0,1,-1,-1,-1,-1,-1,-1,-1,-1,-1,-1,-1,-1,-1,-1,-1,-1,-1,-1,-1,-1,3
3,11,1,"Hello, how are you today?","I’m a bit restless, to be honest. I had a weird dream last night and I’m still feeling a bit jittery. I’m hoping talking to you will help me clear my head.",0,0,0,0,0,0,0,0,0,0,1,0,0,0,0,1,0,0,0,0,0,-1,-1,-1,-1,-1,-1,-1,-1,-1,-1,2,-1,-1,-1,-1,1,-1,-1,-1,-1,-1
3,11,2,Can you tell me more about it?,"It was just this weird sense of being trapped. I was trying to run, but my legs wouldn't move. It was pretty unsettling.",0,0,0,0,0,0,0,0,0,0,0,0,0,0,0,1,0,0,0,0,0,-1,-1,-1,-1,-1,-1,-1,-1,-1,-1,-1,-1,-1,-1,-1,2,-1,-1,-1,-1,-1
3,11,3,Did it occur before you fell asleep or after you woke up?,It started when I was drifting off. I think I must have woken up in a weird state because I couldn't shake it off when I woke up.,0,0,0,0,0,0,0,0,0,0,0,0,0,0,0,1,0,0,0,0,0,-1,-1,-1,-1,-1,-1,-1,-1,-1,-1,-1,-1,-1,-1,-1,2,-1,-1,-1,-1,-1
3,11,4,Can you connect it to anything that happened to you lately?,"Maybe the job interview last week? I keep replaying it in my head, wondering if I messed up.",0,1,0,0,0,0,0,0,0,0,0,0,0,0,0,0,0,0,0,0,0,-1,1,-1,-1,-1,-1,-1,-1,-1,-1,-1,-1,-1,-1,-1,-1,-1,-1,-1,-1,-1
3,11,5,Is it possible that you did?,"I don't know, maybe. I just keep thinking I could have done something better.",0,0,0,0,0,0,0,0,0,0,0,0,0,0,0,0,0,0,0,0,0,-1,-1,-1,-1,-1,-1,-1,-1,-1,-1,-1,-1,-1,-1,-1,-1,-1,-1,-1,-1,-1
3,11,6,Was it your decision to look for a new job or you lost previous one?,"I got let go, actually. It was a shock. I guess I'm still trying to process it.",0,0,1,0,0,0,0,0,0,0,0,0,0,0,0,0,0,0,0,0,0,-1,-1,2,-1,-1,-1,-1,-1,-1,-1,-1,-1,-1,-1,-1,-1,-1,-1,-1,-1,-1
3,11,7,How do you feel about it? Did it alter your self-image?,"A bit, yeah. I feel like I should be further ahead by now. It makes me feel a bit... useless.",0,0,1,0,1,0,0,0,0,0,0,0,0,1,0,0,0,0,0,0,0,-1,-1,2,-1,1,-1,-1,-1,-1,-1,-1,-1,-1,3,-1,-1,-1,-1,-1,-1,-1
3,11,8,Do you think it was your fault?,"I don't know. I guess I didn't really prepare for it. It was just a shock, you know?",0,0,0,0,0,0,0,0,0,0,0,0,0,0,0,0,0,0,0,0,0,-1,-1,-1,-1,-1,-1,-1,-1,-1,-1,-1,-1,-1,-1,-1,-1,-1,-1,-1,-1,-1
3,11,9,Okay. Tell me how do you see yourself now. How would you describe yourself.,"I’m just a bit lost, I guess. I feel like I’m starting over, but I’m not really sure how to do it.",0,1,0,0,0,0,0,0,0,0,0,1,1,0,0,0,0,0,0,0,0,-1,2,-1,-1,-1,-1,-1,-1,-1,-1,-1,1,2,-1,-1,-1,-1,-1,-1,-1,-1
3,11,10,Can we say you don't know what decisions are the best for you right now?,"Yeah, that’s a big part of it. I feel like I’m just drifting until I figure it out.",0,0,0,0,0,0,0,0,0,0,0,0,1,0,0,0,0,0,1,0,0,-1,-1,-1,-1,-1,-1,-1,-1,-1,-1,-1,-1,3,-1,-1,-1,-1,-1,1,-1,-1
3,11,11,Okay. Do you feel like you have energy to make such decisions?,Not really. I just feel flat. I think I need to find a way to get that spark back before I can start making any real progress.,0,0,0,0,0,0,0,0,0,0,0,0,0,0,1,0,0,0,0,0,0,-1,-1,-1,-1,-1,-1,-1,-1,-1,-1,-1,-1,-1,-1,3,-1,-1,-1,-1,-1,-1
3,11,12,Can you link it to your activity? ,Maybe. I haven't been doing much besides scrolling on my phone. I probably just need to get out and do something physical.,0,0,0,0,0,0,0,0,0,0,0,1,0,0,1,0,0,0,0,1,0,-1,-1,-1,-1,-1,-1,-1,-1,-1,-1,-1,1,-1,-1,3,-1,-1,-1,-1,2,-1
3,11,13,Are you tired?,"Yeah, I’m pretty exhausted. I think I just need to force myself to be more productive and stop waiting for the energy to come back.",0,0,0,0,0,0,0,0,0,0,0,0,0,0,1,0,0,0,0,1,0,-1,-1,-1,-1,-1,-1,-1,-1,-1,-1,-1,-1,-1,-1,3,-1,-1,-1,-1,3,-1
3,11,14,How about food? Do you eat as much as you used to?,"I eat, but it’s just going through the motions. I don’t really enjoy it.",0,0,0,0,0,0,0,0,0,0,0,0,0,0,0,0,0,1,0,0,0,-1,-1,-1,-1,-1,-1,-1,-1,-1,-1,-1,-1,-1,-1,-1,-1,-1,3,-1,-1,-1
3,11,15,Did the food change its taste?,I guess it’s just... flat. I don’t get the same satisfaction out of it that I used to.,0,0,0,0,0,0,0,0,0,0,0,0,0,0,0,0,0,1,0,0,0,-1,-1,-1,-1,-1,-1,-1,-1,-1,-1,-1,-1,-1,-1,-1,-1,-1,3,-1,-1,-1
3,11,16,Okay. Tell me about your day. What do you do to relax?,"I try to watch a movie or something, but I get restless. I probably just need to find something I enjoy doing again.",0,0,0,1,0,0,0,0,0,0,1,0,0,0,0,0,0,0,0,0,0,-1,-1,-1,1,-1,-1,-1,-1,-1,-1,2,-1,-1,-1,-1,-1,-1,-1,-1,-1,-1
3,11,17,What about hobbies?,"I used to do a lot of stuff, but I haven't really had the energy to start anything new. I guess I just need to find something to get me excited again.",0,0,0,1,0,0,0,0,0,0,0,0,0,0,1,0,0,0,0,1,0,-1,-1,-1,3,-1,-1,-1,-1,-1,-1,-1,-1,-1,-1,3,-1,-1,-1,-1,3,-1
3,11,18,Do you have a partner?,"Yeah, I do. They’re trying to help me figure things out, but I feel like I’m just holding them back.",0,1,0,0,1,0,0,0,0,0,0,0,0,0,0,0,0,0,0,0,0,-1,2,-1,-1,3,-1,-1,-1,-1,-1,-1,-1,-1,-1,-1,-1,-1,-1,-1,-1,-1
3,11,19,Why?,"Because I’m just so stuck. I don't know what I want to do, so I feel like I’m wasting their time.",0,1,0,0,1,0,0,0,0,0,0,0,0,0,0,0,0,0,0,0,0,-1,2,-1,-1,2,-1,-1,-1,-1,-1,-1,-1,-1,-1,-1,-1,-1,-1,-1,-1,-1
3,11,20,Do you have sex together?,Not really. It’s just... complicated. I think we both need to figure out our own stuff first.,0,0,0,0,0,0,0,0,0,0,0,0,0,0,0,0,0,0,0,0,1,-1,-1,-1,-1,-1,-1,-1,-1,-1,-1,-1,-1,-1,-1,-1,-1,-1,-1,-1,-1,1
3,11,21,"If you did, are you interested in such activity?","I guess it’s just... there. I don't really feel it, but I don't want to say no.",0,0,0,0,0,0,0,0,0,0,0,0,0,0,0,0,0,0,0,0,1,-1,-1,-1,-1,-1,-1,-1,-1,-1,-1,-1,-1,-1,-1,-1,-1,-1,-1,-1,-1,3
3,11,22,"You seem quite sad, aren't you?",Yeah. I am. I just feel like I've lost my way and I don't know how to get back on track.,1,0,0,0,0,0,0,0,0,0,0,0,0,0,0,0,0,0,0,0,0,3,-1,-1,-1,-1,-1,-1,-1,-1,-1,-1,-1,-1,-1,-1,-1,-1,-1,-1,-1,-1
3,11,23,How long have you felt that way?,"Since the job ended, probably. I just feel like I should be further along by now, and I don't know how to catch up.",1,0,0,0,0,0,0,0,0,0,0,1,0,1,0,0,0,0,0,0,0,3,-1,-1,-1,-1,-1,-1,-1,-1,-1,-1,1,-1,3,-1,-1,-1,-1,-1,-1,-1
3,11,24,Do you think that your job loss is some sort of punishment?,Maybe. I don’t know. It just feels like I messed up and now I have to deal with the consequences.,0,0,0,0,1,1,0,0,0,0,0,0,0,0,0,0,0,0,0,0,0,-1,-1,-1,-1,3,1,-1,-1,-1,-1,-1,-1,-1,-1,-1,-1,-1,-1,-1,-1,-1
3,11,25,Let's get back to you. Do you like yourself?,I don’t know. I guess I’m just trying to figure out how to be better.,0,0,0,0,0,0,1,0,0,0,0,0,0,0,0,0,0,0,0,0,0,-1,-1,-1,-1,-1,-1,0,-1,-1,-1,-1,-1,-1,-1,-1,-1,-1,-1,-1,-1,-1
3,11,26,But does it mean you wouldn't like yourself if it was different person?,Maybe. I don't know. I just feel like I should be more together by now.,0,0,0,0,0,0,1,0,0,0,0,0,0,0,0,0,0,0,0,0,0,-1,-1,-1,-1,-1,-1,1,-1,-1,-1,-1,-1,-1,-1,-1,-1,-1,-1,-1,-1,-1
3,11,27,What can you do to achieve it?,I don't know. I guess I just need to be more disciplined.,0,0,0,0,0,0,0,1,0,0,0,0,0,0,0,0,0,0,0,0,0,-1,-1,-1,-1,-1,-1,-1,3,-1,-1,-1,-1,-1,-1,-1,-1,-1,-1,-1,-1,-1
3,11,28,You said you are sad lately. Have you cried this month?,"Yeah, a few times. I just get really frustrated with myself and I can’t help it.",1,1,0,0,0,0,0,0,0,1,0,0,0,0,0,0,0,0,0,0,0,2,2,-1,-1,-1,-1,-1,-1,-1,1,-1,-1,-1,-1,-1,-1,-1,-1,-1,-1,-1
3,11,29,How about your relations? You told me about your partner but how do you get along with other people?,"It’s okay. I try to be friendly, but I feel like I’m just pretending.",0,1,0,0,1,0,0,1,0,0,0,0,0,0,0,0,0,0,0,0,0,-1,3,-1,-1,2,-1,-1,3,-1,-1,-1,-1,-1,-1,-1,-1,-1,-1,-1,-1,-1
3,11,30,Do you get into any arguments?,Not really. I just get quiet and stop talking.,0,0,0,0,0,0,0,0,0,0,0,0,0,0,0,0,1,0,0,0,0,-1,-1,-1,-1,-1,-1,-1,-1,-1,-1,-1,-1,-1,-1,-1,-1,0,-1,-1,-1,-1
3,11,31,"I have one more question. Do not worry, it's normal for psychiatrists to ask it. Did you think about death lately?","Yeah, I have. I think about just not being here anymore.",0,0,0,0,0,0,0,0,1,0,0,0,0,0,0,0,0,0,0,0,0,-1,-1,-1,-1,-1,-1,-1,-1,2,-1,-1,-1,-1,-1,-1,-1,-1,-1,-1,-1,-1
3,11,32,Did you think about killing yourself?,"Yeah, I have. I just feel like I've wasted so much time already, so I guess I think it’s a shortcut to fixing things.",0,0,0,0,0,0,0,0,1,0,0,0,0,0,0,0,0,0,0,0,0,-1,-1,-1,-1,-1,-1,-1,-1,3,-1,-1,-1,-1,-1,-1,-1,-1,-1,-1,-1,-1
3,11,33,Did you have feeling that the world would be better without you?,"Yeah, that’s the worst part. I feel like I’m just holding everyone back, so maybe it would be better if I just wasn't here.",0,0,0,0,0,0,0,0,0,0,0,0,0,0,0,0,0,0,0,0,0,-1,-1,-1,-1,-1,-1,-1,-1,-1,-1,-1,-1,-1,-1,-1,-1,-1,-1,-1,-1,-1
4,13,1,"hello, how are you today?",I’m tired. I worked a double shift yesterday and didn't sleep well last night. I feel like I’m running on fumes.,0,0,0,0,0,0,0,0,0,0,0,0,0,0,1,1,0,0,0,1,0,-1,-1,-1,-1,-1,-1,-1,-1,-1,-1,-1,-1,-1,-1,3,2,-1,-1,-1,2,-1
4,13,2,I'm sorry to hear you had a tough night sleep. Would you be happy to answer some questions together so we can collect some information about your mood?,"I guess so. I just need to get this sorted out in my head. If talking about it helps, then yeah, go ahead.",0,0,0,0,0,0,0,0,0,0,0,0,0,0,0,0,0,0,0,0,0,-1,-1,-1,-1,-1,-1,-1,-1,-1,-1,-1,-1,-1,-1,-1,-1,-1,-1,-1,-1,-1
4,13,3,"Sure. When you answer these questions, I'd like you to think about the last two weeks. If you're not sure you can let me know and we can discuss it a bit more. How does that sound?","That sounds fine. I just want to get to the bottom of it, you know?",0,0,0,0,0,0,0,0,0,0,0,0,0,0,0,0,0,0,0,0,0,-1,-1,-1,-1,-1,-1,-1,-1,-1,-1,-1,-1,-1,-1,-1,-1,-1,-1,-1,-1,-1
4,13,4,Of course. Where shall we start? How have you been feeling over the last two weeks?,On edge. Everything seems to annoy me. I get these flashes of anger and I don't know why. It's like I'm losing my grip.,0,0,0,0,0,0,0,0,0,0,1,0,0,0,0,0,1,0,0,0,0,-1,-1,-1,-1,-1,-1,-1,-1,-1,-1,3,-1,-1,-1,-1,-1,3,-1,-1,-1,-1
4,13,5,That sounds really difficult. It sounds like things have been bothering you more than usual?,Yeah. It’s not just one thing. It’s just... everything feels heavy. I don't know how to handle it anymore.,0,0,0,0,0,0,0,0,0,0,0,0,0,0,0,0,0,0,0,0,0,-1,-1,-1,-1,-1,-1,-1,-1,-1,-1,-1,-1,-1,-1,-1,-1,-1,-1,-1,-1,-1
4,13,7,Yes. It sounds like things have been really overwhelming lately. I'd like to hear a little bit more about that. What's been the main areas of difficulty for you?,"Work, mostly. The pace has picked up and I'm just running around like a headless chicken. I feel like I'm drowning in paperwork and emails.",0,0,0,0,0,0,0,1,0,0,0,0,0,0,0,0,0,0,0,0,0,-1,-1,-1,-1,-1,-1,-1,2,-1,-1,-1,-1,-1,-1,-1,-1,-1,-1,-1,-1,-1
4,13,8,Has there been a change in your workload? Or do you think it's a change in your ability to cope?,"I think it's both, to be honest. The workload is heavier, but I've been doing this job for years. I don't know why I'm so tired all the time now.",0,0,0,1,0,0,0,0,0,0,0,1,0,0,0,0,0,0,0,0,0,-1,-1,-1,2,-1,-1,-1,-1,-1,-1,-1,3,-1,-1,-1,-1,-1,-1,-1,-1,-1
4,13,9,"Okay. It does sound like your workload has increased, so perhaps it's understandable things have felt harder. Has it become harder to feel interested in your work?",Yeah. I used to love it. I loved the rush of a busy shift. But now... I just feel like I'm just going through the motions.,0,0,0,0,0,0,0,0,0,0,0,0,0,0,0,0,0,0,0,0,0,-1,-1,-1,-1,-1,-1,-1,-1,-1,-1,-1,-1,-1,-1,-1,-1,-1,-1,-1,-1,-1
4,13,10,That sounds really tough. It sounds like there's been a real change in what interests you?,"Yeah. I don't know what I am anymore. I used to be the one in charge, but now I just feel... lost.",0,0,0,0,0,0,0,0,0,0,0,0,1,0,0,0,0,1,0,0,0,-1,-1,-1,-1,-1,-1,-1,-1,-1,-1,-1,-1,3,-1,-1,-1,-1,1,-1,-1,-1
4,13,11,Tell me a bit more. In what areas do you feel lost? Is it harder to make decisions lately?,"Everywhere. I can't decide what to wear, what to eat... it's all just too much. I feel like I've lost my grip on everything.",0,0,0,0,0,0,0,0,0,0,0,0,0,0,0,0,0,1,0,0,0,-1,-1,-1,-1,-1,-1,-1,-1,-1,-1,-1,-1,-1,-1,-1,-1,-1,3,-1,-1,-1
4,13,12,Sure. It can be really hard to make decisions when we feel so overwhelmed. You mentioned not being sure what to eat. How is your appetite lately?,Non-existent. I look at the fridge and I just can't decide. I end up eating nothing.,0,0,0,0,0,0,0,0,0,0,0,0,0,0,0,0,0,0,0,0,0,-1,-1,-1,-1,-1,-1,-1,-1,-1,-1,-1,-1,-1,-1,-1,-1,-1,-1,-1,-1,-1
4,13,13,Thanks for sharing that with me. It sounds like things have felt really heavy lately. I'm curious about what emotions this might have brought up for you?,"I don't know. Sadness, maybe? Frustration. I just feel like I'm failing at everything.",1,0,0,0,0,0,0,0,0,0,0,0,0,0,0,0,0,0,0,0,0,2,-1,-1,-1,-1,-1,-1,-1,-1,-1,-1,-1,-1,-1,-1,-1,-1,-1,-1,-1,-1
4,13,14,Could we talk about those a little more? Describe the sadness for me. How is it showing up for you right now?,It's just... I don't know. I look at my phone and I just feel this lump in my throat. I can't believe I've let it get this bad.,0,0,0,0,0,0,0,0,0,1,0,0,0,0,0,0,0,0,0,0,0,-1,-1,-1,-1,-1,-1,-1,-1,-1,0,-1,-1,-1,-1,-1,-1,-1,-1,-1,-1,-1
4,13,15,You feel a  lump in your throat. Do you ever cry?,No. I can't cry. I'm a grown man. I can't believe I'm crying over nothing.,0,0,0,0,0,0,0,0,0,0,0,0,0,0,0,0,0,0,0,0,0,-1,-1,-1,-1,-1,-1,-1,-1,-1,-1,-1,-1,-1,-1,-1,-1,-1,-1,-1,-1,-1
4,13,16,Okay. You,I don't know. I feel like I've lost my way completely.,0,0,0,0,0,0,0,0,0,0,0,0,0,0,0,0,0,0,0,0,0,-1,-1,-1,-1,-1,-1,-1,-1,-1,-1,-1,-1,-1,-1,-1,-1,-1,-1,-1,-1,-1
4,13,17,Okay you're not somebody who typically cries. But you have been feeling sad. What happens for you when you feel sad? I noticed you seem to blame yourself for the way things are. Is that fair to say?,"Yeah. I feel like I've let myself go. I used to be in charge, and now... I just feel weak.",0,0,0,0,0,0,0,1,0,0,0,0,0,0,0,0,0,0,0,0,0,-1,-1,-1,-1,-1,-1,-1,3,-1,-1,-1,-1,-1,-1,-1,-1,-1,-1,-1,-1,-1
4,13,18,So you feel as though you're not in charge anymore? How do you feel about yourself? What do you think it says about you?,"I don't know. I'm a failure. I used to be the one calling the shots, and now I'm just... this.",0,1,0,0,0,0,0,0,0,0,0,0,0,0,0,0,0,0,0,0,0,-1,2,-1,-1,-1,-1,-1,-1,-1,-1,-1,-1,-1,-1,-1,-1,-1,-1,-1,-1,-1
4,13,19,It sounds like there is a part of you that blames yourself for how things are? Is that typical for you? Have things been hard for you in the pasy?,No. I've never been like this before. I've always been fine. But now... I don't know how to get out of this hole.,0,0,0,0,0,0,0,1,0,0,0,0,0,1,0,0,0,0,0,0,0,-1,-1,-1,-1,-1,-1,-1,2,-1,-1,-1,-1,-1,2,-1,-1,-1,-1,-1,-1,-1
4,13,20,"I see. So this all feels very new for you. No wonder it feels overwhelming. Sometimes when people are feeling down, they find themselves thinking of past failures. Does that happen for you?",Yeah. I keep thinking about things I used to do and how I've let myself slip. It feels like I've let everyone down.,0,0,0,0,0,0,0,1,0,0,0,0,0,1,0,0,0,0,0,0,0,-1,-1,-1,-1,-1,-1,-1,3,-1,-1,-1,-1,-1,2,-1,-1,-1,-1,-1,-1,-1
4,13,21,Okay. It sounds like you compare what you used to do with what you're able to do now?,"Exactly. I look at my phone and I think, 'I used to handle this easily.' But now... I just feel like I'm not good enough anymore.",0,0,0,0,0,0,0,0,0,0,0,0,0,0,0,0,1,0,0,0,0,-1,-1,-1,-1,-1,-1,-1,-1,-1,-1,-1,-1,-1,-1,-1,-1,2,-1,-1,-1,-1
4,13,22,"When you say you look at your phone, what do you mean by that? What's on your phone?","Just notifications. Work messages. Social media. I used to be on top of it all, but now... I just scroll through and feel annoyed.",0,0,0,0,0,0,1,0,0,0,0,0,0,0,0,0,0,0,0,0,0,-1,-1,-1,-1,-1,-1,2,-1,-1,-1,-1,-1,-1,-1,-1,-1,-1,-1,-1,-1,-1
4,13,23,"I see. And that makes sense, given what you've said about having a lot less energy and an increase workload. It sounds like you've been feeling pretty bad about yourself recently. Sometimes this can trigger feelings of guilt and/ or punishment. Has that ever happened for you?","Yeah. I beat myself up over it. I tell myself I'm just lazy, that I've let myself go. It’s stupid, but I can’t stop thinking it.",0,0,0,0,0,0,1,0,0,0,0,0,0,0,0,0,0,0,0,0,0,-1,-1,-1,-1,-1,-1,2,-1,-1,-1,-1,-1,-1,-1,-1,-1,-1,-1,-1,-1,-1
4,13,25,Would you say that you like yourself right now?,"No. I don't know who I am anymore. I used to be strong, and now... I just feel weak.",0,0,0,0,1,0,0,0,0,0,0,0,0,0,0,0,0,0,0,0,0,-1,-1,-1,-1,3,-1,-1,-1,-1,-1,-1,-1,-1,-1,-1,-1,-1,-1,-1,-1,-1
4,13,26,"When we're going through a lot and things feel heavier, it can really shape how we see ourselves. It sounds like you don't see yourself as a strong person anymore. You said you beat yourself up by criticising yourself. Do you punish yourself in any other ways?","I don't know. I just sit there, feeling angry at myself. I don't know what to do with it.",0,0,0,0,0,0,0,0,0,0,1,0,0,0,0,0,0,0,0,0,0,-1,-1,-1,-1,-1,-1,-1,-1,-1,-1,1,-1,-1,-1,-1,-1,-1,-1,-1,-1,-1
4,13,27,"Sure. It can be hard to know what to do with those feelings. You often blame yourself for how things are. Sometimes people describe that they feel guilty, do you ever feel that?","Yeah. I feel guilty for not being able to handle it. I used to be in charge, and now... I can't even keep up.",0,0,1,0,0,0,0,0,0,0,0,0,0,0,0,0,0,0,0,0,0,-1,-1,0,-1,-1,-1,-1,-1,-1,-1,-1,-1,-1,-1,-1,-1,-1,-1,-1,-1,-1
4,13,28,"And given you've been feeling bad about yourself, it's no surprise you're feeling guilty. It sounds like things have been very heavy lately. I just have a few more specific questions if that's okay?",I guess so. Just get it over with.,0,0,0,0,0,0,0,0,0,0,0,0,0,1,0,0,0,0,0,0,0,-1,-1,-1,-1,-1,-1,-1,-1,-1,-1,-1,-1,-1,3,-1,-1,-1,-1,-1,-1,-1
4,13,29,Are there any memories of times in the past where things havent gone well or you felt like you've failed that often come to mind? Often people describe how when they're feeling about themselves they find it hard to stop thinking of past failures. I wonder if that happens for you?,"Yeah. I think about when I used to be a manager. I had to make tough decisions, and I did. But now... I can't even decide what to wear. It's like I've lost my grip on everything.",0,0,0,0,0,0,0,0,0,0,0,0,0,0,0,0,0,0,1,0,0,-1,-1,-1,-1,-1,-1,-1,-1,-1,-1,-1,-1,-1,-1,-1,-1,-1,-1,3,-1,-1
4,13,30,"Okay sure. It sounds like it's less about failures in the past, but actually comparing what's difficult now to things you used to do easily?","Exactly. I look at my phone and I think, 'I used to handle this easily.' But now... I just feel like I'm not good enough anymore.",0,0,0,0,0,0,0,0,0,0,0,0,0,0,0,0,0,0,0,0,0,-1,-1,-1,-1,-1,-1,-1,-1,-1,-1,-1,-1,-1,-1,-1,-1,-1,-1,-1,-1,-1
4,13,31,"thanks for sharing that. You've mentioned it's harder to manage at work. I wonder, is it harder to concentrate generally?",Yeah. I get distracted easily. I'll be in the middle of something and I'll just zone out. I don't know how to focus anymore.,0,0,0,0,0,0,0,0,0,0,0,1,0,0,1,0,0,0,0,0,0,-1,-1,-1,-1,-1,-1,-1,-1,-1,-1,-1,3,-1,-1,3,-1,-1,-1,-1,-1,-1
4,13,32,"Of course. And often when our mood is low, it's not just in one area like work, but also in our personal lives. For example, relationships can become a lot harder. Who's in your social network currently?",Just a few mates from work. We don't really talk about this stuff.,0,0,0,0,0,0,0,1,0,0,0,0,0,0,0,0,0,0,0,0,1,-1,-1,-1,-1,-1,-1,-1,3,-1,-1,-1,-1,-1,-1,-1,-1,-1,-1,-1,-1,3
4,13,33,"Okay. Just a few mates, but you wouldn't usually talk about feelings. How about romantic relationships.. have you noticed a change in your interest in dating and sex?",No. I don't even think about it anymore. I don't know how to make the effort to get out there.,0,0,0,0,0,0,1,1,0,0,0,0,0,1,0,0,0,0,0,0,0,-1,-1,-1,-1,-1,-1,3,3,-1,-1,-1,-1,-1,3,-1,-1,-1,-1,-1,-1,-1
4,13,34,"Okay. You don't think about sex anymore. Is that something you would have been interested in the past, or is that normal for you?","I used to be a bit of a ladies' man. I know it sounds stupid, but I feel like I've lost that too.",0,0,0,0,1,0,0,1,0,0,0,0,0,0,0,0,0,0,0,0,0,-1,-1,-1,-1,2,-1,-1,3,-1,-1,-1,-1,-1,-1,-1,-1,-1,-1,-1,-1,-1
4,13,36,"It doesn't sound silly. It sounds like sex is something you used to enjoy, but is something you've now lost from your life?",Yeah. I don't know why I'm not good enough anymore.,0,1,0,0,0,0,0,0,0,0,0,0,0,0,0,0,0,0,0,0,0,-1,3,-1,-1,-1,-1,-1,-1,-1,-1,-1,-1,-1,-1,-1,-1,-1,-1,-1,-1,-1
4,13,37,Okay. It sounds like you see this as a comment on your worth?,Yeah. I feel like I've let myself go.,0,0,0,0,0,0,0,0,0,0,0,0,0,0,0,0,0,0,0,0,0,-1,-1,-1,-1,-1,-1,-1,-1,-1,-1,-1,-1,-1,-1,-1,-1,-1,-1,-1,-1,-1
4,13,38,"Thanks for sharing that. You've spoken quite a bit about not feeling good enough, and not being hopeful that things can improve when things feel so overwhelming. Often when people are in this situation, they describe having thoughts of wanting to harm themselves or end their lives. Has that happened for you?",No. I'm not that person. I'm just... tired.,0,0,0,0,0,0,0,0,0,0,0,0,0,0,0,0,0,0,0,0,0,-1,-1,-1,-1,-1,-1,-1,-1,-1,-1,-1,-1,-1,-1,-1,-1,-1,-1,-1,-1,-1
4,13,39,You said you're not that person.. could you explain that?,"I don't know. I've been in tough spots before, but I've always found a way out. Now... I just feel stuck.",0,0,0,0,0,0,0,0,0,0,0,0,0,0,0,0,0,0,0,0,0,-1,-1,-1,-1,-1,-1,-1,-1,-1,-1,-1,-1,-1,-1,-1,-1,-1,-1,-1,-1,-1
4,13,40,Sure. It sounds like you're feeling really stuck. Have you ever had thoughts of not wanting to be alive?,No. I'm not that person.,0,0,0,0,0,0,0,0,0,0,0,0,0,0,0,0,0,0,0,0,0,-1,-1,-1,-1,-1,-1,-1,-1,-1,-1,-1,-1,-1,-1,-1,-1,-1,-1,-1,-1,-1
4,13,41,"Okay, well just to say that it doesn't make you any kind of person for having those thoughts. Many of us can have them at times when life feels particularly tough or heavy, and that doesn't make us weak. But it sounds like you''ve not had any of those thoughts?",No. I'm just tired.,0,0,0,0,0,0,0,0,1,0,0,0,0,0,0,0,0,0,0,0,0,-1,-1,-1,-1,-1,-1,-1,-1,0,-1,-1,-1,-1,-1,-1,-1,-1,-1,-1,-1,-1
4,13,43,Okay. That's okay. Do you think you would feel able to share it if you did one day have thoughts to harm yourself or end your life?,No. I wouldn't. I'd rather just hide it.,0,0,0,0,0,0,0,0,0,0,0,0,0,0,0,0,0,0,0,0,0,-1,-1,-1,-1,-1,-1,-1,-1,-1,-1,-1,-1,-1,-1,-1,-1,-1,-1,-1,-1,-1
4,13,44,"Thanks for being honest. It isn't always easy to talk about. I want to assure you that having thoughts about hurting yourself or wanting to end your life does not make you a weak person. It's actually a very common response to feeling overwhelmed. You've mentioned a few times feeling stuck, feeling there's no way out, and feeling bad about yourself. That's why I was curious if you might have felt this. It doesn't make you any less strong if it is something you have experienced. Does that make sense? ",Yeah. I guess it does.,0,0,0,0,0,0,0,0,0,0,0,0,0,0,0,0,0,0,0,0,0,-1,-1,-1,-1,-1,-1,-1,-1,-1,-1,-1,-1,-1,-1,-1,-1,-1,-1,-1,-1,-1
4,13,45,"I'm glad that makes sense. With that in mind, would you say you have had any of those kinds of thoughts or wishes about wanting to die?",No. I'm not that person.,0,0,0,0,0,0,0,0,0,0,0,0,0,0,0,0,0,0,0,0,0,-1,-1,-1,-1,-1,-1,-1,-1,-1,-1,-1,-1,-1,-1,-1,-1,-1,-1,-1,-1,-1
4,13,46,Okay. That's okay. Thanks for being honest. That brings me to the end of my questions. Is there anything more I haven't asked that you think it would be important for me to know?,No. I don't know.,0,0,0,0,0,0,0,0,0,0,0,0,0,0,0,0,0,0,0,0,0,-1,-1,-1,-1,-1,-1,-1,-1,-1,-1,-1,-1,-1,-1,-1,-1,-1,-1,-1,-1,-1
11,24,1,"Hello, how are you? ","I’m doing okay, I guess. The fatigue is still there, but I can manage it for a few hours before I crash.",0,0,0,0,0,0,0,0,0,0,0,0,0,0,1,1,0,0,0,0,0,-1,-1,-1,-1,-1,-1,-1,-1,-1,-1,-1,-1,-1,-1,3,3,-1,-1,-1,-1,-1
11,24,2,"Aside from the fatigue, how have your mood and day to day activities been recently ","It’s been pretty quiet, which is good. I haven’t been getting as much done as I should, but I’m just trying to stay patient and wait for the energy to come back.",0,0,0,0,0,0,0,0,0,0,0,0,0,0,1,0,0,0,0,0,0,-1,-1,-1,-1,-1,-1,-1,-1,-1,-1,-1,-1,-1,-1,3,-1,-1,-1,-1,-1,-1
11,24,3,"How has your mood been? are there times that youve felt sad, discouraged, or less interested in things than usual? ","Sometimes I feel a bit down. I look at my friends who are moving forward with their careers, and I just feel stuck. It’s hard to explain, but I just feel like I’m missing out on something.",0,1,0,0,0,0,0,1,0,0,0,0,0,0,0,0,0,0,0,0,0,-1,2,-1,-1,-1,-1,-1,2,-1,-1,-1,-1,-1,-1,-1,-1,-1,-1,-1,-1,-1
11,24,4,"How often do you find yourself feeling that way? Do those thoughts make you feel disappointed in yourself, guilty, or like you've let yourself or others down?","It’s usually when I’m scrolling through social media or seeing posts about new jobs. I feel like I’m just stuck in this rut, and I don't know how to get out of it.",0,0,0,0,0,0,0,0,0,0,0,0,1,0,0,0,0,0,0,0,0,-1,-1,-1,-1,-1,-1,-1,-1,-1,-1,-1,-1,2,-1,-1,-1,-1,-1,-1,-1,-1
11,24,5,How much is this affecting your day to day life? ,"It’s pretty much all the time. Even when I’m at work, I’m thinking about what I’m missing out on. It’s like a constant background noise, making it hard to focus on anything else.",0,0,0,0,0,0,0,0,0,0,0,0,0,0,0,0,0,0,1,0,0,-1,-1,-1,-1,-1,-1,-1,-1,-1,-1,-1,-1,-1,-1,-1,-1,-1,-1,3,-1,-1
11,24,6,"Ah, so you're having trouble concentrating at work... are there anything that you do outside of work that brings you joy? ","Not really. I used to like reading, but I haven't picked up a book in months. I just feel like I’m running on empty, and I don’t know how to refill the tank.",0,0,0,1,0,0,0,0,0,0,0,1,0,0,0,0,0,0,0,0,0,-1,-1,-1,3,-1,-1,-1,-1,-1,-1,-1,3,-1,-1,-1,-1,-1,-1,-1,-1,-1
11,24,7,How have your appetite and sleep been recently? ,"They’ve been pretty off. I wake up in the middle of the night and can’t get back to sleep. And even when I eat, I’m just not satisfied.",0,0,0,0,0,0,0,0,0,0,0,0,0,0,0,0,0,1,0,1,0,-1,-1,-1,-1,-1,-1,-1,-1,-1,-1,-1,-1,-1,-1,-1,-1,-1,3,-1,3,-1
11,24,8,that must make you feel pretty tired! Do you feel irritable when this happens? ,"Yeah, I get a bit short with my parents. I know I shouldn't, but I just can't help it. I’m sorry.",0,0,0,0,0,0,0,0,0,0,1,0,0,0,0,0,1,0,0,0,0,-1,-1,-1,-1,-1,-1,-1,-1,-1,-1,2,-1,-1,-1,-1,-1,2,-1,-1,-1,-1
11,24,9,You don't have to apoligize to me! Thanks for sharing. How do you feel towards yourself? ,"I guess I just feel a bit... guilty. Like I’m letting everyone down. I know I shouldn't think that, but it’s hard to shake.",0,0,0,0,1,0,1,0,0,0,0,0,0,0,0,0,0,0,0,0,0,-1,-1,-1,-1,2,-1,2,-1,-1,-1,-1,-1,-1,-1,-1,-1,-1,-1,-1,-1,-1
11,24,10,What has caused you to feel like you're letting everyone down? ,"I don't know, maybe just the fact that I’m not moving forward. I feel like I’m just sitting there, waiting for the energy to come back, and I’m sorry for that.",0,0,1,0,0,0,0,0,0,0,0,0,0,0,0,0,0,0,0,0,0,-1,-1,1,-1,-1,-1,-1,-1,-1,-1,-1,-1,-1,-1,-1,-1,-1,-1,-1,-1,-1
11,24,11,"When you feel this way, how do you react? both emotionally and physically? ","I usually just sit on the couch, staring at the wall. I feel a bit numb, I guess. It’s hard to explain, but I just can’t move.",1,0,0,0,0,0,0,0,0,0,0,0,0,0,0,0,0,0,0,0,0,1,-1,-1,-1,-1,-1,-1,-1,-1,-1,-1,-1,-1,-1,-1,-1,-1,-1,-1,-1,-1
11,24,12,Do you typically cry? Or just feel numbness? both are normal ,"It’s mostly just the numbness. I don't really cry anymore, I think I just burned out the tears.",0,0,0,0,0,0,0,0,0,1,0,0,0,0,0,0,0,0,0,0,0,-1,-1,-1,-1,-1,-1,-1,-1,-1,0,-1,-1,-1,-1,-1,-1,-1,-1,-1,-1,-1
11,24,13,When you think about the future what comes up for you? ,I don’t really think about it. I just try to get through the day. I guess I’m scared of planning something and then being unable to do it.,0,0,0,0,0,0,0,0,0,0,0,0,0,0,0,0,0,0,0,0,0,-1,-1,-1,-1,-1,-1,-1,-1,-1,-1,-1,-1,-1,-1,-1,-1,-1,-1,-1,-1,-1
11,24,14,Why would you be unable to do it? ,"Because I’m tired. I know that sounds stupid, but I just can’t imagine being able to handle the pressure of making a choice right now.",0,0,0,0,0,0,0,0,0,0,0,0,1,0,0,0,0,0,0,0,0,-1,-1,-1,-1,-1,-1,-1,-1,-1,-1,-1,-1,3,-1,-1,-1,-1,-1,-1,-1,-1
11,24,15,Do you ever have thoughts of punishing yourself?,"Yeah, sometimes. I feel like I should be doing more, and I’m just sitting there, so I guess I’m mad at myself for being so weak.",0,0,0,0,0,1,0,0,0,0,0,0,0,0,0,0,0,0,0,0,0,-1,-1,-1,-1,-1,2,-1,-1,-1,-1,-1,-1,-1,-1,-1,-1,-1,-1,-1,-1,-1
11,24,16,I have to ask.. have you ever wished you were no longer here? ,"No, I don't think so. I love them. It’s just... I don't know how to fix this, and I feel like I’m letting them down.",0,0,0,0,0,0,0,0,1,0,0,0,0,0,0,0,0,0,0,0,0,-1,-1,-1,-1,-1,-1,-1,-1,0,-1,-1,-1,-1,-1,-1,-1,-1,-1,-1,-1,-1
11,24,17,Do you have a partner? ,"No, I don’t. I haven’t really been in a serious relationship in years. I don't think anyone would want to deal with me in this state.",0,0,0,0,0,0,0,0,0,0,0,0,0,1,0,0,0,0,0,0,0,-1,-1,-1,-1,-1,-1,-1,-1,-1,-1,-1,-1,-1,2,-1,-1,-1,-1,-1,-1,-1
11,24,18,"Thanks for sharing, I was asking because I was wondering if you have had less interest in sex than what is typical for you?","Yeah, I haven't really thought about it. I just know I don't have the energy for it, so I don't even try.",0,0,0,0,0,0,0,0,0,0,0,0,0,0,0,0,0,0,0,0,1,-1,-1,-1,-1,-1,-1,-1,-1,-1,-1,-1,-1,-1,-1,-1,-1,-1,-1,-1,-1,3
2,7,1,I would like to administer you the BDI-II test,"I don't know if it’s necessary, but if it helps me manage my stress, I’m willing to do it.",0,0,0,0,1,0,1,1,1,0,0,0,0,0,0,0,0,0,0,0,0,-1,-1,-1,-1,2,-1,2,2,2,-1,-1,-1,-1,-1,-1,-1,-1,-1,-1,-1,-1
2,7,2,whats happening in your life,"Just the usual work stress. I'm trying to get everything done, and sometimes I feel like I'm drowning in it.",0,0,0,0,0,0,0,1,0,0,0,0,1,1,0,0,0,0,0,1,0,-1,-1,-1,-1,-1,-1,-1,2,-1,-1,-1,-1,2,2,-1,-1,-1,-1,-1,2,-1
2,7,3,do you expect to much from yourself,"Yeah, definitely. I set high goals for myself, and when I don't hit them, I get pretty down on myself.",0,0,1,0,0,0,0,0,0,0,0,0,0,0,0,0,1,0,0,1,0,-1,-1,3,-1,-1,-1,-1,-1,-1,-1,-1,-1,-1,-1,-1,-1,3,-1,-1,3,-1
2,7,4,what does it mean,"It means I'm not good enough, I guess. It's silly, but it's just how my brain works.",0,0,0,0,1,0,1,0,0,0,0,0,0,0,0,0,0,0,0,0,0,-1,-1,-1,-1,3,-1,3,-1,-1,-1,-1,-1,-1,-1,-1,-1,-1,-1,-1,-1,-1
2,7,5,when this thought comes how do you feel,It makes me feel a bit defeated. I just tell myself I’ll do better tomorrow and move on.,1,0,0,0,0,0,0,0,0,0,0,0,0,0,0,0,0,0,0,0,0,3,-1,-1,-1,-1,-1,-1,-1,-1,-1,-1,-1,-1,-1,-1,-1,-1,-1,-1,-1,-1
2,7,6,but feelings?,I get a little sad and frustrated. It’s just annoying when I feel like I’m not doing well enough.,0,0,0,1,0,1,0,0,0,0,0,0,0,0,0,0,0,0,0,0,0,-1,-1,-1,3,-1,3,-1,-1,-1,-1,-1,-1,-1,-1,-1,-1,-1,-1,-1,-1,-1
2,7,7,do you cry or feel agitated,"I get a little snappy with the people around me. I hate that part. I'm working on being better about it, though.",0,0,0,0,0,0,0,0,0,1,1,0,0,0,0,0,0,0,0,0,0,-1,-1,-1,-1,-1,-1,-1,-1,-1,1,2,-1,-1,-1,-1,-1,-1,-1,-1,-1,-1
2,7,8,"so you feel like you can do your daily things, not loss your interest?","Yeah, I'm fine. Just a bit grumpy. I’ll get over it.",0,0,0,0,0,0,0,0,0,0,0,1,0,0,0,0,0,0,0,0,0,-1,-1,-1,-1,-1,-1,-1,-1,-1,-1,-1,1,-1,-1,-1,-1,-1,-1,-1,-1,-1
2,7,9,and do you feel energetic,"Yeah, I'm fine. Just a bit tired. I need to get some sleep tonight, probably.",0,0,0,0,0,0,0,0,0,0,0,0,0,0,1,0,0,0,0,0,0,-1,-1,-1,-1,-1,-1,-1,-1,-1,-1,-1,-1,-1,-1,1,-1,-1,-1,-1,-1,-1
2,7,10,do you have any changes in your sleeping pattern or appetite,"No, I sleep fine. I just get a little hungry sometimes, but I eat anyway.",0,0,0,0,0,0,0,0,0,0,0,0,0,0,0,1,0,1,0,0,0,-1,-1,-1,-1,-1,-1,-1,-1,-1,-1,-1,-1,-1,-1,-1,0,-1,1,-1,-1,-1
2,7,11,can you concentrate well? do you have interest in sex?,"I can focus. Yeah, I'm fine. It’s just work.",0,0,0,0,0,0,0,0,0,0,0,0,0,0,0,0,0,0,1,0,1,-1,-1,-1,-1,-1,-1,-1,-1,-1,-1,-1,-1,-1,-1,-1,-1,-1,-1,0,-1,1
2,7,12,do you feel pessimistic,"Not really. I just get down sometimes. I try to stay positive, though.",0,1,0,0,0,0,0,0,0,0,0,0,0,0,0,0,0,0,0,0,0,-1,1,-1,-1,-1,-1,-1,-1,-1,-1,-1,-1,-1,-1,-1,-1,-1,-1,-1,-1,-1
15,8,1,Hi! Let's start with the first question; How are you feeling? Do you expierence feelings of sadness?,Yeah. It hits me sometimes. I miss my sister. It feels like a hole in my chest.,1,0,0,0,0,0,0,0,0,0,0,0,0,0,0,0,0,0,0,0,0,3,-1,-1,-1,-1,-1,-1,-1,-1,-1,-1,-1,-1,-1,-1,-1,-1,-1,-1,-1,-1
15,8,2,That must be really hard on you.. I am so sorry. Do you still experience pleasure in things you do? Or did you lose interest a bit?,I guess I just go through the motions. I look at a photo of us together and it feels like a punch.,1,0,0,0,0,0,0,0,0,0,0,0,0,0,0,0,0,0,0,0,0,3,-1,-1,-1,-1,-1,-1,-1,-1,-1,-1,-1,-1,-1,-1,-1,-1,-1,-1,-1,-1
15,8,3,So what i hear is you feel intensely sad. Do you still do things you like?,"Not really. I just sit there. It is easier than trying to get out of bed, I guess.",0,0,0,1,0,0,0,0,0,0,0,1,0,0,0,0,0,0,0,0,0,-1,-1,-1,3,-1,-1,-1,-1,-1,-1,-1,3,-1,-1,-1,-1,-1,-1,-1,-1,-1
15,8,4,I understand.. Do you also experience crying often?,"Sometimes. It happens in the middle of the night, usually. I just lie there and cry for a bit.",0,0,0,0,0,0,0,0,0,1,0,0,0,0,0,0,0,0,0,0,0,-1,-1,-1,-1,-1,-1,-1,-1,-1,3,-1,-1,-1,-1,-1,-1,-1,-1,-1,-1,-1
15,8,5,So also changes in sleeping pattern? And therefore tiredness maybe?,"Yeah. I sleep okay, I guess. But I wake up tired. It is like my body is heavier than my mind.",0,0,0,0,0,0,0,0,0,0,0,0,0,0,0,1,0,0,0,1,0,-1,-1,-1,-1,-1,-1,-1,-1,-1,-1,-1,-1,-1,-1,-1,1,-1,-1,-1,3,-1
15,8,6,That sounds rough.. Has anything else changed? Like your appetite?,"I lost my taste for food. I just eat because I have to, I guess.",0,0,0,1,0,0,0,0,0,0,0,0,0,0,0,0,0,1,0,0,0,-1,-1,-1,3,-1,-1,-1,-1,-1,-1,-1,-1,-1,-1,-1,-1,-1,2,-1,-1,-1
15,8,7,Have you experienced any feelings of guilt or punishment feelings?,Yeah. I blame myself for her death. I should have been there for her.,0,0,1,0,1,1,0,0,0,0,0,0,0,0,0,0,0,0,0,0,0,-1,-1,2,-1,3,2,-1,-1,-1,-1,-1,-1,-1,-1,-1,-1,-1,-1,-1,-1,-1
15,8,8,Its really rough that you think that way. Are these thoughts combined with feelings of not liking yourself and being critical of yourself?,Yeah. I think I am just really bad at being a person right now. I don't know how to fix it.,0,1,0,0,0,0,1,1,0,0,0,0,0,0,0,0,0,0,0,0,0,-1,2,-1,-1,-1,-1,3,3,-1,-1,-1,-1,-1,-1,-1,-1,-1,-1,-1,-1,-1
15,8,9,"I am sorry to hear that. If i understand correctly, you are also experiencing feelings of worthlessness?",Yeah. I feel like I don't deserve to be here. I guess I just feel empty all the time.,0,0,0,0,1,0,1,1,0,0,0,0,0,1,0,0,0,0,0,0,0,-1,-1,-1,-1,3,-1,3,3,-1,-1,-1,-1,-1,3,-1,-1,-1,-1,-1,-1,-1
15,8,10,"A bit of a heavy question, but do these thoughts come combined with suicidal thougts or wishes?",Sometimes. It feels like there is nothing to hold onto.,0,1,0,0,0,0,0,0,1,0,0,0,0,0,0,0,0,0,0,0,0,-1,3,-1,-1,-1,-1,-1,-1,2,-1,-1,-1,-1,-1,-1,-1,-1,-1,-1,-1,-1
15,8,11,"That must feel really lonely.. And if i understand correctly, you also experience loss of energy right?",Yeah. I just get tired of everything. It feels like I am running on empty all the time.,0,0,0,0,0,0,0,0,0,0,0,0,0,0,1,0,0,0,0,0,0,-1,-1,-1,-1,-1,-1,-1,-1,-1,-1,-1,-1,-1,-1,3,-1,-1,-1,-1,-1,-1
15,8,12,Have you also lost interest in things like sex?,Yeah. I just can't really care about it right now.,0,0,0,0,0,0,0,0,0,0,0,0,0,0,0,0,0,0,0,0,1,-1,-1,-1,-1,-1,-1,-1,-1,-1,-1,-1,-1,-1,-1,-1,-1,-1,-1,-1,-1,3
15,8,13,"Combined with these feelings, do you experience agitation or irritability?",Sometimes. I snap at people. I guess I am just short on patience.,0,0,0,0,0,0,0,0,0,0,1,0,0,0,0,0,1,0,0,0,0,-1,-1,-1,-1,-1,-1,-1,-1,-1,-1,2,-1,-1,-1,-1,-1,2,-1,-1,-1,-1
15,8,14,And do you expierence concentration difficulty and indecisiveneness?,Yeah. I can't focus. I read a sentence and forget it.,0,0,0,0,0,0,0,0,0,0,0,0,1,0,0,0,0,0,1,0,0,-1,-1,-1,-1,-1,-1,-1,-1,-1,-1,-1,-1,1,-1,-1,-1,-1,-1,3,-1,-1
19,1,1,How have you been feeling emotionally lately,"A bit deflated, I suppose. I look at my to-do list and just feel like I’m not moving anywhere. I try to push the thought away, though. No use dwelling on it.",1,0,0,0,0,0,0,0,0,0,0,0,0,0,0,0,0,0,0,0,0,3,-1,-1,-1,-1,-1,-1,-1,-1,-1,-1,-1,-1,-1,-1,-1,-1,-1,-1,-1,-1
19,1,2,How do you see your future?,"Honestly? I don't know. I'm good at my job, but I feel like I’m just going through the motions. I keep thinking I should be doing something more meaningful, but I don't know what that is.",0,1,0,0,0,0,0,0,0,0,0,0,0,0,0,0,0,0,0,0,0,-1,1,-1,-1,-1,-1,-1,-1,-1,-1,-1,-1,-1,-1,-1,-1,-1,-1,-1,-1,-1
19,1,3,Do you often feel like youve  failed in life,"Not really. I’m just tired, I think. I catch myself thinking, “I should be more than this,” but then I just shake it off and focus on getting the day done.",0,0,1,0,0,0,0,0,0,0,0,0,0,0,0,0,0,0,0,0,0,-1,-1,1,-1,-1,-1,-1,-1,-1,-1,-1,-1,-1,-1,-1,-1,-1,-1,-1,-1,-1
19,1,4,Do you get any pleasure from hobbies or spending time with others,"Yes, definitely. Cooking for my friends on the weekends is my favorite part of the week. I can just be myself and forget about everything else.",0,0,0,1,0,0,0,0,0,0,0,0,0,0,0,0,0,0,0,0,0,-1,-1,-1,3,-1,-1,-1,-1,-1,-1,-1,-1,-1,-1,-1,-1,-1,-1,-1,-1,-1
19,1,5,Do you feel like you've let others down?,"Not really. They don't know how I feel, so I just keep it to myself. I don't want to be a downer.",0,0,0,0,1,0,0,0,0,0,0,0,0,0,0,0,0,0,0,0,0,-1,-1,-1,-1,2,-1,-1,-1,-1,-1,-1,-1,-1,-1,-1,-1,-1,-1,-1,-1,-1
19,1,6,Do you feel like you're being punished or something,"No, that's dramatic. I just feel stuck. I know I’m lucky, so I try to stay positive.",0,0,0,0,0,1,0,0,0,0,0,0,0,0,0,0,0,0,0,0,0,-1,-1,-1,-1,-1,2,-1,-1,-1,-1,-1,-1,-1,-1,-1,-1,-1,-1,-1,-1,-1
19,1,7,Would you say you dislike yourself,"No. I just feel a bit... flat. I know I’m capable of more, but I don't know what that is, so I just get on with it.",0,0,0,0,0,0,1,0,0,0,0,0,0,0,0,0,0,0,0,0,0,-1,-1,-1,-1,-1,-1,0,-1,-1,-1,-1,-1,-1,-1,-1,-1,-1,-1,-1,-1,-1
19,1,8,Do you feel like you're not good enough,I don't like to think about that. I try to focus on the good stuff.,0,0,0,0,0,0,0,1,0,0,0,0,0,0,0,0,0,0,0,0,0,-1,-1,-1,-1,-1,-1,-1,0,-1,-1,-1,-1,-1,-1,-1,-1,-1,-1,-1,-1,-1
19,1,9,Have you ever attempted suicide in the past,"No. I have my moments, but I’m not stupid. I know how bad it would be. I just try to stay busy and not think about it.",0,0,0,0,0,0,0,0,1,0,0,0,0,0,0,0,0,0,0,0,0,-1,-1,-1,-1,-1,-1,-1,-1,0,-1,-1,-1,-1,-1,-1,-1,-1,-1,-1,-1,-1
19,1,10,Do you  feel emotionally fragile?,"I get tired quickly, that’s all. I just need a nap or something.",0,0,0,0,0,0,0,0,0,1,0,0,0,0,0,0,0,0,0,1,0,-1,-1,-1,-1,-1,-1,-1,-1,-1,0,-1,-1,-1,-1,-1,-1,-1,-1,-1,3,-1
19,1,11,Do you feel irritable or tense,"Sometimes. If I’m stuck in traffic or someone is being annoying, I get this tightness in my chest. But I just take a deep breath and keep going.",0,0,0,0,0,0,0,0,0,0,1,0,0,0,0,0,0,0,0,0,0,-1,-1,-1,-1,-1,-1,-1,-1,-1,-1,2,-1,-1,-1,-1,-1,-1,-1,-1,-1,-1
19,1,12,Do you feel disconnected from others,"Sometimes. I look around and think, ""I don't really belong here."" But I just shake it off and make a joke.",0,0,0,0,0,0,0,0,0,0,0,1,0,0,0,0,0,0,0,0,0,-1,-1,-1,-1,-1,-1,-1,-1,-1,-1,-1,0,-1,-1,-1,-1,-1,-1,-1,-1,-1
19,1,13,Does indecision interfere with your daily life,"It makes me slow down. I'll decide to make a recipe, then change my mind five times. It’s frustrating, but I just laugh at myself.",0,0,0,0,0,0,0,0,0,0,0,0,1,0,0,0,0,0,0,0,0,-1,-1,-1,-1,-1,-1,-1,-1,-1,-1,-1,-1,3,-1,-1,-1,-1,-1,-1,-1,-1
19,1,14,Do you feel lika you don't matter to anyone,"No. That’s just my pessimistic side. I know I matter to my friends and family, even if I don’t feel like I’m doing anything important.",0,0,0,0,0,0,0,0,0,0,0,0,0,1,0,0,0,0,0,0,0,-1,-1,-1,-1,-1,-1,-1,-1,-1,-1,-1,-1,-1,2,-1,-1,-1,-1,-1,-1,-1
19,1,15,Have you had less energy than usual,"Yeah, I get tired really quickly. I'll plan something fun, then just want to curl up and sleep.",0,0,0,0,0,0,0,0,0,0,0,0,0,0,1,0,0,0,0,0,0,-1,-1,-1,-1,-1,-1,-1,-1,-1,-1,-1,-1,-1,-1,3,-1,-1,-1,-1,-1,-1
19,1,16,How have you been sleeping,"Okay, I guess. I wake up in the middle of the night sometimes, but I just roll over and go back to sleep.",0,0,0,0,0,0,0,0,0,0,0,0,0,0,0,1,0,0,0,0,0,-1,-1,-1,-1,-1,-1,-1,-1,-1,-1,-1,-1,-1,-1,-1,2,-1,-1,-1,-1,-1
19,1,17,Do you feel angry or frustrated often,"A little. When I get stuck in traffic, I get this tight feeling in my chest. But I just turn up the radio and try to relax.",0,0,0,0,0,0,0,0,0,0,0,0,0,0,0,0,1,0,0,0,0,-1,-1,-1,-1,-1,-1,-1,-1,-1,-1,-1,-1,-1,-1,-1,-1,3,-1,-1,-1,-1
19,1,18,Do you have to force yourself to eat?,"Sometimes. I'll look at a recipe and think, ""No way,"" then just grab something easy.",0,0,0,0,0,0,0,0,0,0,0,0,0,0,0,0,0,1,0,0,0,-1,-1,-1,-1,-1,-1,-1,-1,-1,-1,-1,-1,-1,-1,-1,-1,-1,3,-1,-1,-1
19,1,19,Have you had trouble focusing or paying attention ,"Sometimes. I'll be working on a project and just lose my train of thought. I’ll stare at the paper for a minute, then get back to it.",0,0,0,0,0,0,0,0,0,0,0,0,0,0,0,0,0,0,1,0,0,-1,-1,-1,-1,-1,-1,-1,-1,-1,-1,-1,-1,-1,-1,-1,-1,-1,-1,3,-1,-1
19,1,20,Do you feel physically worn out?,"I get these aches in my arms and shoulders. I think it’s just from typing all day, but it’s been going on for weeks.",0,0,0,0,0,0,0,0,0,0,0,0,0,0,0,0,0,0,0,1,0,-1,-1,-1,-1,-1,-1,-1,-1,-1,-1,-1,-1,-1,-1,-1,-1,-1,-1,-1,3,-1
19,1,21,Do you feel less connected to your partner in that way,"No. We have our ups and downs, but we love each other. I just feel a bit... disconnected from everyone, I suppose.",0,0,0,0,0,0,0,0,0,0,0,0,0,0,0,0,0,0,0,0,1,-1,-1,-1,-1,-1,-1,-1,-1,-1,-1,-1,-1,-1,-1,-1,-1,-1,-1,-1,-1,2
17,23,1,hello ,"Hi. Just got in from work, feeling a bit tired but I'm sure I'll warm up.",0,0,0,0,0,0,0,0,0,0,0,0,0,0,1,0,0,0,0,0,0,-1,-1,-1,-1,-1,-1,-1,-1,-1,-1,-1,-1,-1,-1,1,-1,-1,-1,-1,-1,-1
17,23,2,"Yes, let's see how you go. No pressure","Thanks, I don't want to make a big fuss over nothing.",0,0,0,0,1,0,0,1,0,0,0,0,0,0,1,0,0,0,0,0,0,-1,-1,-1,-1,0,-1,-1,0,-1,-1,-1,-1,-1,-1,0,-1,-1,-1,-1,-1,-1
17,23,3,over nothing?,Just small stuff. I don't want to bother the household with my grumpiness.,0,0,0,0,1,0,0,1,0,0,0,0,0,0,0,0,0,0,0,0,0,-1,-1,-1,-1,1,-1,-1,2,-1,-1,-1,-1,-1,-1,-1,-1,-1,-1,-1,-1,-1
17,23,4,you're feeling grumpy today?,"Just a bit annoyed. The noise in the flat is driving me mad, but I'll manage.",0,0,0,1,0,0,0,0,0,0,1,0,0,0,0,0,1,0,1,0,0,-1,-1,-1,1,-1,-1,-1,-1,-1,-1,2,-1,-1,-1,-1,-1,2,-1,1,-1,-1
17,23,5,sounds like you are steeling yourself for a difficult session,"Maybe a bit. I don't want to let it ruin the evening, so I'm trying to just put it out of my head.",0,1,0,0,0,0,0,0,0,0,0,0,0,0,0,0,0,0,0,0,0,-1,1,-1,-1,-1,-1,-1,-1,-1,-1,-1,-1,-1,-1,-1,-1,-1,-1,-1,-1,-1
17,23,6,do you often try and ignore difficult things?,"Yeah, usually. I figure it’s easier to just let it pass than make a scene.",1,0,1,0,0,0,1,0,0,0,0,0,0,0,0,0,0,0,0,1,0,2,-1,1,-1,-1,-1,1,-1,-1,-1,-1,-1,-1,-1,-1,-1,-1,-1,-1,1,-1
17,23,7,what worries you about making a scene?,Just that everyone will get annoyed. I don't want to be that person in the flat.,0,1,0,0,0,1,0,0,0,0,0,1,0,0,0,0,0,0,0,0,0,-1,0,-1,-1,-1,1,-1,-1,-1,-1,-1,1,-1,-1,-1,-1,-1,-1,-1,-1,-1
17,23,8,what happens for you when you think people are annoyed at you,"I get a bit defensive, to be honest. I don't like the feeling of being the problem.",0,0,0,0,1,0,0,0,0,0,0,0,0,1,0,0,0,0,0,0,0,-1,-1,-1,-1,1,-1,-1,-1,-1,-1,-1,-1,-1,1,-1,-1,-1,-1,-1,-1,-1
17,23,9,have you always felt like that?,"Not always. I used to be able to let things slide, but I think I’m just getting older and more sensitive.",0,0,0,0,0,0,0,0,0,0,0,0,0,0,0,0,0,0,0,0,0,-1,-1,-1,-1,-1,-1,-1,-1,-1,-1,-1,-1,-1,-1,-1,-1,-1,-1,-1,-1,-1
17,23,10,that happens as we build up baggage and troubles. ,"Yeah, probably. I guess I just need to learn to let things go better.",0,0,0,0,0,0,0,1,0,0,0,0,0,0,0,0,0,0,0,0,0,-1,-1,-1,-1,-1,-1,-1,2,-1,-1,-1,-1,-1,-1,-1,-1,-1,-1,-1,-1,-1
17,23,11,have you had any trouble sleeping?,"Not really. I just wake up tired, I think from the noise.",0,0,0,0,0,0,0,0,0,0,0,0,0,0,0,1,0,0,0,1,0,-1,-1,-1,-1,-1,-1,-1,-1,-1,-1,-1,-1,-1,-1,-1,1,-1,-1,-1,2,-1
17,23,12,that sounds hard. have you experienced any changes in appetite?,"Not really. I still eat plenty, just a bit less enthusiastic about cooking.",0,0,0,1,0,0,0,0,0,0,0,0,0,0,0,0,0,1,0,0,0,-1,-1,-1,2,-1,-1,-1,-1,-1,-1,-1,-1,-1,-1,-1,-1,-1,1,-1,-1,-1
17,23,13,how is your libido?,It’s fine. I think I’m just having a dry spell or something. I don't think it’s anything serious.,0,0,0,0,0,0,0,0,0,0,0,0,0,0,0,0,0,0,0,0,1,-1,-1,-1,-1,-1,-1,-1,-1,-1,-1,-1,-1,-1,-1,-1,-1,-1,-1,-1,-1,1
17,23,14,that's good to hear. have you had any suicidal thoughts or ideation?,"No, not really. I just get annoyed and feel a bit trapped. It passes pretty quickly.",0,0,0,0,0,0,0,0,1,0,0,0,0,0,0,0,0,0,0,0,0,-1,-1,-1,-1,-1,-1,-1,-1,0,-1,-1,-1,-1,-1,-1,-1,-1,-1,-1,-1,-1
17,23,15,Ok. Are you able to express emotion through crying?,I don’t really cry. I just get annoyed and sit in silence.,0,0,0,0,0,0,0,0,0,1,0,0,0,0,0,0,0,0,0,0,0,-1,-1,-1,-1,-1,-1,-1,-1,-1,0,-1,-1,-1,-1,-1,-1,-1,-1,-1,-1,-1
17,23,16,Thank you for sharing your process. Do you feel able to make decisions or do you get stuck?,I get stuck sometimes. I need to remind myself to just get on with it.,0,0,0,0,0,0,0,0,0,0,0,0,1,0,0,0,0,0,0,0,0,-1,-1,-1,-1,-1,-1,-1,-1,-1,-1,-1,-1,1,-1,-1,-1,-1,-1,-1,-1,-1
8,22,1,Hi there,"Hi. Not great, to be honest. Just a bit tired and over it.",1,0,0,0,0,0,0,0,0,0,0,0,0,0,0,0,0,0,0,1,0,1,-1,-1,-1,-1,-1,-1,-1,-1,-1,-1,-1,-1,-1,-1,-1,-1,-1,-1,1,-1
8,22,2,That doesn't sound great,"No, it’s not. I’m just stuck in a bit of a rut. Work is fine, but I’m just tired of everything feeling so flat.",0,0,0,0,0,0,0,0,0,0,0,0,0,0,0,0,0,0,0,0,0,-1,-1,-1,-1,-1,-1,-1,-1,-1,-1,-1,-1,-1,-1,-1,-1,-1,-1,-1,-1,-1
8,22,3,Tell me more about that,"Just little things, like forgetting what I needed at the shop. Nothing big, just annoying.",0,0,0,0,0,0,0,0,0,0,0,0,0,0,0,0,1,0,0,0,0,-1,-1,-1,-1,-1,-1,-1,-1,-1,-1,-1,-1,-1,-1,-1,-1,1,-1,-1,-1,-1
8,22,4,tell me about the rut,"Just a lack of energy, I guess. I don't know, I just feel like I'm going through the motions and not really enjoying anything.",0,0,0,1,0,0,0,0,0,0,0,1,0,0,1,0,0,0,0,0,0,-1,-1,-1,2,-1,-1,-1,-1,-1,-1,-1,2,-1,-1,2,-1,-1,-1,-1,-1,-1
8,22,5,not enjoying anything at all? ,"Not really. I used to look forward to the weekend, but now I just look forward to going to bed.",0,0,0,0,0,0,0,0,0,0,0,0,0,0,0,0,0,0,0,0,0,-1,-1,-1,-1,-1,-1,-1,-1,-1,-1,-1,-1,-1,-1,-1,-1,-1,-1,-1,-1,-1
8,22,6,is it affecting your relationship?,"Not really. My partner is understanding, but I think I'm just being a bit of a downer right now.",0,0,0,0,0,0,0,0,0,0,0,0,0,0,0,0,0,0,0,0,0,-1,-1,-1,-1,-1,-1,-1,-1,-1,-1,-1,-1,-1,-1,-1,-1,-1,-1,-1,-1,-1
8,22,7,Thats nice to hear. I imagine your intimacy is probably impacted?,"Yeah, a bit. I'm just not really in the mood for it. I know it’s not ideal, but I just need to get my energy back up.",0,0,0,0,0,0,0,0,0,0,0,0,0,0,0,0,0,0,0,0,1,-1,-1,-1,-1,-1,-1,-1,-1,-1,-1,-1,-1,-1,-1,-1,-1,-1,-1,-1,-1,3
8,22,8,yeah i hear ya. Is it maybe related to your sleep?,Definitely. I've been having some trouble falling asleep. I wake up a few times and then just lie there.,0,0,0,0,0,0,0,0,0,0,0,0,0,0,0,1,0,0,0,0,0,-1,-1,-1,-1,-1,-1,-1,-1,-1,-1,-1,-1,-1,-1,-1,2,-1,-1,-1,-1,-1
8,22,9,sounds annoying,It is. I just need to sort it out. I’m sure I’ll get back on track once I get some rest.,0,0,0,0,0,0,0,0,0,0,0,0,0,0,0,0,0,0,0,0,0,-1,-1,-1,-1,-1,-1,-1,-1,-1,-1,-1,-1,-1,-1,-1,-1,-1,-1,-1,-1,-1
8,22,10,how about your appetite?,"It's off. I'm just eating because I have to, rather than enjoying it.",0,0,0,0,0,0,0,0,0,0,0,0,0,0,0,0,0,1,0,0,0,-1,-1,-1,-1,-1,-1,-1,-1,-1,-1,-1,-1,-1,-1,-1,-1,-1,2,-1,-1,-1
8,22,11,Is it affecting other areas of life?,"Work is fine, but I'm just going through the motions. I don't have the energy to do much else outside of work.",0,0,0,0,0,0,0,0,0,0,0,0,0,0,0,0,0,0,0,0,0,-1,-1,-1,-1,-1,-1,-1,-1,-1,-1,-1,-1,-1,-1,-1,-1,-1,-1,-1,-1,-1
8,22,12,When did this first start,"I think it started a few months ago. I just got busy with work and lost my balance, I guess.",0,0,0,0,0,0,0,0,0,0,0,0,0,0,0,0,0,0,0,0,0,-1,-1,-1,-1,-1,-1,-1,-1,-1,-1,-1,-1,-1,-1,-1,-1,-1,-1,-1,-1,-1
8,22,13,could anything else have happened?,"I don't know, maybe just general burnout. I've been working a lot of late nights and just need to recharge.",0,0,0,0,0,0,0,0,0,0,0,0,0,0,0,0,0,0,0,0,0,-1,-1,-1,-1,-1,-1,-1,-1,-1,-1,-1,-1,-1,-1,-1,-1,-1,-1,-1,-1,-1
8,22,14,Hmm do you think working late nights is a mistake?,"Yeah, probably. I know I shouldn't be working that late, but I get behind and then I'm stuck.",0,0,0,0,0,0,0,0,0,0,0,0,0,0,0,0,0,0,0,0,0,-1,-1,-1,-1,-1,-1,-1,-1,-1,-1,-1,-1,-1,-1,-1,-1,-1,-1,-1,-1,-1
8,22,15,yeah that sucks,"It does. I know I need to find a better balance. I just need to get back to normal, I guess.",0,0,0,0,0,0,0,0,0,0,0,0,0,0,0,0,0,0,0,0,0,-1,-1,-1,-1,-1,-1,-1,-1,-1,-1,-1,-1,-1,-1,-1,-1,-1,-1,-1,-1,-1
8,22,16,How do you feel about the future?,"I think I just need to get through the next few weeks. Once I get my energy back, I'll be fine.",0,0,0,0,0,0,0,0,0,0,0,0,0,0,0,0,0,0,0,0,0,-1,-1,-1,-1,-1,-1,-1,-1,-1,-1,-1,-1,-1,-1,-1,-1,-1,-1,-1,-1,-1
8,22,17,Do you feel you will get through?,"Yeah, I think so. I just need to focus on getting my sleep back on track and then I'll be good.",0,1,0,0,0,0,0,0,0,0,0,0,0,0,0,0,0,0,0,0,0,-1,0,-1,-1,-1,-1,-1,-1,-1,-1,-1,-1,-1,-1,-1,-1,-1,-1,-1,-1,-1
8,22,18,Do you have any trouble concentrating?,"A bit. I read a book, but I just can’t get into it. It feels like I’m just going through the motions.",0,0,0,0,0,0,0,0,0,0,0,0,0,0,0,0,0,0,1,0,0,-1,-1,-1,-1,-1,-1,-1,-1,-1,-1,-1,-1,-1,-1,-1,-1,-1,-1,1,-1,-1
8,22,19,Do you ever feel like you get really down on yourself?,"Yeah, I do. I get frustrated with myself for not being able to switch it off.",0,0,0,0,0,0,0,1,0,0,1,0,0,0,0,0,0,0,0,0,0,-1,-1,-1,-1,-1,-1,-1,1,-1,-1,1,-1,-1,-1,-1,-1,-1,-1,-1,-1,-1
8,22,20,What do you mean by switching it off?,Just being able to relax and not think about work.,0,0,0,0,0,0,0,0,0,0,0,0,0,0,0,0,0,0,0,0,0,-1,-1,-1,-1,-1,-1,-1,-1,-1,-1,-1,-1,-1,-1,-1,-1,-1,-1,-1,-1,-1
8,22,21,So you struggle to relax?,"Yeah, I do. I just lie there and my mind won't stop.",0,0,0,0,0,0,0,0,0,0,0,0,0,0,0,0,0,0,0,0,0,-1,-1,-1,-1,-1,-1,-1,-1,-1,-1,-1,-1,-1,-1,-1,-1,-1,-1,-1,-1,-1
8,22,22,What keeps your mind going?,Just work stuff. I guess I need to find a way to switch off properly.,0,0,0,0,0,0,0,0,0,0,0,0,0,0,0,0,0,0,0,0,0,-1,-1,-1,-1,-1,-1,-1,-1,-1,-1,-1,-1,-1,-1,-1,-1,-1,-1,-1,-1,-1
8,22,23,Do you ever wonder if you've made the right decisions?,A bit. I think about choices I made and wonder if I did the right thing.,0,0,1,0,0,0,0,0,0,0,0,0,0,0,0,0,0,0,0,0,0,-1,-1,1,-1,-1,-1,-1,-1,-1,-1,-1,-1,-1,-1,-1,-1,-1,-1,-1,-1,-1
8,22,24,"And when you wonder about that, do you ever feel guilty?",A little. I think I just need to learn to forgive myself and move on.,0,0,0,0,1,0,0,0,0,0,0,0,0,0,0,0,0,0,0,0,0,-1,-1,-1,-1,1,-1,-1,-1,-1,-1,-1,-1,-1,-1,-1,-1,-1,-1,-1,-1,-1
8,22,25,Do you ever question yourself? ,"A bit. I think about whether I’m doing things right, or if I should be doing something else.",0,0,0,0,0,0,0,0,0,0,0,0,0,0,0,0,0,0,0,0,0,-1,-1,-1,-1,-1,-1,-1,-1,-1,-1,-1,-1,-1,-1,-1,-1,-1,-1,-1,-1,-1
8,22,26,Does that make it hard to make decisions?,"Yeah, it does. I overthink things and then I just get stuck.",0,0,0,0,0,0,0,0,0,0,0,0,1,0,0,0,0,0,0,0,0,-1,-1,-1,-1,-1,-1,-1,-1,-1,-1,-1,-1,2,-1,-1,-1,-1,-1,-1,-1,-1
8,22,27,How does that make you feel?,Frustrated. I just want to be able to make a choice and move on with it.,0,0,0,0,0,0,0,0,0,0,0,0,0,0,0,0,0,0,0,0,0,-1,-1,-1,-1,-1,-1,-1,-1,-1,-1,-1,-1,-1,-1,-1,-1,-1,-1,-1,-1,-1
8,22,28,Do you regret things you've done?,"A little. I wish I could go back and change some things, but I know I can’t.",0,0,0,0,0,0,0,0,0,0,0,0,0,0,0,0,0,0,0,0,0,-1,-1,-1,-1,-1,-1,-1,-1,-1,-1,-1,-1,-1,-1,-1,-1,-1,-1,-1,-1,-1
8,22,29,"And when you get frustrated, who do you think you're getting frustrated at?","Myself, mostly. I just get annoyed at how I'm doing things and wish I was doing better.",0,0,0,0,0,1,1,0,0,0,0,0,0,0,0,0,0,0,0,0,0,-1,-1,-1,-1,-1,1,1,-1,-1,-1,-1,-1,-1,-1,-1,-1,-1,-1,-1,-1,-1
8,22,30,Yeah you and me both. Do you feel like your confidence and self worth have taken a hit?,"Yeah, definitely. I just need to get my head back on straight and remember I'm capable of handling it.",0,0,0,0,0,0,0,0,0,0,0,0,0,1,0,0,0,0,0,0,0,-1,-1,-1,-1,-1,-1,-1,-1,-1,-1,-1,-1,-1,1,-1,-1,-1,-1,-1,-1,-1
8,22,31,Now do you get emotional at all?,"Sometimes. I get a bit teary. It’s just stress, I guess.",0,0,0,0,0,0,0,0,0,0,0,0,0,0,0,0,0,0,0,0,0,-1,-1,-1,-1,-1,-1,-1,-1,-1,-1,-1,-1,-1,-1,-1,-1,-1,-1,-1,-1,-1
8,22,32,how often do you get teary?,Not often. Just the odd time.,0,0,0,0,0,0,0,0,0,0,0,0,0,0,0,0,0,0,0,0,0,-1,-1,-1,-1,-1,-1,-1,-1,-1,-1,-1,-1,-1,-1,-1,-1,-1,-1,-1,-1,-1
8,22,33,few times a day? a week?,"A week, I suppose. Maybe a few times.",0,0,0,0,0,0,0,0,0,1,0,0,0,0,0,0,0,0,0,0,0,-1,-1,-1,-1,-1,-1,-1,-1,-1,1,-1,-1,-1,-1,-1,-1,-1,-1,-1,-1,-1
8,22,34,"Sounds like you've been feeling pretty low. Have you ever had thoughts of maybe harming yourself, or suicide?","No, I don't think that seriously. I just need to get my head back on track and remember I’m okay.",0,0,0,0,0,0,0,0,1,0,0,0,0,0,0,0,0,0,0,0,0,-1,-1,-1,-1,-1,-1,-1,-1,0,-1,-1,-1,-1,-1,-1,-1,-1,-1,-1,-1,-1
0,50,1,Hi there! How are you? It's lovely to meet you. I'm L,"I’m a bit frazzled, to be honest. I haven’t slept well in weeks, and I’m running on empty. I guess I just need to get on top of things.",0,0,0,0,0,0,0,0,0,0,0,0,0,0,1,1,0,0,0,1,0,-1,-1,-1,-1,-1,-1,-1,-1,-1,-1,-1,-1,-1,-1,2,2,-1,-1,-1,2,-1
0,50,2,"I see... Tell me a little more so I can understand you better. What do you mean by 'getting on top of things'? What do you need to catch up on? And when you say you're feeling 'a bit frazzled', what do you mean by that?","I just feel like I’m failing at everything. Work is heavy, and the house is a mess. I’m probably just overthinking it. As for the fatigue, I just get... heavy, I guess. I'm sure it's just stress.",0,1,0,0,0,0,0,1,0,0,0,0,0,0,1,0,0,0,0,1,0,-1,2,-1,-1,-1,-1,-1,2,-1,-1,-1,-1,-1,-1,2,-1,-1,-1,-1,2,-1
0,50,3,"I understand. I don't think you're overthinking it... If that's how you feel, your feelings are valid. It sounds like you're carrying a lot of responsibility. Tell me: how are you feeling personally? Apart from the thinks you do or the things you're not able to get done right now.","I’m just... sad, I suppose. I used to be able to handle everything, but lately, I feel like I’m just failing at the basics. Maybe I’m just not good at this anymore.",1,0,0,0,0,0,0,1,0,0,0,0,0,1,0,0,0,0,0,0,0,2,-1,-1,-1,-1,-1,-1,3,-1,-1,-1,-1,-1,2,-1,-1,-1,-1,-1,-1,-1
0,50,4,I'm sorry to hear that. When you say you're 'not good at this anymore'... what do you mean by that?,"I don't know how to explain it. I feel like I'm not doing anything well. I'm failing as a wife, a mother, and an employee. Maybe I'm just not cut out for this.",0,0,0,0,0,1,1,0,0,0,0,0,0,1,0,0,0,0,0,0,0,-1,-1,-1,-1,-1,2,3,-1,-1,-1,-1,-1,-1,3,-1,-1,-1,-1,-1,-1,-1
0,50,5,"I think that when we’re carrying a lot and going through a difficult time, whether we call it stress or something else, it’s normal to feel like we can’t keep up with everything. And sometimes, we can make mistakes. You’re explaining yourself perfectly.

There’s something you’ve said that concerns me… when you tell me that you’re 'not cut out for this'… have you ever thought that the world is too unbearable a place to live in?","I don't know... maybe. It sounds silly when I say it out loud, but I feel like I’m just not strong enough to handle everything. I guess I just need to find a way to balance it all.",0,0,0,0,0,0,0,0,0,0,0,0,0,0,0,0,0,0,0,0,0,-1,-1,-1,-1,-1,-1,-1,-1,-1,-1,-1,-1,-1,-1,-1,-1,-1,-1,-1,-1,-1
0,50,6,"I understand. I want to make this clear, because this is important to me. Have you ever thought about hurting yourself in an attempt to find that balance…?","No, not really. I’m not sure why I would say that. I guess I just feel like I’m failing at everything, and I don't know how to stop it.",0,0,0,0,0,0,0,0,1,0,0,0,0,0,0,0,0,0,0,0,0,-1,-1,-1,-1,-1,-1,-1,-1,0,-1,-1,-1,-1,-1,-1,-1,-1,-1,-1,-1,-1
0,50,7,"Okay, it’s important to me to clarify this point. Tell me, how long have you been feeling like you’re 'failing at everything'?","A few weeks, I guess. It’s just been a really hard month. I’m sure I’ll get back on track once things settle down.",0,0,0,0,0,0,0,0,0,0,0,0,0,0,0,0,0,0,0,0,0,-1,-1,-1,-1,-1,-1,-1,-1,-1,-1,-1,-1,-1,-1,-1,-1,-1,-1,-1,-1,-1
0,50,8,"I understand. Earlier, you mentioned that you feel 'sad'. We’ve also talked about stress… In what other ways does this feeling of 'not being able to keep up with everything' make you feel?","It makes me feel... ashamed, I suppose. Like I’m letting everyone down. I guess I just feel like I’m failing at the basics, and I don't know how to stop it.",0,0,0,0,0,0,0,1,0,0,0,0,0,0,0,0,0,0,0,0,0,-1,-1,-1,-1,-1,-1,-1,2,-1,-1,-1,-1,-1,-1,-1,-1,-1,-1,-1,-1,-1
0,50,9,"I understand. That must be really frustrating. Don’t worry, we’re here to figure out how to put a stop to this. Have you noticed any other changes in your day-to-day life as a result of this situation? For example… do you feel more agitated, sensitive or irritable, or do you find yourself crying more?","Yes, definitely. I’m just... really emotional lately. I get tearful over little things, and I don't know why. I guess I'm just overworked.",0,0,0,0,0,0,0,0,0,1,1,0,0,0,0,0,1,0,0,0,0,-1,-1,-1,-1,-1,-1,-1,-1,-1,3,2,-1,-1,-1,-1,-1,2,-1,-1,-1,-1
0,50,10,"I understand. From what you’ve told me, you must have a lot on your plate… both at work and at home. Does this situation leave you enough time and space to maintain healthy sleep and eating habits?","No, I guess not. I’m just running on coffee and stress. I should probably try to get some proper food in me, but it’s hard to find the time.",0,0,0,0,0,0,0,0,0,0,0,0,0,0,0,1,0,1,0,0,0,-1,-1,-1,-1,-1,-1,-1,-1,-1,-1,-1,-1,-1,-1,-1,2,-1,2,-1,-1,-1
0,50,11,"Yes, it can be difficult to take care of our bodies when our minds are busy with so many other things… Tell me, with all this stress… do you have time to do things that you enjoy and that help ease the discomfort a little?","No, I haven't had time for that in a long time. I used to like reading, but I haven't picked up a book in weeks. I guess I just don't have the energy.",0,0,0,0,0,0,0,0,0,0,0,1,0,0,1,0,0,0,0,0,0,-1,-1,-1,-1,-1,-1,-1,-1,-1,-1,-1,2,-1,-1,3,-1,-1,-1,-1,-1,-1
0,50,12,"I’m sure we’ll be able to get back into that habit once we’ve had a chance to recharge a little. And since this situation started… can you think of any particular moment when you’ve felt, for example, happy?",Not recently. I think I just need to find a way to balance everything.,0,0,0,1,0,0,0,0,0,0,0,0,0,0,0,0,0,0,0,0,0,-1,-1,-1,2,-1,-1,-1,-1,-1,-1,-1,-1,-1,-1,-1,-1,-1,-1,-1,-1,-1
0,50,13,"And tell me, what have you tried before coming to therapy to find that balance?","I tried to just keep going, but it’s not working. I guess I just need to figure out how to stop the stress from affecting me so much.",0,0,0,0,0,0,0,0,0,0,0,0,0,0,0,0,0,0,0,0,0,-1,-1,-1,-1,-1,-1,-1,-1,-1,-1,-1,-1,-1,-1,-1,-1,-1,-1,-1,-1,-1
0,50,14,"In some cases, other patients report that these levels of stress affect their ability to make decisions and concentrate. Do you find that this applies to you?","Yes, definitely. I find myself making small mistakes at work, and I’m not sure why. I guess I’m just not thinking clearly.",0,0,0,0,0,0,0,0,0,0,0,0,0,0,0,0,0,0,1,0,0,-1,-1,-1,-1,-1,-1,-1,-1,-1,-1,-1,-1,-1,-1,-1,-1,-1,-1,3,-1,-1
0,50,15,I can tell you it's all connected... And it's definitely not your fault.,"I know it’s not. I just feel like I'm failing at everything, and I don't know how to stop it.",0,0,0,0,1,0,0,0,0,0,0,0,0,0,0,0,0,0,0,0,0,-1,-1,-1,-1,0,-1,-1,-1,-1,-1,-1,-1,-1,-1,-1,-1,-1,-1,-1,-1,-1
0,50,16,"We’ll work through this together, don’t worry. Before that, I’d like to keep exploring your situation a little more, and the things that have changed since you started feeling like you can’t keep up with everything.

Earlier, you mentioned that you’re married… how are things with your husband? Have you noticed any changes in your relationship lately?","We’re just... distant, I suppose. I feel like I’m failing him too, but I don't know how to fix it.",0,0,0,0,0,0,0,0,0,0,0,0,0,0,0,0,0,0,0,0,0,-1,-1,-1,-1,-1,-1,-1,-1,-1,-1,-1,-1,-1,-1,-1,-1,-1,-1,-1,-1,-1
0,50,17,You mentioned that you’ve been feeling 'distant'- Do you mean emotionally and physically?,I guess... mostly emotionally. I feel like I’m just too tired to be there for him right now.,0,0,0,0,0,0,0,0,0,0,0,0,0,0,0,0,0,0,0,0,0,-1,-1,-1,-1,-1,-1,-1,-1,-1,-1,-1,-1,-1,-1,-1,-1,-1,-1,-1,-1,-1
0,50,18,"I understand. Have you noticed any changes in your libido over the past few weeks?
","No, I don't think so. I’m just... really tired.",0,0,0,0,0,0,0,0,0,0,0,0,0,0,0,0,0,0,0,0,1,-1,-1,-1,-1,-1,-1,-1,-1,-1,-1,-1,-1,-1,-1,-1,-1,-1,-1,-1,-1,0
0,50,19,"It must be really difficult to carry this constant feeling of exhaustion and 'failure'. When you say that you’re 'failing'… apart from the mistakes you’ve mentioned at work, what do you mean?","Just... everything. My job, my house, my relationships. I feel like I’m failing at the basics, and I don't know how to stop it.",0,0,1,0,0,0,0,0,0,0,0,0,0,0,0,0,0,0,0,0,0,-1,-1,3,-1,-1,-1,-1,-1,-1,-1,-1,-1,-1,-1,-1,-1,-1,-1,-1,-1,-1
0,50,20,"I understand. We’ll work on rebuilding those basics together, don’t worry. One step at a time.

To wrap up this first interview and assessment, I’d like to ask: have you felt more indecisive over the past two weeks?","Yes, definitely. I second-guess everything, even the small things. I guess I’m just not thinking clearly.",0,0,0,0,0,0,0,0,0,0,0,0,1,0,0,0,0,0,0,0,0,-1,-1,-1,-1,-1,-1,-1,-1,-1,-1,-1,-1,3,-1,-1,-1,-1,-1,-1,-1,-1
13,4,1,"hello, thanks for coming in today. can you tell me a little about why you are here please","I guess I just needed some advice. I've been having these headaches and I don't know if it's just stress or something else. My doctor said I should come see a specialist, but I don't want to overreact.",0,0,0,0,0,0,0,0,0,0,0,0,0,0,0,0,0,0,0,0,0,-1,-1,-1,-1,-1,-1,-1,-1,-1,-1,-1,-1,-1,-1,-1,-1,-1,-1,-1,-1,-1
13,4,2,"that sounds difficult. have you been taking care of yourself other=wise, with eating well and getting enough sleeop","I try to keep up, but I haven't been sleeping well at all. I wake up with this fatigue that lasts till lunch. I know it's probably just exhaustion, but... I don't know, maybe I'm overthinking it.",0,0,0,0,0,0,0,0,0,0,0,0,0,0,1,1,0,0,0,1,0,-1,-1,-1,-1,-1,-1,-1,-1,-1,-1,-1,-1,-1,-1,1,1,-1,-1,-1,1,-1
13,4,3,"would you say you have diufficulty falling asleep, or waking multiple times a night, or both>?","Definitely falling asleep. I lie there for hours, thinking about everything that needs doing tomorrow. By the time I'm actually asleep, I'm usually too tired to stay asleep, so... yeah, it's a real cycle.",0,0,0,0,0,0,0,0,0,0,0,0,0,0,0,1,0,0,0,0,0,-1,-1,-1,-1,-1,-1,-1,-1,-1,-1,-1,-1,-1,-1,-1,3,-1,-1,-1,-1,-1
13,4,4,that sounds difficult. what about appetite? Do you feel you're eating well,"I eat, but it doesn't feel like it's going anywhere. I finish a meal and I'm still hungry, but then I'm too full to eat anything else. It's like my stomach is just... out of sync, I suppose.",0,0,0,0,0,0,0,0,0,0,0,0,0,0,0,0,0,1,0,0,0,-1,-1,-1,-1,-1,-1,-1,-1,-1,-1,-1,-1,-1,-1,-1,-1,-1,2,-1,-1,-1
13,4,5,it sounds like you hgave a lot on your mind and this is disrupting your self care- what kind of  things do you think abgout when you try to sleep,"Just... everything, really. Work, bills, my kid... I worry I'm not doing enough for them. It's silly, I know, but I can't seem to quiet the noise in my head.",0,0,0,0,0,0,0,0,0,0,0,0,0,0,0,0,0,0,0,0,0,-1,-1,-1,-1,-1,-1,-1,-1,-1,-1,-1,-1,-1,-1,-1,-1,-1,-1,-1,-1,-1
13,4,6,that sounds exhauisting for you. Lets focus oin one area at a time. You mentioned worrying about work. What kind of thoughts might you have,"That I'm not doing enough. I keep thinking I should be doing more, but I don't know what more is. It's just... this feeling that I'm letting everyone down.",0,0,0,0,0,0,0,1,0,0,0,0,0,1,0,0,0,0,0,0,0,-1,-1,-1,-1,-1,-1,-1,1,-1,-1,-1,-1,-1,1,-1,-1,-1,-1,-1,-1,-1
13,4,7,"has there aever been an event in the past that made you feel you werenbt good enough or failed, or is this a new feeling",It's not new. I had a big project fail last year and I felt like I'd let everyone down. It took months to shake off. Maybe I'm just stuck in that mode now.,0,0,1,0,0,1,0,0,0,0,0,0,0,0,0,0,0,0,0,0,0,-1,-1,2,-1,-1,1,-1,-1,-1,-1,-1,-1,-1,-1,-1,-1,-1,-1,-1,-1,-1
13,4,8,"we can definitely get a bit 'stuck' in these modes, but we can help with that. How have relationships witrh your colleagues felt during this time","They've been really supportive, actually. They tell me I'm doing fine, but... I don't know, maybe I'm just reading too much into it.",0,0,0,0,0,0,0,0,0,0,0,0,0,0,0,0,0,0,0,0,0,-1,-1,-1,-1,-1,-1,-1,-1,-1,-1,-1,-1,-1,-1,-1,-1,-1,-1,-1,-1,-1
13,4,9,it's good that you have their supporet. How have your interactiopns with them felt,"They're all... normal, I suppose. But when I'm with them, I feel like I'm hiding something. Maybe I'm just paranoid, but... I don't know, it feels like I'm walking on eggshells.",0,0,0,0,1,0,0,0,0,0,0,0,0,0,0,0,0,0,0,0,0,-1,-1,-1,-1,1,-1,-1,-1,-1,-1,-1,-1,-1,-1,-1,-1,-1,-1,-1,-1,-1
13,4,10,"it's noirmal, we can feel  a bit of an imposter syndrome at times, and it can be hard to overcome. You mentioned having a child- that's an added pressure and respoinsibility too. How have yuou been m,anaging ast home","I'm trying, but... I don't know, I feel like I'm failing at that too. I'm usually the one who keeps everything together, but now... I don't know if I'm just losing my grip.",0,0,0,1,1,0,1,0,0,0,0,0,0,0,0,0,0,0,0,0,0,-1,-1,-1,1,1,-1,1,-1,-1,-1,-1,-1,-1,-1,-1,-1,-1,-1,-1,-1,-1
13,4,12,in what way,"Just little things. I forget appointments or can't find things. It's not a big deal, but it feels like proof I'm losing my mind.",0,0,0,0,0,0,0,1,0,0,0,0,0,0,0,0,0,0,0,0,0,-1,-1,-1,-1,-1,-1,-1,1,-1,-1,-1,-1,-1,-1,-1,-1,-1,-1,-1,-1,-1
13,4,13,so it feels a bit harder to focus or concentrate on your homelife?,Exactly. I feel like I'm just going through the motions. It's like I'm sleepwalking through the days.,0,0,0,0,0,0,0,0,0,0,0,0,0,0,0,0,0,0,0,0,0,-1,-1,-1,-1,-1,-1,-1,-1,-1,-1,-1,-1,-1,-1,-1,-1,-1,-1,-1,-1,-1
13,4,14,that sounds frustrating,"It is. I just feel like I'm losing myself, you know?",1,0,0,0,0,0,0,0,1,0,0,0,0,0,0,0,0,0,0,0,0,1,-1,-1,-1,-1,-1,-1,-1,0,-1,-1,-1,-1,-1,-1,-1,-1,-1,-1,-1,-1
13,4,15,"sometimes when we feel so frustrated and down on oiurselves we can have difficult thoughts, such as those of hurting ourselves or ending our lives. Have you ever experienced this",No... I don't think that’s it. I just feel like I’m stuck in this rut and I don't know how to get out.,0,0,0,0,0,0,0,0,0,0,1,0,0,0,0,0,1,0,0,0,0,-1,-1,-1,-1,-1,-1,-1,-1,-1,-1,2,-1,-1,-1,-1,-1,2,-1,-1,-1,-1
13,4,16,Good I'm gload that you havenT HAD THOSE THOUGHTS BUT YOU CAN ALWAYS TALK HERE IF YOU DO EXPERIENCE ANYTHING THAT CONCERNS YOU. tHESE THOUGHTS AND FEELINGS CAN ALSO LEAD US TO BE IURRITABLE OR AFFECT OUR RELATIONSHIPS WITH THOSE AROUND US. hAS THISD EVER HAPPENED TO YOU,"Yes, with my family. I get short with them sometimes and then I feel terrible about it. I don't know why I can't just keep my mouth shut.",0,0,0,0,0,0,0,0,0,0,0,0,0,0,0,0,0,0,0,0,0,-1,-1,-1,-1,-1,-1,-1,-1,-1,-1,-1,-1,-1,-1,-1,-1,-1,-1,-1,-1,-1
13,4,17,thanik you,You're welcome.,0,1,0,0,0,0,0,0,0,0,0,0,0,0,0,0,0,0,0,0,0,-1,2,-1,-1,-1,-1,-1,-1,-1,-1,-1,-1,-1,-1,-1,-1,-1,-1,-1,-1,-1
13,4,18,how does this look when it hasppens,"They just look at me like I'm losing my mind. I don't blame them, I guess.",0,1,0,0,1,0,0,0,0,0,0,0,0,0,0,0,0,0,0,0,0,-1,1,-1,-1,2,-1,-1,-1,-1,-1,-1,-1,-1,-1,-1,-1,-1,-1,-1,-1,-1
13,4,19,is it a lasting argument oir are they easily resolvced,"They’re easily resolved. They tell me I’m just tired and I apologize. But I don't know, it feels like I'm losing my grip on everything.",0,0,0,0,0,0,0,0,0,1,1,0,0,0,0,0,0,0,0,0,0,-1,-1,-1,-1,-1,-1,-1,-1,-1,3,1,-1,-1,-1,-1,-1,-1,-1,-1,-1,-1
13,4,20,has this ever led to you becoming emoptional other than angry- such as tearful or crying,"Yes, that happens too. I get so overwhelmed and I just... break down, I suppose.",0,0,0,0,0,0,0,0,0,0,0,0,0,0,0,0,0,0,0,0,1,-1,-1,-1,-1,-1,-1,-1,-1,-1,-1,-1,-1,-1,-1,-1,-1,-1,-1,-1,-1,3
13,4,21,"it can be really cathartic to let our emotions out so I would encourage you to do this when needed. It sounds like a loit is weighing on you and it mainly affects things relationally at home. Sometimes this can cause us to lose interest in intimacy with our partners, or make it difficult to show that we care. has this ever happened to you during this time","Yes, that's happened too. I try to hold it together, but when I'm sitting next to him, I just feel... numb. It's like I'm physically and emotionally distant from him.",0,0,0,0,0,0,0,0,0,0,0,0,0,0,0,0,0,0,0,0,0,-1,-1,-1,-1,-1,-1,-1,-1,-1,-1,-1,-1,-1,-1,-1,-1,-1,-1,-1,-1,-1
13,4,22,thank you for sdharing that- i know it isn't easy. Has this caused any isdsues for you,I don't know... maybe I'm just reading too much into it.,0,0,0,1,0,0,1,1,0,0,0,0,0,0,0,0,0,0,0,0,1,-1,-1,-1,2,-1,-1,2,2,-1,-1,-1,-1,-1,-1,-1,-1,-1,-1,-1,-1,3
13,4,23,"i don't think so, it can be totally normal to lose interest in sex and affection when our minds are so busy","I guess you're right. I just feel like I'm failing at everything, including being a partner.",0,0,0,0,0,0,0,0,0,0,0,0,1,0,0,0,0,0,0,0,0,-1,-1,-1,-1,-1,-1,-1,-1,-1,-1,-1,-1,2,-1,-1,-1,-1,-1,-1,-1,-1
13,4,24,coming here is the first step and I'm sure our sessions can help. You mentioned becoming emotional and anxi8ety- that's a lkot to bare. How have you  been managing with maiking decisions at home and work with so much going on in your jmind,"I don't know... I try to make the right choice, but I second-guess myself so much. I don't know if I'm just overthinking it, but it feels like I'm losing my ability to make a simple decision.",0,0,0,0,0,0,0,0,0,0,0,1,0,0,0,0,0,0,0,0,0,-1,-1,-1,-1,-1,-1,-1,-1,-1,-1,-1,3,-1,-1,-1,-1,-1,-1,-1,-1,-1
13,4,25,"agaion, it's really common to have that self doubt when our self esteem and mood is low, and we can help oiver time. Are there any activities that you enjoy at the moment that might help","I used to love gardening, but I haven't been able to get out there in months. I don't know if I'll ever find the time or energy again.",0,0,0,0,0,0,0,0,0,0,0,1,0,0,1,0,0,0,0,1,0,-1,-1,-1,-1,-1,-1,-1,-1,-1,-1,-1,3,-1,-1,2,-1,-1,-1,-1,2,-1
13,4,26,what do you fewel are the main barriers to doing this,"Just... fatigue, I suppose. I'm tired before I start, and then I'm too exhausted to finish.",0,0,0,0,0,0,0,0,0,0,0,0,0,0,0,0,0,0,0,0,0,-1,-1,-1,-1,-1,-1,-1,-1,-1,-1,-1,-1,-1,-1,-1,-1,-1,-1,-1,-1,-1
13,4,27,"do you think maybe if you set yourself one small, achievabgle task in the garden,m it may get yuou back out there and renew that lkove","I suppose it's worth a try. I don't know if I'll actually manage it, but... maybe it would be nice to feel like I've done something useful for once.",0,0,0,0,0,0,0,0,0,0,0,0,0,0,0,0,0,0,0,0,0,-1,-1,-1,-1,-1,-1,-1,-1,-1,-1,-1,-1,-1,-1,-1,-1,-1,-1,-1,-1,-1
13,4,28,"i think that wouyld be a good plan to set- maybe choose one small patch to weed, that would take ten minutesd, and we will discuss how trhat mnade you feel next week? Someti8mes returning to our activities of enjuoyment cawn be a really helpful start in situations like your own",That sounds like a good idea. I'll try to do that.,0,0,0,0,0,0,0,0,0,0,0,0,0,0,0,0,0,0,0,0,0,-1,-1,-1,-1,-1,-1,-1,-1,-1,-1,-1,-1,-1,-1,-1,-1,-1,-1,-1,-1,-1
13,4,29,"great, ill see you nmext week",Thank you.,0,0,0,0,0,0,0,0,0,0,0,0,0,0,0,0,0,0,0,0,0,-1,-1,-1,-1,-1,-1,-1,-1,-1,-1,-1,-1,-1,-1,-1,-1,-1,-1,-1,-1,-1
12,43,1,"Hi, thanks for talking with me. Could you tell me a little about how the past couple of weeks have been for you? What has felt most difficult lately, and what does a typical day look like for you now compared with how things were before?","It's been tough. I wake up in the middle of the night and my mind just goes back to her. I try to tell myself I'm just missing her, but it feels like the grief is getting heavier, not lighter.",1,1,0,0,0,0,0,0,0,0,0,0,0,0,0,1,0,0,0,0,0,1,1,-1,-1,-1,-1,-1,-1,-1,-1,-1,-1,-1,-1,-1,1,-1,-1,-1,-1,-1
12,43,2,"That sounds exhausting, especially when the nights keep pulling you back into the loss. How is all of this affecting you during the day — your energy, concentration, appetite, interest in things you normally enjoy, and being around other people?","It's hard to explain, but everything just feels so... grey. I used to love cooking, but now I just stare at the ingredients and can't seem to make anything taste good. I skip meals because I don't have the energy to sit down and eat.",0,0,0,1,0,0,0,0,0,0,0,1,0,0,1,0,0,1,0,0,0,-1,-1,-1,2,-1,-1,-1,-1,-1,-1,-1,1,-1,-1,2,-1,-1,1,-1,-1,-1
12,43,3,"It sounds like even basic things are taking much more out of you than they used to. When you’re sitting there with your thoughts, what do you tend to tell yourself about what happened and about yourself now?","I tell myself I should be doing better. I should be the one making the plans, not just sitting there. It feels like I'm losing myself in this grief, and I don't know how to get back to the person I used to be.",0,0,0,0,0,0,0,1,0,0,0,0,0,1,0,0,0,0,0,0,0,-1,-1,-1,-1,-1,-1,-1,1,-1,-1,-1,-1,-1,1,-1,-1,-1,-1,-1,-1,-1
12,43,4,"It sounds like you’re judging yourself pretty harshly for how you’re coping. Do you ever find yourself blaming yourself for what happened, or feeling like you somehow failed her? And when the grief feels at its worst, do you ever wish you could just disappear or not wake up?","Yes, I blame myself. I keep thinking I should have been there more or been a better wife. It sounds silly, but it feels like I’m letting her down by not being the person she needed.",0,0,1,0,1,0,0,1,0,0,0,0,0,1,0,0,0,0,0,0,0,-1,-1,1,-1,2,-1,-1,1,-1,-1,-1,-1,-1,1,-1,-1,-1,-1,-1,-1,-1
12,43,5,"It doesn’t sound silly at all — it sounds like you’re carrying a lot of responsibility for something painful. When those thoughts get especially intense, what tends to happen to you physically and emotionally? Do you become restless or irritable, find it hard to think clearly, or ever wish you could escape from everything for a while?","I just get really tired. It feels like my body is heavy with grief, and I just need to sit down for a minute.",0,0,0,0,0,0,0,0,0,0,0,0,0,0,0,0,0,0,0,1,0,-1,-1,-1,-1,-1,-1,-1,-1,-1,-1,-1,-1,-1,-1,-1,-1,-1,-1,-1,2,-1
12,43,6,"When it gets that heavy, what happens next? Do you tend to cry, feel restless or irritable, struggle to concentrate or make decisions, or find yourself wishing you could just switch everything off for a while?","I usually just cry. I know it sounds silly, but it feels like the only way to release the weight.",0,0,0,0,0,0,0,0,0,1,0,0,0,0,0,0,0,0,0,0,0,-1,-1,-1,-1,-1,-1,-1,-1,-1,1,-1,-1,-1,-1,-1,-1,-1,-1,-1,-1,-1
12,43,7,"It sounds like crying gives you some release. Afterward, does your mind settle at all, or do you stay restless, irritable, or unable to focus and make decisions? And when the self-blame gets really strong, does it ever turn into feeling that you deserve to suffer, hating yourself, or wishing you weren’t here?","It settles a bit. I feel drained, but I can think again.",0,0,0,0,0,0,0,0,0,0,0,0,0,0,0,0,0,0,1,0,0,-1,-1,-1,-1,-1,-1,-1,-1,-1,-1,-1,-1,-1,-1,-1,-1,-1,-1,1,-1,-1
12,43,8,"It sounds like the crying helps clear some of the mental fog, even if it leaves you exhausted. Outside those moments, how has the grief affected the way you deal with people and everyday choices? And when the guilt is strongest, what do you feel you deserve?",I avoid people. I don't know how to explain it to them.,0,0,0,0,0,0,0,0,0,0,0,0,0,0,0,0,0,0,0,0,0,-1,-1,-1,-1,-1,-1,-1,-1,-1,-1,-1,-1,-1,-1,-1,-1,-1,-1,-1,-1,-1
12,43,9,"That makes sense — grief can make other people feel exhausting when you don’t know how to put it into words. When you’re on your own, do you mostly feel withdrawn, or do you also get restless or short-tempered? And when you think about yourself now, do you ever feel like you deserve to suffer, dislike who you are, or wish you could just not be here?","I get short-tempered. I know it’s not their fault, but I just can't seem to be the person I used to be.",0,0,0,0,0,0,0,0,0,0,0,0,0,0,0,0,1,0,0,0,0,-1,-1,-1,-1,-1,-1,-1,-1,-1,-1,-1,-1,-1,-1,-1,-1,1,-1,-1,-1,-1
12,43,10,"When you get frustrated with yourself for not being who you used to be, does that ever turn into actually disliking yourself or feeling like you deserve to suffer? And at your darkest moments, do you ever wish you could disappear or not wake up? Day to day, are you still able to make decisions and sit still, or do you find yourself restless and unable to settle?",I don't like myself. I don't deserve to be here.,0,0,0,0,0,0,1,0,1,0,0,0,0,0,0,0,0,0,0,0,0,-1,-1,-1,-1,-1,-1,2,-1,1,-1,-1,-1,-1,-1,-1,-1,-1,-1,-1,-1,-1
12,43,11,"When you say you don’t deserve to be here, do you mean you wish you weren’t alive, or more that you feel unworthy? And has the grief made you feel like you deserve to suffer, made everyday decisions harder, left you physically restless, or changed your desire for closeness or intimacy?",I wish I wasn't here.,0,0,0,0,0,0,0,0,0,0,0,0,0,0,0,0,0,0,0,0,0,-1,-1,-1,-1,-1,-1,-1,-1,-1,-1,-1,-1,-1,-1,-1,-1,-1,-1,-1,-1,-1
12,43,12,"When you feel this low, do you ever feel like you deserve to suffer for what happened? And in everyday life, have you noticed yourself becoming physically restless, struggling to make even simple decisions, or feeling less interested in intimacy than you used to?","Yes, I deserve to suffer.",0,0,0,0,0,1,0,0,0,0,0,0,0,0,0,0,0,0,0,0,0,-1,-1,-1,-1,-1,2,-1,-1,-1,-1,-1,-1,-1,-1,-1,-1,-1,-1,-1,-1,-1
12,43,13,"How has this affected you physically and in everyday decisions? Do you find yourself restless or unable to settle, struggling to decide even simple things, or feeling less interested in intimacy than before?",I'm just tired. I don't have the energy to do anything.,0,0,0,0,0,0,0,0,0,0,1,0,0,0,0,0,0,0,0,0,0,-1,-1,-1,-1,-1,-1,-1,-1,-1,-1,0,-1,-1,-1,-1,-1,-1,-1,-1,-1,-1
12,43,14,"When you’re this drained, do even simple decisions feel harder than they used to? And has the grief changed your interest in intimacy or sex at all?",Everything is just too much. I can't think about anything else.,0,0,0,0,0,0,0,0,0,0,0,0,0,0,0,0,0,0,0,0,0,-1,-1,-1,-1,-1,-1,-1,-1,-1,-1,-1,-1,-1,-1,-1,-1,-1,-1,-1,-1,-1
12,43,15,"When you have to make even simple choices, do you find yourself putting them off or unable to decide? And has your interest in intimacy or sex changed since this started?",I put things off. I just can't think about it right now.,0,0,0,0,0,0,0,0,0,0,0,0,1,0,0,0,0,0,0,0,1,-1,-1,-1,-1,-1,-1,-1,-1,-1,-1,-1,-1,2,-1,-1,-1,-1,-1,-1,-1,0
16,4,1,"Hello, nice to meet you. Thanks for coming in to speak to me today. I have your referral, but I would love to hear from you as to why you have come in today","I just wanted to get a second opinion on my stress levels. It's been getting a bit much lately, and I worry I might be burning out.",0,1,0,0,0,0,0,0,0,0,0,0,0,0,1,0,0,0,0,1,0,-1,1,-1,-1,-1,-1,-1,-1,-1,-1,-1,-1,-1,-1,1,-1,-1,-1,-1,1,-1
16,4,2,"That sounds really difficult, and it sounds like you have been feeling under pressure?","Yeah, definitely. I've been trying to keep up with my job, but sometimes I just feel like I'm running on empty.",0,0,0,0,0,0,0,0,0,0,0,0,0,0,1,0,0,0,0,1,0,-1,-1,-1,-1,-1,-1,-1,-1,-1,-1,-1,-1,-1,-1,2,-1,-1,-1,-1,2,-1
16,4,3,Can I ask what you do for work? Have you been feeling as though you are managing to keep up with everything yuou have to do there?,"I work in environmental science, so it's a pretty demanding field. I usually manage okay, but sometimes I worry I'm not doing enough.",0,0,0,0,1,0,0,1,0,0,0,0,0,1,0,0,0,0,0,0,0,-1,-1,-1,-1,2,-1,-1,2,-1,-1,-1,-1,-1,2,-1,-1,-1,-1,-1,-1,-1
16,4,4,I don't know much about that but I can imagine it's demanding. What is it that makes you feel that you are nopt doing enough?,I guess just the feeling that I could be doing more to help with the actual environmental impact.,0,0,0,0,0,0,0,1,0,0,0,0,0,0,0,0,0,0,0,0,0,-1,-1,-1,-1,-1,-1,-1,1,-1,-1,-1,-1,-1,-1,-1,-1,-1,-1,-1,-1,-1
16,4,5,I can see that must be a difficult and heavy thought to be having. Can I ask about other areas in your life? Such as family life and looking after yourself and y,"I see my friends regularly, which is good. And I do try to take care of myself, mostly. I hike sometimes, which helps.",0,0,0,0,0,0,0,0,0,0,0,1,0,0,0,0,0,0,0,0,0,-1,-1,-1,-1,-1,-1,-1,-1,-1,-1,-1,0,-1,-1,-1,-1,-1,-1,-1,-1,-1
16,4,6,"When you say that you 'mostly' try to take care of yourself, I'd be interested to know why you chose to say 'mostly'- do you feel there's any time when this is not the case?","Sometimes I get so caught up in work that I skip the gym or something. It doesn't happen often, but I know I could be better at that.",0,0,0,0,0,1,0,1,0,0,0,0,0,0,0,0,0,0,0,0,0,-1,-1,-1,-1,-1,2,-1,1,-1,-1,-1,-1,-1,-1,-1,-1,-1,-1,-1,-1,-1
16,4,7,"It's positive to hear that you're keeping up with physical activity as a form of self care, and I'm sure we all hjave days where we skip this. When you do skip physiccal activity, are you aware of any reasons why this may happen",I guess I just get really tired sometimes. It's not a big deal.,0,0,0,0,0,0,0,0,0,0,0,0,0,0,1,0,0,0,0,0,0,-1,-1,-1,-1,-1,-1,-1,-1,-1,-1,-1,-1,-1,-1,1,-1,-1,-1,-1,-1,-1
16,4,8,"Totally, we all get tired, especially when we have a lot of demands on us. Have you noticed any changes in your sleep or appetite recently that you'd be comfortable to chat about?","Sleep-wise, I'm pretty good. I might sleep in a bit later than I should, but I'm not struggling to get to bed.",0,0,0,0,0,0,0,0,0,0,0,0,0,0,0,1,0,0,0,0,0,-1,-1,-1,-1,-1,-1,-1,-1,-1,-1,-1,-1,-1,-1,-1,0,-1,-1,-1,-1,-1
16,4,9,how about appetite,"I'm eating okay, I think. I might grab a snack if I'm stressed, but I'm not overeating or anything.",0,0,0,0,0,0,0,0,0,0,0,0,0,0,0,0,0,1,0,0,0,-1,-1,-1,-1,-1,-1,-1,-1,-1,-1,-1,-1,-1,-1,-1,-1,-1,0,-1,-1,-1
16,4,10,"That's reassuring. So you seem to be managing quite well p-ractically. Are there any specific things that have been concerning you at all?> You mentioned feeling quite down at times and under presasure. Sometimes when we are feeling this way we can have thoughts or impulses that are difficult for us, which is totally understandable. Would you say that you have had anything like this happen to you","No, I don't think so. I mean, I get angry sometimes when I feel like I'm not doing enough, but it passes pretty quickly.",0,0,0,0,1,1,0,0,0,0,1,0,0,0,0,0,0,0,0,0,0,-1,-1,-1,-1,1,2,-1,-1,-1,-1,2,-1,-1,-1,-1,-1,-1,-1,-1,-1,-1
16,4,11,and how might that anger look,I might say something I regret to someone. But I don't stay angry for long.,0,0,0,0,0,0,0,0,0,0,1,0,0,0,0,0,0,0,0,0,0,-1,-1,-1,-1,-1,-1,-1,-1,-1,-1,2,-1,-1,-1,-1,-1,-1,-1,-1,-1,-1
16,4,12,has this ever caused difficulty for you,"I’ve definitely said something I shouldn't have. But I’ve apologized, and it’s been fine.",0,0,0,0,0,0,0,0,0,0,1,0,0,0,0,0,0,0,0,0,0,-1,-1,-1,-1,-1,-1,-1,-1,-1,-1,1,-1,-1,-1,-1,-1,-1,-1,-1,-1,-1
16,4,13,thank you for sharing that. Can you tell me a little more about your family life and the support you have around you,"My family is really great. They're very understanding, and they know I'm trying.",0,0,0,0,0,0,0,0,0,0,0,0,0,0,0,0,0,0,0,0,0,-1,-1,-1,-1,-1,-1,-1,-1,-1,-1,-1,-1,-1,-1,-1,-1,-1,-1,-1,-1,-1
16,4,14,"they sound really supportive. It sounds like you have been m,anaging really well. Is there anything you'd like to share that you are concerned about right now",Just the feeling that I could be doing more. I think I just need to trust that I’m doing my best.,0,0,0,0,0,0,1,0,0,0,0,0,0,1,0,0,0,0,0,0,0,-1,-1,-1,-1,-1,-1,1,-1,-1,-1,-1,-1,-1,1,-1,-1,-1,-1,-1,-1,-1
16,4,15,how does the feeling of 'should be doing more' make you feel ,"It makes me a bit frustrated, but I don't let it get me down.",0,1,0,0,0,0,0,0,0,0,0,0,0,0,0,0,0,0,0,0,0,-1,0,-1,-1,-1,-1,-1,-1,-1,-1,-1,-1,-1,-1,-1,-1,-1,-1,-1,-1,-1
16,4,16,frustration can be difficult- how do you manage this feeling,I try to focus on what I am doing right.,0,1,0,0,0,0,0,0,0,0,0,0,0,0,0,0,0,0,0,0,0,-1,0,-1,-1,-1,-1,-1,-1,-1,-1,-1,-1,-1,-1,-1,-1,-1,-1,-1,-1,-1
16,4,17,that's a really helpoful strategy. does it always work for you,"Not instantly, but it helps me to stop worrying about what I could be doing better.",0,1,0,0,0,0,0,0,0,0,0,0,0,0,0,0,0,0,0,0,0,-1,0,-1,-1,-1,-1,-1,-1,-1,-1,-1,-1,-1,-1,-1,-1,-1,-1,-1,-1,-1
16,4,18,what happens if this does not work and the worry isn't alleviated for you in these situations,I just try to focus on the present.,0,0,0,0,0,0,0,0,0,0,0,0,0,0,0,0,0,0,0,0,0,-1,-1,-1,-1,-1,-1,-1,-1,-1,-1,-1,-1,-1,-1,-1,-1,-1,-1,-1,-1,-1
16,4,19,how does looking to the futurte trather than the present feel for you,"It makes me anxious, so I try to focus on what I can control right now.",0,1,0,0,0,0,0,0,0,0,0,0,0,0,0,0,0,0,0,0,0,-1,0,-1,-1,-1,-1,-1,-1,-1,-1,-1,-1,-1,-1,-1,-1,-1,-1,-1,-1,-1
16,4,20,so control feels importaqnt to you? how so,"Yeah, I guess so. It makes me feel like I'm actually doing something to help, rather than just worrying.",0,1,0,0,0,0,0,0,0,0,0,0,0,0,0,0,0,0,0,0,0,-1,0,-1,-1,-1,-1,-1,-1,-1,-1,-1,-1,-1,-1,-1,-1,-1,-1,-1,-1,-1
16,4,21,has there ever been a time when you have felt out of control that comes to mind,"When I first started this new job, I was worried I wouldn't be able to handle the pressure.",0,0,0,0,0,0,0,0,0,0,0,0,0,0,0,0,0,0,0,0,0,-1,-1,-1,-1,-1,-1,-1,-1,-1,-1,-1,-1,-1,-1,-1,-1,-1,-1,-1,-1,-1
16,4,22,how did thqt affect you,"I was pretty scared, but I just worked hard and got used to it.",0,1,0,0,0,0,0,0,0,0,0,0,0,0,0,0,0,0,0,0,0,-1,0,-1,-1,-1,-1,-1,-1,-1,-1,-1,-1,-1,-1,-1,-1,-1,-1,-1,-1,-1
16,4,23,"you mentioned being worried about burning out when you came in., Haws this ever happened to yuou  before","Not really. I've always been pretty good at managing my energy, so it was a new feeling.",0,0,1,0,0,0,0,0,0,0,0,0,0,0,0,0,0,0,0,0,0,-1,-1,0,-1,-1,-1,-1,-1,-1,-1,-1,-1,-1,-1,-1,-1,-1,-1,-1,-1,-1
16,4,24,"I can see why you have been worried by thios, but it sounds like you are coping well with the demands of your joib, and maintaining a plewasurable social life and family ties?","Yeah, I think I'm doing okay.",0,0,0,0,0,0,0,0,0,0,0,0,0,0,0,0,0,0,0,0,0,-1,-1,-1,-1,-1,-1,-1,-1,-1,-1,-1,-1,-1,-1,-1,-1,-1,-1,-1,-1,-1
16,4,25,Do you live on your own at the  moment?,"I have a flat, but I still see my family pretty regularly.",0,0,0,0,0,0,0,0,0,0,0,0,0,0,0,0,0,0,0,0,0,-1,-1,-1,-1,-1,-1,-1,-1,-1,-1,-1,-1,-1,-1,-1,-1,-1,-1,-1,-1,-1
16,4,26,That's good. So what do you do other than seeing your family thjat provides you with pleasure or feelings of happiness,I like hiking.,0,0,0,0,0,0,0,0,0,0,0,0,0,0,0,0,0,0,0,0,0,-1,-1,-1,-1,-1,-1,-1,-1,-1,-1,-1,-1,-1,-1,-1,-1,-1,-1,-1,-1,-1
16,4,27,how does hiking make you feel,It makes me feel grounded.,0,0,0,0,0,0,0,0,0,0,0,0,0,0,0,0,0,0,0,0,0,-1,-1,-1,-1,-1,-1,-1,-1,-1,-1,-1,-1,-1,-1,-1,-1,-1,-1,-1,-1,-1
16,4,28,Fantastic. So  would it be fair to suggest going on a good hike when thinghs seem a bit much?,Definitely.,0,1,0,0,0,0,0,0,0,0,0,0,0,0,0,0,0,0,0,0,0,-1,0,-1,-1,-1,-1,-1,-1,-1,-1,-1,-1,-1,-1,-1,-1,-1,-1,-1,-1,-1
16,4,29,"I can see that you're managing with a lot buit managing well. How would you say your moiod haws been feeling on a typical day recewntly, with 0 being 'veryu lkow' and 10 being 'to9tally elated'",I'd say it's been around a 6.,1,0,0,0,0,0,0,0,0,0,0,0,0,0,0,0,0,0,0,0,0,0,-1,-1,-1,-1,-1,-1,-1,-1,-1,-1,-1,-1,-1,-1,-1,-1,-1,-1,-1,-1
16,4,30,is there a word you would use to describe this?,I'd say it's just normal.,1,0,0,0,0,0,0,0,0,0,0,0,0,0,0,0,0,0,0,0,0,0,-1,-1,-1,-1,-1,-1,-1,-1,-1,-1,-1,-1,-1,-1,-1,-1,-1,-1,-1,-1
16,4,31,"great. When you have been completing your normal activities and social actiuvities, have you found them to bve pleasurable","Yeah, definitely.",0,0,0,1,0,0,0,0,0,0,0,0,0,0,0,0,0,0,0,0,0,-1,-1,-1,0,-1,-1,-1,-1,-1,-1,-1,-1,-1,-1,-1,-1,-1,-1,-1,-1,-1
16,4,32,"i just have a few  more questions., how hasve you  been finding concentrating at work? It can be difficult if we are stressed",I'm usually fine.,0,0,0,0,0,0,0,0,0,0,0,0,0,0,0,0,0,0,1,0,0,-1,-1,-1,-1,-1,-1,-1,-1,-1,-1,-1,-1,-1,-1,-1,-1,-1,-1,0,-1,-1
16,4,33,is there anything that affects this for you,"Just if I'm tired, I guess.",0,0,0,0,0,0,0,0,0,0,0,0,0,0,0,0,0,0,0,0,0,-1,-1,-1,-1,-1,-1,-1,-1,-1,-1,-1,-1,-1,-1,-1,-1,-1,-1,-1,-1,-1
16,4,34,that's understandable. Have you been feeling able to make decisions as yuou normally would?,"Yeah, I'm fine with that.",0,0,0,0,0,0,0,0,0,0,0,0,1,0,0,0,0,0,0,0,0,-1,-1,-1,-1,-1,-1,-1,-1,-1,-1,-1,-1,0,-1,-1,-1,-1,-1,-1,-1,-1
16,4,35,From our conversation it soiund,Like I'm doing okay.,0,0,0,0,0,0,0,0,0,0,0,0,0,0,0,0,0,0,0,0,0,-1,-1,-1,-1,-1,-1,-1,-1,-1,-1,-1,-1,-1,-1,-1,-1,-1,-1,-1,-1,-1
16,4,36,from our conversdation it does sound like you're doing ok. I would like to ask something sensitive that I need to ask just to ensure that that is the case- sometimes when people feel under a loit of pressure they may become very emotional and may have difficult thoughts such as that of ending their lives or huirting themselves. Has this ever happened to youy,"No, never.",0,0,0,0,0,0,0,0,1,0,0,0,0,0,0,0,0,0,0,0,0,-1,-1,-1,-1,-1,-1,-1,-1,0,-1,-1,-1,-1,-1,-1,-1,-1,-1,-1,-1,-1
16,4,37,"thats good to know, thank you for answering. And when you have been feeling upset or under pressure, how do you usually let this out? For example some people may shout, or cry, or get angry, or do an activity that vents it for them",I usually just go for a walk or hike.,0,0,0,1,0,0,0,0,0,0,0,0,0,0,0,0,0,0,0,0,0,-1,-1,-1,0,-1,-1,-1,-1,-1,-1,-1,-1,-1,-1,-1,-1,-1,-1,-1,-1,-1
16,4,38,great. have theses feelings every loed to you becoming very emotional lately? Like becoiming tearful or visibly uipset,"No, I don't think so.",0,0,0,0,0,0,0,0,0,1,0,0,0,0,0,0,0,0,0,0,0,-1,-1,-1,-1,-1,-1,-1,-1,-1,0,-1,-1,-1,-1,-1,-1,-1,-1,-1,-1,-1
16,4,39,"and in these situations, how would you sday your i8nteractions with others are",I'm usually pretty good at keeping it together.,0,0,0,0,0,0,0,0,0,0,0,0,0,0,0,0,0,0,0,0,0,-1,-1,-1,-1,-1,-1,-1,-1,-1,-1,-1,-1,-1,-1,-1,-1,-1,-1,-1,-1,-1
16,4,40,you mentionmed earlier saying things you regret- has this hgappened very often recently,"Not recently, no.",0,0,0,0,0,0,0,0,0,0,0,0,0,0,0,0,1,0,0,0,0,-1,-1,-1,-1,-1,-1,-1,-1,-1,-1,-1,-1,-1,-1,-1,-1,0,-1,-1,-1,-1
16,4,41,"great. we're almost at the end of our session- I do want to reassure you that you seem to bve managi8ng ok and this may just be a time where youre feeling a little pressure, but it sounds like you are managing this wwell. Do you currently have a p0artner that you can speak to for support","No, I'm single.",0,0,0,0,0,0,0,0,0,0,0,0,0,0,0,0,0,0,0,0,1,-1,-1,-1,-1,-1,-1,-1,-1,-1,-1,-1,-1,-1,-1,-1,-1,-1,-1,-1,-1,0
16,4,42,but your family are supportyi,"Yeah, they're really great.",0,0,0,0,0,0,0,0,0,0,0,0,0,0,0,0,0,0,0,0,0,-1,-1,-1,-1,-1,-1,-1,-1,-1,-1,-1,-1,-1,-1,-1,-1,-1,-1,-1,-1,-1
16,4,43,that's greast.  how do you feel after our chat?? Is there anything else at all that you woulod like to speazk about or any other concerns,I think I'm just fine.,0,0,0,0,0,0,0,0,0,0,0,0,0,0,0,0,0,0,0,0,0,-1,-1,-1,-1,-1,-1,-1,-1,-1,-1,-1,-1,-1,-1,-1,-1,-1,-1,-1,-1,-1
16,4,44,"great. Thank you for coming in,m if you do need any further support do get in touch",Thank you.,0,0,0,0,0,0,0,0,0,0,0,0,0,0,0,0,0,0,0,0,0,-1,-1,-1,-1,-1,-1,-1,-1,-1,-1,-1,-1,-1,-1,-1,-1,-1,-1,-1,-1,-1
4,37,1,hello,"Hi. I’m... I’m a bit stressed, to be honest. This is my first time posting about it, so I don't know if it's normal or not.",0,0,0,0,0,0,0,0,0,0,0,0,0,0,0,0,0,0,0,0,0,-1,-1,-1,-1,-1,-1,-1,-1,-1,-1,-1,-1,-1,-1,-1,-1,-1,-1,-1,-1,-1
4,37,2,of course it is normal for person to be stressed but why are you ?,"It’s just the uncertainty, I guess. I can’t believe I’m at this point. I used to be so in control of my life, and now... now I just feel like I’m waiting for the other shoe to drop.",0,0,0,0,0,0,0,0,0,0,0,0,0,0,0,0,0,0,1,0,0,-1,-1,-1,-1,-1,-1,-1,-1,-1,-1,-1,-1,-1,-1,-1,-1,-1,-1,1,-1,-1
4,37,3,caan you make it abit clear ?,"I mean... I get these waves of panic where I can't breathe. I try to tell myself it's just my imagination, but it feels real.",0,0,0,0,0,0,0,0,0,0,1,0,0,0,0,0,0,0,0,0,0,-1,-1,-1,-1,-1,-1,-1,-1,-1,-1,2,-1,-1,-1,-1,-1,-1,-1,-1,-1,-1
4,37,4,why it happen ?,I don't know. Maybe I'm just tired? I work a lot and then I come home to an empty flat. Maybe it's just my body telling me I'm not good enough anymore.,0,0,1,0,0,0,0,0,0,0,0,0,0,0,0,0,0,0,0,0,0,-1,-1,2,-1,-1,-1,-1,-1,-1,-1,-1,-1,-1,-1,-1,-1,-1,-1,-1,-1,-1
4,37,5,maybe you just tired ?,Maybe. I just feel... useless. Like I can't even take care of myself anymore.,0,0,0,0,0,0,0,1,0,0,0,0,0,0,0,0,0,0,0,0,0,-1,-1,-1,-1,-1,-1,-1,2,-1,-1,-1,-1,-1,-1,-1,-1,-1,-1,-1,-1,-1
4,37,6,did you feel this often ?,"No, never. I used to be the one helping others. Now... now I just sit here and wait for it to pass.",0,0,0,0,0,0,0,0,0,0,0,0,0,0,1,0,0,0,0,0,0,-1,-1,-1,-1,-1,-1,-1,-1,-1,-1,-1,-1,-1,-1,2,-1,-1,-1,-1,-1,-1
4,37,7,don't you have any interests or hobbies ?,"I used to play the guitar, but I haven't picked it up in years. Now I just watch TV until I fall asleep.",0,0,0,0,0,0,0,0,0,0,0,1,0,0,0,0,0,0,0,0,0,-1,-1,-1,-1,-1,-1,-1,-1,-1,-1,-1,3,-1,-1,-1,-1,-1,-1,-1,-1,-1
4,37,8,did you quit out your hobbies and daily actives just like that ?,"Yeah. I stopped going to the gym. I used to run three miles, easy. Now I can't even walk to the shop.",0,0,0,1,0,0,0,0,0,0,0,1,0,0,1,0,0,0,0,0,0,-1,-1,-1,2,-1,-1,-1,-1,-1,-1,-1,2,-1,-1,3,-1,-1,-1,-1,-1,-1
4,37,9,it is just happen like that suddnly ?,"Yeah. I woke up one morning and my legs felt heavy. I tried to run, and I couldn't even make it to the end of the street.",0,0,0,0,0,0,0,0,0,0,0,0,0,0,0,0,0,0,0,0,0,-1,-1,-1,-1,-1,-1,-1,-1,-1,-1,-1,-1,-1,-1,-1,-1,-1,-1,-1,-1,-1
4,37,10,but i believe it must be a reeason or something happen before has it is effect ?,Maybe. I don't know. It just feels like... I've lost my grip.,0,0,0,0,0,0,0,0,0,0,0,0,1,0,0,0,0,0,0,0,0,-1,-1,-1,-1,-1,-1,-1,-1,-1,-1,-1,-1,2,-1,-1,-1,-1,-1,-1,-1,-1
4,37,11,did you feel sad nowadays ?,All the time. I just feel like I'm not the person I used to be.,1,0,0,0,0,0,0,0,0,0,0,0,0,0,0,0,0,0,0,0,0,3,-1,-1,-1,-1,-1,-1,-1,-1,-1,-1,-1,-1,-1,-1,-1,-1,-1,-1,-1,-1
4,37,12,you think it will be temproarly time ?,I hope so. I really do. But it feels like it’s just getting worse.,0,1,0,0,0,0,0,0,0,0,0,0,0,0,0,0,0,0,0,0,0,-1,2,-1,-1,-1,-1,-1,-1,-1,-1,-1,-1,-1,-1,-1,-1,-1,-1,-1,-1,-1
4,37,13,did it happen because you missed something or doing something wrong ?,"I don't know. I've been eating the same things, doing the same routine. I don't know what I'm missing.",0,0,0,0,0,0,0,0,0,0,0,0,0,0,0,0,0,1,0,0,0,-1,-1,-1,-1,-1,-1,-1,-1,-1,-1,-1,-1,-1,-1,-1,-1,-1,0,-1,-1,-1
4,37,14,did you talk to anybody near you friends or you girlfriend ?,No. I don't want them to see me like this. I'd rather just... just keep it to myself.,0,0,0,0,0,0,0,0,0,0,0,0,0,0,0,0,0,0,0,1,0,-1,-1,-1,-1,-1,-1,-1,-1,-1,-1,-1,-1,-1,-1,-1,-1,-1,-1,-1,2,-1
4,37,15,but is it maybe help to kust talk to even you girlfirend ?,Maybe. I don't know. I haven't talked to her in a while. I don't want her to see me like this.,0,0,0,0,0,0,0,0,0,0,0,0,0,0,0,0,0,0,0,0,0,-1,-1,-1,-1,-1,-1,-1,-1,-1,-1,-1,-1,-1,-1,-1,-1,-1,-1,-1,-1,-1
4,37,16,what it mean like this ?,It means I'm a failure. I used to be someone who could handle anything. Now... now I'm just a mess.,0,0,0,0,0,0,1,0,0,0,0,0,0,0,0,0,0,0,0,0,0,-1,-1,-1,-1,-1,-1,2,-1,-1,-1,-1,-1,-1,-1,-1,-1,-1,-1,-1,-1,-1
4,37,17,did you feel guilty about that ?,Yes. I feel like I'm letting everyone down.,0,0,1,0,1,0,0,0,0,0,0,0,0,0,0,0,0,0,0,0,0,-1,-1,2,-1,2,-1,-1,-1,-1,-1,-1,-1,-1,-1,-1,-1,-1,-1,-1,-1,-1
4,37,18,are you angry on yourself ?,"I try not to be, but I am. I don't know what to do about it.",0,0,0,0,0,0,0,0,0,0,1,0,0,0,0,0,0,0,0,0,0,-1,-1,-1,-1,-1,-1,-1,-1,-1,-1,3,-1,-1,-1,-1,-1,-1,-1,-1,-1,-1
4,37,19,did you cried when you be alone ?,Yes. I cry for hours. I don't know why I'm doing this.,0,0,0,0,0,0,0,0,0,1,0,0,0,0,0,0,0,0,0,0,0,-1,-1,-1,-1,-1,-1,-1,-1,-1,3,-1,-1,-1,-1,-1,-1,-1,-1,-1,-1,-1
4,37,20,maybe you feel you guilty ?,Maybe. I don't know. I just feel... broken.,0,1,0,0,1,0,0,0,0,0,0,0,0,0,0,0,0,0,0,0,0,-1,3,-1,-1,3,-1,-1,-1,-1,-1,-1,-1,-1,-1,-1,-1,-1,-1,-1,-1,-1
4,37,21,did you try to punish yourself or hurt yourself after that feelings ?,No... I don't think I'm that far gone. But I feel like I'm losing my mind.,0,0,0,0,0,0,0,0,1,0,0,0,0,0,0,0,0,0,0,0,0,-1,-1,-1,-1,-1,-1,-1,-1,0,-1,-1,-1,-1,-1,-1,-1,-1,-1,-1,-1,-1
4,37,22,you talk think loudly and i will be listen ?,I don't know. I don't know if I can trust anyone right now.,0,0,0,0,0,0,0,0,0,0,0,0,0,0,0,0,0,0,1,0,0,-1,-1,-1,-1,-1,-1,-1,-1,-1,-1,-1,-1,-1,-1,-1,-1,-1,-1,2,-1,-1
4,37,23,i believe you can do ? don't you trust yourself and worth it ?,No... I don't know. I feel like I've let myself go.,0,0,1,0,0,0,0,0,0,0,0,0,0,1,0,0,0,0,0,0,0,-1,-1,3,-1,-1,-1,-1,-1,-1,-1,-1,-1,-1,3,-1,-1,-1,-1,-1,-1,-1
4,37,24,but it seem like you just try to punish yourself ?,Maybe. I don't know. I just feel... trapped.,0,0,0,0,1,1,0,0,0,0,0,0,0,0,0,0,0,0,0,0,0,-1,-1,-1,-1,2,2,-1,-1,-1,-1,-1,-1,-1,-1,-1,-1,-1,-1,-1,-1,-1
4,37,25,what you do today if i could ask ?,I... I don't know. I just sat on the couch.,0,0,0,1,0,0,0,0,0,0,0,0,0,0,1,0,0,0,0,0,0,-1,-1,-1,3,-1,-1,-1,-1,-1,-1,-1,-1,-1,-1,3,-1,-1,-1,-1,-1,-1
4,37,26,did you sleep well nowadays ?,No. I lie awake for hours. My mind won't stop racing.,0,0,0,0,0,0,0,0,0,0,0,0,0,0,0,1,0,0,0,0,0,-1,-1,-1,-1,-1,-1,-1,-1,-1,-1,-1,-1,-1,-1,-1,3,-1,-1,-1,-1,-1
4,37,27,is it that irritability what you think about ?,"Yeah. I get angry at the TV, the weather... everything. I don't know how to control it.",0,0,0,0,0,0,0,0,0,0,0,0,0,0,0,0,1,0,0,0,0,-1,-1,-1,-1,-1,-1,-1,-1,-1,-1,-1,-1,-1,-1,-1,-1,3,-1,-1,-1,-1
4,37,28,did you ?,No. I just sat there.,0,0,1,0,0,0,0,0,0,0,0,0,0,0,0,0,0,0,0,0,0,-1,-1,3,-1,-1,-1,-1,-1,-1,-1,-1,-1,-1,-1,-1,-1,-1,-1,-1,-1,-1
4,37,29,what about friends and your girl ? don't they try to contact you ?,I haven't talked to either of them in weeks. I don't know what to say to them.,0,1,0,0,0,0,0,0,0,0,0,1,0,0,0,0,0,0,0,0,0,-1,3,-1,-1,-1,-1,-1,-1,-1,-1,-1,3,-1,-1,-1,-1,-1,-1,-1,-1,-1
4,37,30,even your girlfriend ? you supposed to share her your life ?,No. I can't tell her this. I can't tell her I've lost my grip.,0,0,0,0,0,0,0,0,0,0,0,0,0,0,1,0,0,0,0,0,0,-1,-1,-1,-1,-1,-1,-1,-1,-1,-1,-1,-1,-1,-1,3,-1,-1,-1,-1,-1,-1
4,37,31,what about the relation between you both ?,It's... complicated. I don't know if I can keep it going if I'm like this.,0,0,0,0,0,0,0,0,0,0,0,0,0,0,0,0,0,0,1,0,0,-1,-1,-1,-1,-1,-1,-1,-1,-1,-1,-1,-1,-1,-1,-1,-1,-1,-1,3,-1,-1
4,37,32,what about your sexual life ?,I haven't had sex in months. I don't know if I'm even capable of it anymore.,0,0,0,0,0,0,0,0,0,0,0,0,0,0,0,0,0,0,0,0,1,-1,-1,-1,-1,-1,-1,-1,-1,-1,-1,-1,-1,-1,-1,-1,-1,-1,-1,-1,-1,3
4,37,33,but why all this is happing suddnly ?,I don't know. Maybe I'm just tired of being me.,0,0,0,0,0,0,1,1,0,0,0,0,0,0,0,0,0,0,0,0,0,-1,-1,-1,-1,-1,-1,3,3,-1,-1,-1,-1,-1,-1,-1,-1,-1,-1,-1,-1,-1
4,37,34,is it a situation that happen lately ?,No. It started months ago. I just... I don't know.,0,0,1,0,0,0,0,0,0,0,0,0,0,0,0,0,0,0,0,0,0,-1,-1,3,-1,-1,-1,-1,-1,-1,-1,-1,-1,-1,-1,-1,-1,-1,-1,-1,-1,-1
4,37,35,what about family ?,They don't know. I haven't told them.,0,0,0,0,0,0,0,0,0,0,0,0,0,0,0,0,0,0,0,0,0,-1,-1,-1,-1,-1,-1,-1,-1,-1,-1,-1,-1,-1,-1,-1,-1,-1,-1,-1,-1,-1
4,37,36,so you just keep all that between you and yourself ?,Yeah. I don't know how to share it.,0,0,0,0,0,0,0,0,0,0,0,0,0,0,0,0,0,0,0,0,0,-1,-1,-1,-1,-1,-1,-1,-1,-1,-1,-1,-1,-1,-1,-1,-1,-1,-1,-1,-1,-1
4,37,37,you do share with me ?,I guess I do.,0,0,0,0,0,0,0,0,0,0,0,0,0,0,0,0,0,0,0,0,0,-1,-1,-1,-1,-1,-1,-1,-1,-1,-1,-1,-1,-1,-1,-1,-1,-1,-1,-1,-1,-1
4,37,38,and i always ready to listen ?,"Yeah. I... I don't know why I'm telling you this, but... thank you.",0,0,0,0,0,0,0,0,0,0,0,0,0,0,0,0,0,0,0,0,0,-1,-1,-1,-1,-1,-1,-1,-1,-1,-1,-1,-1,-1,-1,-1,-1,-1,-1,-1,-1,-1
4,37,39,i'm always here to help ?,Yeah. I know.,0,0,0,0,0,0,0,0,0,0,0,0,0,0,0,0,0,0,0,0,0,-1,-1,-1,-1,-1,-1,-1,-1,-1,-1,-1,-1,-1,-1,-1,-1,-1,-1,-1,-1,-1
4,37,40,do you want to tell me anything else ?,No... I think I've said enough.,0,0,0,0,0,0,0,0,0,0,0,0,0,0,0,0,0,0,0,0,0,-1,-1,-1,-1,-1,-1,-1,-1,-1,-1,-1,-1,-1,-1,-1,-1,-1,-1,-1,-1,-1
7,47,1,Have you felt down in the past two weeks?,"Yeah, mostly at night. I just lie there thinking about how I failed, and it feels like I’m stuck in that loop.",1,0,0,0,0,0,0,0,0,0,0,0,0,0,0,0,0,0,0,0,0,2,-1,-1,-1,-1,-1,-1,-1,-1,-1,-1,-1,-1,-1,-1,-1,-1,-1,-1,-1,-1
7,47,2,Have you felt discouraged about the future in the past two weeks?,"Definitely. I keep wondering if I should just give up and move on, but I’m scared of what I might miss if I don't try again.",0,1,0,0,0,0,0,0,0,0,0,0,0,0,0,0,0,0,0,0,0,-1,1,-1,-1,-1,-1,-1,-1,-1,-1,-1,-1,-1,-1,-1,-1,-1,-1,-1,-1,-1
7,47,3,Do you ever feel like a failure? And to what extent do you feel this?,"Constantly. It’s like I can’t catch a break, and I feel like I’m not good enough for anyone. It’s hard to shake that feeling off.",0,0,1,0,0,0,0,0,0,0,0,0,0,0,0,0,0,0,0,0,0,-1,-1,2,-1,-1,-1,-1,-1,-1,-1,-1,-1,-1,-1,-1,-1,-1,-1,-1,-1,-1
7,47,4,"
Are you still able to enjoy things, and how does that compare to the past?","Not as much. I used to love hiking, but now it just feels like a chore. I'm just going through the motions.",0,0,0,1,0,0,0,0,0,0,0,0,0,0,0,0,0,0,0,0,0,-1,-1,-1,1,-1,-1,-1,-1,-1,-1,-1,-1,-1,-1,-1,-1,-1,-1,-1,-1,-1
7,47,5,"Do you ever feel guilty, and how often do you experience that?","Yeah, I do. I feel guilty for not being stronger, like I should just be able to snap out of it.",0,0,0,0,1,0,0,0,0,0,0,0,0,0,0,0,0,0,0,0,0,-1,-1,-1,-1,1,-1,-1,-1,-1,-1,-1,-1,-1,-1,-1,-1,-1,-1,-1,-1,-1
7,47,6,How have you been feeling regarding punishment over the past two weeks? ,"Like I'm being punished for something. I know I messed up, but I don't see why I have to suffer so much.",0,0,0,0,0,1,0,0,0,0,0,0,0,0,0,0,0,0,0,0,0,-1,-1,-1,-1,-1,3,-1,-1,-1,-1,-1,-1,-1,-1,-1,-1,-1,-1,-1,-1,-1
7,47,7,"Do you feel dissapointed in yourself, if so to what extent?","A lot. I keep thinking about what I could have done differently, and it just makes me feel worse.",0,0,0,0,0,0,1,0,0,0,0,0,0,0,0,0,0,0,0,0,0,-1,-1,-1,-1,-1,-1,1,-1,-1,-1,-1,-1,-1,-1,-1,-1,-1,-1,-1,-1,-1
7,47,8,How have you been towards yourself lately? Have you been quite critical or hard on yourself over the past two weeks? ,"Yeah, I have. I keep thinking I should be over this by now, and I just end up beating myself up over it.",0,0,0,0,0,0,0,1,0,0,0,0,0,0,0,0,0,0,0,0,0,-1,-1,-1,-1,-1,-1,-1,2,-1,-1,-1,-1,-1,-1,-1,-1,-1,-1,-1,-1,-1
7,47,9,Do you have any thoughts about ending your life?,Not exactly. I just think that maybe I should just stop and not keep everyone else from moving on.,0,0,0,0,0,0,0,0,1,0,0,0,0,0,0,0,0,0,0,0,0,-1,-1,-1,-1,-1,-1,-1,-1,1,-1,-1,-1,-1,-1,-1,-1,-1,-1,-1,-1,-1
7,47,10,"Do you cry more often than usual, how does this compare to the past?","Yeah, a lot. I used to be pretty tough, but now I just cry.",0,0,0,0,0,0,0,0,0,1,0,0,0,0,0,0,0,0,0,0,0,-1,-1,-1,-1,-1,-1,-1,-1,-1,2,-1,-1,-1,-1,-1,-1,-1,-1,-1,-1,-1
7,47,11,Do you get more irritated with things than you used to get? ,"Yeah, I get frustrated with the smallest things. I used to be patient, but now I just get angry.",0,0,0,0,0,0,0,0,0,0,1,0,0,0,0,0,0,0,0,0,0,-1,-1,-1,-1,-1,-1,-1,-1,-1,-1,2,-1,-1,-1,-1,-1,-1,-1,-1,-1,-1
7,47,12,"Have you lost interest in other people, and how is that compared to the past?","Yeah, I have. I used to be the one who always listened, but now I just don't want to be that person anymore.",0,0,0,0,0,0,0,0,0,0,0,1,0,0,0,0,0,0,0,0,0,-1,-1,-1,-1,-1,-1,-1,-1,-1,-1,-1,2,-1,-1,-1,-1,-1,-1,-1,-1,-1
7,47,13,Do you notice that you put off making decisions more than you used to?,"Yeah, I do. I used to be the one who took control, but now I just can't seem to decide on anything.",0,0,0,0,0,0,0,0,0,0,0,0,1,0,0,0,0,0,0,0,0,-1,-1,-1,-1,-1,-1,-1,-1,-1,-1,-1,-1,3,-1,-1,-1,-1,-1,-1,-1,-1
7,47,14,Do you worry about your appereance more than usual?,All the time. I look in the mirror and I just see someone who failed.,0,0,0,0,0,0,0,0,0,0,0,0,0,0,0,0,0,0,0,0,0,-1,-1,-1,-1,-1,-1,-1,-1,-1,-1,-1,-1,-1,-1,-1,-1,-1,-1,-1,-1,-1
7,47,15,Do you worry about being ugly?,"Yeah, I do. I used to be confident, but now I just see this failure staring back at me.",0,0,0,0,0,0,0,0,0,0,0,0,0,1,0,0,0,0,0,0,0,-1,-1,-1,-1,-1,-1,-1,-1,-1,-1,-1,-1,-1,2,-1,-1,-1,-1,-1,-1,-1
7,47,16,ow has your energy level been lately? Have you felt like you have less energy to get things done over the past two weeks? ,"It's gone. I used to be fine, but now I just feel drained all the time.",0,0,0,0,0,0,0,0,0,0,0,0,0,0,1,0,0,0,0,0,0,-1,-1,-1,-1,-1,-1,-1,-1,-1,-1,-1,-1,-1,-1,2,-1,-1,-1,-1,-1,-1
7,47,17,"How has your sleep been the past two weeks, compared to how it used to be?",It's terrible. I wake up in the middle of the night and can't stop thinking about what I did.,0,0,0,0,0,0,0,0,0,0,0,0,0,0,0,0,0,0,0,0,0,-1,-1,-1,-1,-1,-1,-1,-1,-1,-1,-1,-1,-1,-1,-1,-1,-1,-1,-1,-1,-1
7,47,18,Do you then have trouble falling back a sleep when you wake up in the middle of the night?,"Yeah, I do. I just lie there staring at the ceiling, thinking about how I failed.",0,0,0,0,0,0,0,0,0,0,0,0,0,0,0,1,0,0,0,0,0,-1,-1,-1,-1,-1,-1,-1,-1,-1,-1,-1,-1,-1,-1,-1,3,-1,-1,-1,-1,-1
7,47,19,How quickly have you been losing your temper or get more easily annoyed at things compared to the past?,"Fast. I used to be pretty patient, but now I just snap.",0,0,0,0,0,0,0,0,0,0,0,0,0,0,0,0,1,0,0,0,0,-1,-1,-1,-1,-1,-1,-1,-1,-1,-1,-1,-1,-1,-1,-1,-1,2,-1,-1,-1,-1
7,47,20,"How has your desire to eat changed over the last two weeks? Do you turn away from food, or are you constantly wanting to eat more than normal?",I don't eat much. I just don't have the appetite.,0,0,0,0,0,0,0,0,0,0,0,0,0,0,0,0,0,1,0,0,0,-1,-1,-1,-1,-1,-1,-1,-1,-1,-1,-1,-1,-1,-1,-1,-1,-1,3,-1,-1,-1
7,47,21,How hard has it been to keep your focus and stay on track with tasks over the past two weeks?,"Really hard. I used to be focused, but now I just can't seem to concentrate.",0,0,0,0,0,0,0,0,0,0,0,0,0,0,0,0,0,0,1,0,0,-1,-1,-1,-1,-1,-1,-1,-1,-1,-1,-1,-1,-1,-1,-1,-1,-1,-1,3,-1,-1
7,47,22,"Have you been feeling more tired or drained laytely, and is your low energy stopping you from doing normal activities?","Yeah, I am. I used to be the one who kept busy, but now I just can't seem to get the energy.",0,0,0,0,0,0,0,0,0,0,0,0,0,0,0,0,0,0,0,1,0,-1,-1,-1,-1,-1,-1,-1,-1,-1,-1,-1,-1,-1,-1,-1,-1,-1,-1,-1,2,-1
7,47,23,How has your sex drive or interest in intimacy been the past two weeks? Has it dropped off significantly compared to what is used to be?,"It's gone. I used to be pretty active, but now I just don't want to be physical.",0,0,0,0,0,0,0,0,0,0,0,0,0,0,0,0,0,0,0,0,1,-1,-1,-1,-1,-1,-1,-1,-1,-1,-1,-1,-1,-1,-1,-1,-1,-1,-1,-1,-1,3
15,36,1,"Hello, how have you been lately? feeling sad?",I guess I am. It just feels weird since she passed. I keep waiting for her to call or walk in the door.,0,0,0,0,0,0,0,0,0,0,0,0,0,0,0,0,0,0,0,0,0,-1,-1,-1,-1,-1,-1,-1,-1,-1,-1,-1,-1,-1,-1,-1,-1,-1,-1,-1,-1,-1
15,36,2,from a scale of 0 to 3 how sad have you been? And who passed away? My apologies,"Three, I guess. I miss her. It was my sister. We were close.",1,0,0,0,0,0,0,0,0,0,0,0,0,0,0,0,0,0,0,0,0,3,-1,-1,-1,-1,-1,-1,-1,-1,-1,-1,-1,-1,-1,-1,-1,-1,-1,-1,-1,-1
15,36,3,Were you two close? Have you been crying?,"Yeah, we were. I cry sometimes. It feels weird crying alone, but I guess I just need to let it out.",0,0,0,0,0,0,0,0,0,1,0,0,0,0,0,0,0,0,0,0,0,-1,-1,-1,-1,-1,-1,-1,-1,-1,2,-1,-1,-1,-1,-1,-1,-1,-1,-1,-1,-1
15,36,4,Have you been feeling irritability and agitation during this time?,"Yeah. I get short with people. I blame it on the coffee, but I guess it’s just because she’s gone.",0,0,0,0,0,0,0,0,0,0,1,0,0,0,0,0,1,0,0,0,0,-1,-1,-1,-1,-1,-1,-1,-1,-1,-1,2,-1,-1,-1,-1,-1,3,-1,-1,-1,-1
15,36,5,Since the incident have you been losing appetite and feeling tired?,Yeah. Food tastes weird lately. I just grab something quick and go. I have no energy.,0,0,0,0,0,0,0,0,0,0,0,0,0,0,0,0,0,1,0,1,0,-1,-1,-1,-1,-1,-1,-1,-1,-1,-1,-1,-1,-1,-1,-1,-1,-1,3,-1,3,-1
15,36,6,When did she pass away? have you been sleeping well?,"About three months ago. I sleep okay, I guess. I just wake up thinking about her.",0,0,0,0,0,0,0,0,0,0,0,0,0,0,0,1,0,0,0,0,0,-1,-1,-1,-1,-1,-1,-1,-1,-1,-1,-1,-1,-1,-1,-1,1,-1,-1,-1,-1,-1
15,36,7,Have you been feeling pessimistic? And what about your worth?,"I guess. I feel like I'm just going through the motions. She was my rock, and I don't know how to be without her.",0,1,0,0,0,0,0,0,0,0,0,0,0,1,0,0,0,0,0,0,0,-1,2,-1,-1,-1,-1,-1,-1,-1,-1,-1,-1,-1,2,-1,-1,-1,-1,-1,-1,-1
15,36,8,"3 months isnt long, it is normal to feel the way you do. What about your self preception?","I feel lost. I keep thinking I should be doing more, but I just can't.",0,0,0,0,0,0,0,0,0,0,0,1,0,0,1,0,0,0,0,0,0,-1,-1,-1,-1,-1,-1,-1,-1,-1,-1,-1,2,-1,-1,3,-1,-1,-1,-1,-1,-1
15,36,9,Do you have suicidal thoughts after this?,I think about it sometimes. I just want the pain to stop.,0,0,0,0,0,0,0,0,1,0,0,0,0,0,0,0,0,0,0,0,0,-1,-1,-1,-1,-1,-1,-1,-1,3,-1,-1,-1,-1,-1,-1,-1,-1,-1,-1,-1,-1
15,36,10,Doing something to yourself is never the answer. You must continue to carry your sister with you in your heart. That way she can live on forever with you,I guess you're right. I just wish she was here to talk to.,0,0,0,0,0,0,0,0,0,0,0,0,0,0,0,0,0,0,0,0,0,-1,-1,-1,-1,-1,-1,-1,-1,-1,-1,-1,-1,-1,-1,-1,-1,-1,-1,-1,-1,-1
15,36,11,Do you feel guilt about this?,Yeah. I blame myself. I should have been there for her more.,0,0,0,0,1,0,0,0,0,0,0,0,0,0,0,0,0,0,0,0,0,-1,-1,-1,-1,3,-1,-1,-1,-1,-1,-1,-1,-1,-1,-1,-1,-1,-1,-1,-1,-1
15,36,12,Do you find it difficult to concentrate on stuff?,Yeah. I just stare at the screen. I can’t focus.,0,0,0,0,0,0,0,0,0,0,0,0,0,0,0,0,0,0,1,0,0,-1,-1,-1,-1,-1,-1,-1,-1,-1,-1,-1,-1,-1,-1,-1,-1,-1,-1,3,-1,-1
15,36,13,"Since this incident, do you punish yourself a lot? do you feel like you like yourself?",I don't know. I just feel empty. Like I am just going through the motions.,0,0,0,0,0,1,0,0,0,0,0,0,0,0,0,0,0,0,0,0,0,-1,-1,-1,-1,-1,1,-1,-1,-1,-1,-1,-1,-1,-1,-1,-1,-1,-1,-1,-1,-1
15,36,14, do you feel like you like yourself?,No. I don't like myself right now. I blame myself for everything.,0,0,0,0,0,0,1,1,0,0,0,0,0,0,0,0,0,0,0,0,0,-1,-1,-1,-1,-1,-1,3,3,-1,-1,-1,-1,-1,-1,-1,-1,-1,-1,-1,-1,-1
15,36,15,Have you lost pleasure in life? in sex?,Yeah. Sex feels weird. It just doesn't feel the same without her.,0,0,0,1,0,0,0,0,0,0,0,0,0,0,0,0,0,0,0,0,1,-1,-1,-1,2,-1,-1,-1,-1,-1,-1,-1,-1,-1,-1,-1,-1,-1,-1,-1,-1,3
15,36,16,Without her? what do you mean,We used to... we used to have a connection. Now it just feels empty.,0,0,0,0,0,0,0,0,0,0,0,0,0,0,0,0,0,0,0,0,0,-1,-1,-1,-1,-1,-1,-1,-1,-1,-1,-1,-1,-1,-1,-1,-1,-1,-1,-1,-1,-1
15,36,17,Did you have a physical connection with your sister?,"No. I mean, we were close, but we didn't touch that way.",0,0,0,0,0,0,0,0,0,0,0,0,0,0,0,0,0,0,0,0,0,-1,-1,-1,-1,-1,-1,-1,-1,-1,-1,-1,-1,-1,-1,-1,-1,-1,-1,-1,-1,-1
15,36,18,what about past failures,She always told me I was strong. She believed in me. Now I just feel lost.,0,0,0,0,0,0,0,0,0,0,0,0,0,0,0,0,0,0,0,0,0,-1,-1,-1,-1,-1,-1,-1,-1,-1,-1,-1,-1,-1,-1,-1,-1,-1,-1,-1,-1,-1
15,36,19,have you been feeling indecisive?,Yeah. I don't know what I want to do with my life.,0,0,0,0,0,0,0,0,0,0,0,0,1,0,0,0,0,0,0,0,0,-1,-1,-1,-1,-1,-1,-1,-1,-1,-1,-1,-1,3,-1,-1,-1,-1,-1,-1,-1,-1
15,36,20,do you think a lot about your past failures,All the time. I blame myself. I wish I could go back and do things differently.,0,0,1,0,0,0,0,0,0,0,0,0,0,0,0,0,0,0,0,0,0,-1,-1,3,-1,-1,-1,-1,-1,-1,-1,-1,-1,-1,-1,-1,-1,-1,-1,-1,-1,-1
9,45,1,"Lea cada grupo cuidadosamente y seleccione/haga clic en el círculo a la izquierda del enunciado que mejor describe la manera como se ha sentido durante las últimas dos semanas, incluyendo el día de hoy. Si varios enunciados dentro de un mismo grupo parecen aplicar por igual, seleccione/haga click en el círculo a la izquierda del enunciado que tenga el número más alto de ese grupo. Asegúrese de no seleccionar más de un enunciado por grupo, incluyendo la pregunta 16 (Cambios en el Patrón de Sueño) y la 18 (Cambios de Apetito).

Si desea cambiar una respuesta, seleccione el círculo que está junto a su nueva respuesta.",I'll take my time.,0,0,0,0,0,0,0,0,0,0,0,0,0,0,0,0,0,0,0,1,0,-1,-1,-1,-1,-1,-1,-1,-1,-1,-1,-1,-1,-1,-1,-1,-1,-1,-1,-1,1,-1
9,45,2,have you been feeling sad in the last two weeks?,"Yeah, I have been a bit down. I just get frustrated at the little things, like the internet taking a minute to load.",0,0,0,0,0,0,0,0,0,0,0,1,0,0,0,0,0,0,0,0,0,-1,-1,-1,-1,-1,-1,-1,-1,-1,-1,-1,2,-1,-1,-1,-1,-1,-1,-1,-1,-1
9,45,3,you have been thinking about your future?,"Yeah, I guess. I’m just trying to figure out what I want to do next. It’s a big change from where I was a few years ago.",0,1,0,0,0,0,0,0,0,0,0,0,0,0,0,0,0,0,0,0,0,-1,1,-1,-1,-1,-1,-1,-1,-1,-1,-1,-1,-1,-1,-1,-1,-1,-1,-1,-1,-1
9,45,4,and what about failures or been a failure?,"I guess I have. I dropped out of college, and it’s been a struggle to get back into it. But I’m trying to focus on moving forward now.",0,0,0,0,0,0,0,0,0,0,0,1,1,0,0,0,0,0,0,0,0,-1,-1,-1,-1,-1,-1,-1,-1,-1,-1,-1,2,1,-1,-1,-1,-1,-1,-1,-1,-1
9,45,5,and what can you tell me about activities that gives you pleasure?,"Not much right now. I used to play guitar, but I haven't picked it up in ages. I think I'm just waiting for the right moment to get back into hobbies.",0,0,0,1,0,0,0,0,0,0,0,0,0,0,0,0,0,0,0,0,0,-1,-1,-1,2,-1,-1,-1,-1,-1,-1,-1,-1,-1,-1,-1,-1,-1,-1,-1,-1,-1
9,45,6,and sexual arousal?,It’s been a bit low. I think it’s just from being stressed about the move. I'm working on getting settled and finding my routine.,0,0,0,0,0,0,0,0,0,0,0,0,0,0,0,0,0,0,0,0,1,-1,-1,-1,-1,-1,-1,-1,-1,-1,-1,-1,-1,-1,-1,-1,-1,-1,-1,-1,-1,3
9,45,7,and sadness?,"Yeah, I get a bit down sometimes. I think it’s just the adjustment period. I’m working on getting out more and finding my social group.",1,0,0,0,0,0,0,0,0,0,0,0,0,0,0,0,0,0,0,0,0,1,-1,-1,-1,-1,-1,-1,-1,-1,-1,-1,-1,-1,-1,-1,-1,-1,-1,-1,-1,-1
9,45,8,and what about you been more angry?,"Yeah, definitely. I snapped at a delivery guy because he was late. I was so out of line. I'm just trying to work on my patience.",0,0,0,0,0,0,0,0,0,0,0,0,0,0,0,0,1,0,0,0,0,-1,-1,-1,-1,-1,-1,-1,-1,-1,-1,-1,-1,-1,-1,-1,-1,2,-1,-1,-1,-1
9,45,9,"i need you to think about these past 2 weeks, have you been crying?",No. I haven't really had the urge to. I guess I’m just trying to stay busy and avoid the emotions.,0,0,0,0,0,0,0,0,0,1,0,0,0,0,0,0,0,0,0,0,0,-1,-1,-1,-1,-1,-1,-1,-1,-1,0,-1,-1,-1,-1,-1,-1,-1,-1,-1,-1,-1
9,45,10,and what can you tell me of past failures or guilty feelings?,"I think I’m just trying to move past that. I dropped out of college, and I feel like I let myself down. But I’m working on forgiving myself and moving forward.",0,0,1,0,1,0,0,0,0,0,0,0,0,0,0,0,0,0,0,0,0,-1,-1,1,-1,1,-1,-1,-1,-1,-1,-1,-1,-1,-1,-1,-1,-1,-1,-1,-1,-1
9,45,11,did you punish yourself for that?,"I cut myself off from people for a bit. I just felt like I had failed, so I didn't want to face anyone.",0,0,0,0,0,1,0,0,0,0,0,0,0,0,0,0,0,0,0,0,0,-1,-1,-1,-1,-1,1,-1,-1,-1,-1,-1,-1,-1,-1,-1,-1,-1,-1,-1,-1,-1
9,45,12,"so, you are so self critical",Yeah. I just feel like I should be doing better by now. But I'm trying to be kinder to myself and focus on the future.,0,0,0,0,0,0,1,1,0,0,0,0,0,0,0,0,0,0,0,0,0,-1,-1,-1,-1,-1,-1,2,1,-1,-1,-1,-1,-1,-1,-1,-1,-1,-1,-1,-1,-1
9,45,13,and you having more energy or movements in stressfull moments?,"No. I just get tense. My shoulders get tight. I’m working on relaxing, though.",0,0,0,0,0,0,0,0,0,0,1,0,0,0,0,0,0,0,0,0,0,-1,-1,-1,-1,-1,-1,-1,-1,-1,-1,0,-1,-1,-1,-1,-1,-1,-1,-1,-1,-1
9,45,14,and what about you wishing to be dead or go to sleep and don´t waking up?,No. I haven't really had those thoughts. I just feel stuck.,0,0,0,0,0,0,0,0,1,0,0,0,0,0,0,0,0,0,0,0,0,-1,-1,-1,-1,-1,-1,-1,-1,0,-1,-1,-1,-1,-1,-1,-1,-1,-1,-1,-1,-1
9,45,15,"i like to change the questions, what about loss of energy, sleeping patterns or sense of worth","I sleep okay, I guess. I’m just tired in the day. I’m working on getting into a routine.",0,0,0,0,0,0,0,0,0,0,0,0,0,1,1,1,0,0,0,0,0,-1,-1,-1,-1,-1,-1,-1,-1,-1,-1,-1,-1,-1,1,2,0,-1,-1,-1,-1,-1
9,45,16,and how is you appetite?,It’s been a bit off. I’m not really hungry.,0,0,0,0,0,0,0,0,0,0,0,0,0,0,0,0,0,0,0,0,0,-1,-1,-1,-1,-1,-1,-1,-1,-1,-1,-1,-1,-1,-1,-1,-1,-1,-1,-1,-1,-1
9,45,17,are you still eating?,Yeah. I force myself to eat something.,0,0,0,0,0,0,0,0,0,0,0,0,0,0,0,0,0,1,0,0,0,-1,-1,-1,-1,-1,-1,-1,-1,-1,-1,-1,-1,-1,-1,-1,-1,-1,2,-1,-1,-1
9,45,18,and can you concentrate on things?,It’s been a bit fuzzy. I just zone out sometimes.,0,0,0,0,0,0,0,0,0,0,0,0,0,0,0,0,0,0,1,0,0,-1,-1,-1,-1,-1,-1,-1,-1,-1,-1,-1,-1,-1,-1,-1,-1,-1,-1,2,-1,-1
13,14,1,Cómo te has estado sintiendo estos días?,"It's been tough. I wake up with this heavy feeling in my chest. I try to push it aside, but it lingers all day.",0,0,0,0,0,0,0,0,0,0,0,0,0,0,1,0,0,0,0,1,0,-1,-1,-1,-1,-1,-1,-1,-1,-1,-1,-1,-1,-1,-1,2,-1,-1,-1,-1,2,-1
13,14,2,"what about your mood? have you felt that you cry more, or you are more irritable?? ",I've been snapping at my kids more than usual. I don't know if it's just me being tired or if it's something deeper.,1,0,0,0,0,0,0,0,0,0,0,0,0,0,0,0,1,0,0,0,0,0,-1,-1,-1,-1,-1,-1,-1,-1,-1,-1,-1,-1,-1,-1,-1,2,-1,-1,-1,-1
13,14,3,okay... how does it make you feel? ,"It makes me feel like I'm losing control. I should be able to handle this, but I can't even keep my temper.",0,0,0,0,0,0,0,1,0,0,0,0,0,0,0,0,0,0,0,0,0,-1,-1,-1,-1,-1,-1,-1,1,-1,-1,-1,-1,-1,-1,-1,-1,-1,-1,-1,-1,-1
13,14,4,i understand... do you feel sad or do you cry more often? ,"I don't really cry. It's more... this emptiness. Like I'm waiting for something to happen, but I don't know what.",1,0,0,0,0,0,0,0,0,1,0,0,0,0,0,0,0,0,0,0,0,0,-1,-1,-1,-1,-1,-1,-1,-1,0,-1,-1,-1,-1,-1,-1,-1,-1,-1,-1,-1
13,14,5,do you feel it like hard to think on positive?? what kind of thoughts do you usually have?,"I try to think of things to look forward to, but they just feel... distant. I keep thinking maybe tomorrow will be better, but it usually isn't.",0,1,0,0,0,0,0,0,0,0,0,0,0,0,0,0,0,0,0,0,0,-1,1,-1,-1,-1,-1,-1,-1,-1,-1,-1,-1,-1,-1,-1,-1,-1,-1,-1,-1,-1
13,14,6,are you able to keep doing the activities you used to enhoy?,"Not really. I try to read a book, but I end up staring at the page for hours. I don't know if I'm just overthinking it or if something is really wrong.",0,0,0,1,0,0,0,0,0,0,0,1,0,0,0,0,0,0,0,0,0,-1,-1,-1,2,-1,-1,-1,-1,-1,-1,-1,2,-1,-1,-1,-1,-1,-1,-1,-1,-1
13,14,7,and about you? what do you think about yourself?,"I don't know... I feel like I'm losing myself, but I don't know what that means or how to stop it.",0,0,0,0,0,0,0,0,0,0,0,0,0,0,0,0,0,0,0,0,0,-1,-1,-1,-1,-1,-1,-1,-1,-1,-1,-1,-1,-1,-1,-1,-1,-1,-1,-1,-1,-1
13,14,8,"do you feel like you dont like yourself, or youre not doing things right?? do you think much about your past?",I don't know if I like myself right now. I feel like I'm failing at being the person I used to be.,0,0,1,0,1,1,1,0,0,0,0,0,0,0,0,0,0,0,0,0,0,-1,-1,0,-1,0,0,1,-1,-1,-1,-1,-1,-1,-1,-1,-1,-1,-1,-1,-1,-1
13,14,9,do you find it hard to make decisions right now?,Yes. I overthink everything. I decide on something and then immediately wonder if it was the right choice.,0,0,0,0,0,0,0,0,0,0,0,0,1,0,0,0,0,0,0,0,0,-1,-1,-1,-1,-1,-1,-1,-1,-1,-1,-1,-1,2,-1,-1,-1,-1,-1,-1,-1,-1
13,14,10,I understand... how have you been sleeping and eating?,I haven't been sleeping well. I wake up at 2 am and lie there for hours. And eating... I'm just not hungry most days.,0,0,0,0,0,0,0,0,0,0,0,0,0,0,0,1,0,1,0,0,0,-1,-1,-1,-1,-1,-1,-1,-1,-1,-1,-1,-1,-1,-1,-1,3,-1,3,-1,-1,-1
13,14,11,have you been having relations with your partner?,"We haven't really... talked about it. I don't know if it's just me, but I feel like I'm pushing him away.",0,0,0,0,0,0,0,0,0,0,0,0,0,0,0,0,0,0,0,0,1,-1,-1,-1,-1,-1,-1,-1,-1,-1,-1,-1,-1,-1,-1,-1,-1,-1,-1,-1,-1,3
13,14,12,on work... are you being able to concentrate and do your work okay?,No... I get stuck on tiny things and can't focus. I feel like I'm failing at everything.,0,0,0,0,0,0,0,0,0,0,0,0,0,1,0,0,0,0,1,0,0,-1,-1,-1,-1,-1,-1,-1,-1,-1,-1,-1,-1,-1,2,-1,-1,-1,-1,3,-1,-1
13,14,13,do you feel nervous or agitated?,Yeah. I wake up with this tightness in my chest. I don't know if it's just stress or if it's something more.,0,0,0,0,0,0,0,0,0,0,1,0,0,0,0,0,0,0,0,0,0,-1,-1,-1,-1,-1,-1,-1,-1,-1,-1,2,-1,-1,-1,-1,-1,-1,-1,-1,-1,-1
13,14,14,have you had thoughts about ending your life?,No... I don't think I have the strength to do that. I just feel... stuck.,0,0,0,0,0,0,0,0,1,0,0,0,0,0,0,0,0,0,0,0,0,-1,-1,-1,-1,-1,-1,-1,-1,0,-1,-1,-1,-1,-1,-1,-1,-1,-1,-1,-1,-1
11,11,1,"Hello, how are you today?","I’m okay, I guess. A bit tired. I went out to meet friends last night and got home pretty late.",0,0,0,0,0,0,0,0,0,0,0,0,0,0,1,0,0,0,0,1,0,-1,-1,-1,-1,-1,-1,-1,-1,-1,-1,-1,-1,-1,-1,0,-1,-1,-1,-1,1,-1
11,11,2,"Oh, that sounds nice. Did you have fun?","Yeah, it was good to see them. We just hung out at the park and talked about our jobs. It’s nice to have a break from the computer screen.",1,1,0,0,0,0,0,0,0,0,0,1,0,0,1,0,1,0,0,0,0,0,0,-1,-1,-1,-1,-1,-1,-1,-1,-1,0,-1,-1,0,-1,0,-1,-1,-1,-1
11,11,3,Do you mean you spend long time in front of a screen?,"Yeah, I do. I work as a tutor online, so I’m usually sitting there for hours. It can get a bit draining by the end of the day.",0,0,0,0,0,0,0,0,0,0,0,0,0,0,1,0,0,0,0,1,0,-1,-1,-1,-1,-1,-1,-1,-1,-1,-1,-1,-1,-1,-1,0,-1,-1,-1,-1,1,-1
11,11,4,How long have you worked as a tutor?,"About a year now. It’s been good for the money, but sometimes I wonder if I should be doing something more... active.",0,0,0,0,0,0,0,0,0,0,0,0,0,0,0,0,0,0,0,0,0,-1,-1,-1,-1,-1,-1,-1,-1,-1,-1,-1,-1,-1,-1,-1,-1,-1,-1,-1,-1,-1
11,11,5,What do you mean?,"Like a job that lets me get out more. I’m just not sure what that would be, so I’m stuck in this loop. Sorry, I’m just being a bit down today.",1,0,0,0,0,0,0,1,0,0,0,0,1,0,0,0,0,0,0,0,0,2,-1,-1,-1,-1,-1,-1,1,-1,-1,-1,-1,1,-1,-1,-1,-1,-1,-1,-1,-1
11,11,6,I see. Did anything bad happen to you?,"No, it’s just... I turned thirty recently, and I feel like I should have figured out what I want to do with my life by now. It’s a bit embarrassing to be so lost.",1,1,1,0,1,0,1,1,0,0,0,0,0,1,0,0,0,0,0,0,0,1,1,2,-1,1,-1,2,3,-1,-1,-1,-1,-1,2,-1,-1,-1,-1,-1,-1,-1
11,11,7,How about your future? How do you see it?,"I don’t know. I guess I just need to decide if I want to stay here or move somewhere else. It feels like a big choice, so I’m just putting it off.",1,1,0,0,0,0,0,0,0,0,0,0,1,0,0,0,0,0,0,0,0,1,2,-1,-1,-1,-1,-1,-1,-1,-1,-1,-1,2,-1,-1,-1,-1,-1,-1,-1,-1
11,11,8,Is it tough for you to make decisions?,"Yeah, I guess so. I always worry I’ll make the wrong choice. I’m sorry, I’m just being a bit of a downer today.",1,0,0,0,0,0,0,0,0,0,0,0,1,1,0,0,0,0,0,0,0,2,-1,-1,-1,-1,-1,-1,-1,-1,-1,-1,-1,3,2,-1,-1,-1,-1,-1,-1,-1
11,11,9,"It's okay, don't worry. Let's get back to the beginning. You said you slept badly. How is your sleep recently?","It’s been pretty poor, honestly. I wake up a lot and then have trouble falling back asleep. I’m just a bit tired all the time.",0,0,0,0,0,0,0,0,0,0,0,0,0,0,0,1,0,0,0,1,0,-1,-1,-1,-1,-1,-1,-1,-1,-1,-1,-1,-1,-1,-1,-1,3,-1,-1,-1,3,-1
11,11,10,Do you feel stressed?,"A bit, I guess. It’s just the pressure to make a decision about my life. It feels like I’m running out of time to figure it out.",0,0,0,0,0,0,0,0,0,0,0,0,0,0,0,0,0,0,0,0,0,-1,-1,-1,-1,-1,-1,-1,-1,-1,-1,-1,-1,-1,-1,-1,-1,-1,-1,-1,-1,-1
11,11,11,Such decisions are always difficult. Can you concentrate while making them?,"Not really. I get this heavy feeling in my chest, like I’m making the wrong choice even if I don't know what the right one is.",0,0,0,0,0,0,0,0,0,0,0,0,0,0,0,0,0,0,0,0,0,-1,-1,-1,-1,-1,-1,-1,-1,-1,-1,-1,-1,-1,-1,-1,-1,-1,-1,-1,-1,-1
11,11,12,How about work? Can you focus on what you are doing?,"It’s okay, I guess. I just zone out sometimes and think about the future. Sorry, I’m just being a bit gloomy today.",0,0,0,0,0,0,0,0,0,0,0,0,0,0,0,0,0,0,1,0,0,-1,-1,-1,-1,-1,-1,-1,-1,-1,-1,-1,-1,-1,-1,-1,-1,-1,-1,1,-1,-1
11,11,13,What about food? Do you eat as much as usual?,"Not really. I just pick at stuff. I think I’m just too tired to cook or go out, so I just stick to what’s easy.",0,0,0,0,0,0,0,0,0,0,0,0,0,0,0,0,0,1,0,0,0,-1,-1,-1,-1,-1,-1,-1,-1,-1,-1,-1,-1,-1,-1,-1,-1,-1,2,-1,-1,-1
11,11,14,Can you tell me something about your relations? Do you have a partner?,"No, I don't. I’m not really looking for one either. I just figure I need to get my life sorted out before I can even think about that.",0,0,0,0,0,0,0,0,0,0,0,0,1,0,1,0,0,0,0,0,0,-1,-1,-1,-1,-1,-1,-1,-1,-1,-1,-1,-1,3,-1,2,-1,-1,-1,-1,-1,-1
11,11,15,Any friends?,"Yeah, I have some. We hang out, but it’s not the same as having a partner. I just feel like I’m stuck in this loop and can't get out of it.",0,0,0,0,0,0,0,0,0,0,0,0,0,0,0,0,0,0,0,0,1,-1,-1,-1,-1,-1,-1,-1,-1,-1,-1,-1,-1,-1,-1,-1,-1,-1,-1,-1,-1,1
11,11,16,Do you sometimes think about your sexual life?,"Yeah, I do. I just feel like I’m stuck in a rut. I don't know if I'm ready for a relationship, but I also don't know how to meet new people.",0,0,0,0,0,0,0,0,0,0,0,0,0,0,0,0,0,0,0,0,1,-1,-1,-1,-1,-1,-1,-1,-1,-1,-1,-1,-1,-1,-1,-1,-1,-1,-1,-1,-1,2
11,11,17,Okay. Now tell me about your mood lately. Do you get into arguments easily?,"I get a bit irritable sometimes, but it’s just me being tired. I apologize for being so negative today.",0,1,0,0,1,0,0,0,0,0,0,0,0,0,0,0,1,0,0,0,0,-1,2,-1,-1,3,-1,-1,-1,-1,-1,-1,-1,-1,-1,-1,-1,1,-1,-1,-1,-1
11,11,18,Have you cried recently?,"No, I haven’t. I just get this heavy feeling in my chest. Sorry, I know that sounds silly.",0,0,0,0,0,0,0,0,0,1,0,0,0,0,0,0,0,0,0,0,0,-1,-1,-1,-1,-1,-1,-1,-1,-1,0,-1,-1,-1,-1,-1,-1,-1,-1,-1,-1,-1
11,11,19,Okay. But overall you said you are rather calm?,"Yeah, I guess I am. I just have this constant worry in the background. It’s hard to explain.",0,0,0,0,0,0,0,0,0,0,1,0,0,0,0,0,0,0,0,0,0,-1,-1,-1,-1,-1,-1,-1,-1,-1,-1,0,-1,-1,-1,-1,-1,-1,-1,-1,-1,-1
11,11,20,What do you do for fun?,"I read a lot, I guess. I like history and science. It’s just nice to escape into something else for a bit.",0,0,0,1,0,0,0,0,0,0,0,0,0,0,0,0,0,0,0,0,0,-1,-1,-1,0,-1,-1,-1,-1,-1,-1,-1,-1,-1,-1,-1,-1,-1,-1,-1,-1,-1
11,11,21,Does reading make you happy?,"Yeah, it does. I can just get lost in a book and forget about everything else.",0,0,0,1,0,0,0,0,0,0,0,0,0,0,0,0,0,0,0,0,0,-1,-1,-1,0,-1,-1,-1,-1,-1,-1,-1,-1,-1,-1,-1,-1,-1,-1,-1,-1,-1
11,11,22,Okay. Now two more questions. Do you think your problems are some sort of punishment?,"No, I don't think that. I just feel like I’m not doing enough with my life.",0,0,0,0,0,1,0,0,0,0,0,0,0,0,0,0,0,0,0,0,0,-1,-1,-1,-1,-1,0,-1,-1,-1,-1,-1,-1,-1,-1,-1,-1,-1,-1,-1,-1,-1
11,11,23,"Okay, and the last one. Don't worry, it's typical during psychiatric examination. Did you think about death lately?","No, I don't. I just worry about the future. I’m sorry, I shouldn’t be so negative.",0,0,0,0,1,0,0,0,1,0,0,0,0,0,0,0,0,0,0,0,0,-1,-1,-1,-1,3,-1,-1,-1,0,-1,-1,-1,-1,-1,-1,-1,-1,-1,-1,-1,-1
11,11,24,Did you have a feeling that the world would be better without you?,"No, I don't think that. I just feel a bit... stuck. Sorry, I’m just being a bit down today.",1,0,0,0,1,0,0,0,1,0,0,0,0,0,0,0,0,0,0,0,0,2,-1,-1,-1,3,-1,-1,-1,0,-1,-1,-1,-1,-1,-1,-1,-1,-1,-1,-1,-1
18,32,1,how have you been feeling emotionally latey?,"I’m a bit restless, actually. I'll be lying in bed thinking about the seating plans and my stomach will flip. It’s annoying, but I know it’s just wedding jitters.",0,0,0,0,0,0,0,0,0,0,0,0,0,0,0,1,1,0,0,0,0,-1,-1,-1,-1,-1,-1,-1,-1,-1,-1,-1,-1,-1,-1,-1,1,1,-1,-1,-1,-1
18,32,2,Have you been feeling sad or down lately?,"No, I don't really feel down. I’m just a bit... over it, maybe? It’s all a bit much to manage on my own.",0,0,0,0,0,0,0,0,0,0,0,0,0,0,1,0,0,0,0,1,0,-1,-1,-1,-1,-1,-1,-1,-1,-1,-1,-1,-1,-1,-1,1,-1,-1,-1,-1,1,-1
18,32,3,do you still enjoy activities you used to like?,"Yeah, definitely. I just need to make the time for it. I’m not super motivated right now, but it’s fine.",0,0,0,0,0,0,0,0,0,0,0,1,0,0,0,0,0,0,0,0,0,-1,-1,-1,-1,-1,-1,-1,-1,-1,-1,-1,1,-1,-1,-1,-1,-1,-1,-1,-1,-1
18,32,4,How is your sleep?,"It’s okay. I get a bit of a buzz in my head when I first lie down, but I usually fall asleep eventually. It’s not a huge deal.",0,0,0,0,0,0,0,0,0,0,0,0,0,0,0,1,0,0,0,0,0,-1,-1,-1,-1,-1,-1,-1,-1,-1,-1,-1,-1,-1,-1,-1,1,-1,-1,-1,-1,-1
18,32,5,any changes on your appetite or energy?,"I’m fine, just a bit slower getting up. I don't need a nap or anything, though. I’m managing.",0,0,0,0,0,0,0,0,0,0,0,0,0,0,1,0,0,0,0,1,0,-1,-1,-1,-1,-1,-1,-1,-1,-1,-1,-1,-1,-1,-1,1,-1,-1,-1,-1,1,-1
18,32,6,have you had thoughts of self criticism?,"Sometimes, yeah. I'll think, 'You’re really being lazy lately.' But I just tell myself I’m tired, not stupid.",0,0,0,0,0,0,0,1,0,0,0,0,0,0,0,0,0,0,0,0,0,-1,-1,-1,-1,-1,-1,-1,1,-1,-1,-1,-1,-1,-1,-1,-1,-1,-1,-1,-1,-1
18,32,7,Have you been feeing sad or down at all recently?,"No, not really. It’s all good. I’m just tired.",0,0,0,0,0,0,0,1,0,0,0,0,0,0,0,0,0,0,0,0,0,-1,-1,-1,-1,-1,-1,-1,1,-1,-1,-1,-1,-1,-1,-1,-1,-1,-1,-1,-1,-1
18,32,8,do you find yourself being negative about the future or expecting things not to work out?,"A bit, I guess. I worry I’m not prepared enough. It’s silly, though. I know I’ll figure it out.",0,1,0,0,0,0,0,0,0,0,0,0,0,0,0,0,0,0,0,0,0,-1,1,-1,-1,-1,-1,-1,-1,-1,-1,-1,-1,-1,-1,-1,-1,-1,-1,-1,-1,-1
18,32,9,"When you thin about your past, do you feel like you've failed or made many mistakes?","Sometimes, yeah. I'll think, 'You should have done that differently.' But honestly, I just shrug it off. I'm not going to dwell on it.",0,0,1,0,0,0,0,0,0,0,0,0,0,0,0,0,0,0,0,0,0,-1,-1,2,-1,-1,-1,-1,-1,-1,-1,-1,-1,-1,-1,-1,-1,-1,-1,-1,-1,-1
18,32,10,have you been losing enjoyment in things that used to make you feel good or happy?,"Not really. I might be a bit slower to get going, but I still enjoy it once I’m there.",0,0,0,1,0,0,0,0,0,0,0,0,0,0,0,0,0,0,0,0,0,-1,-1,-1,1,-1,-1,-1,-1,-1,-1,-1,-1,-1,-1,-1,-1,-1,-1,-1,-1,-1
18,32,11,Do you often feel guilty about things you’ve done or things you think you should have done differently?,"Yeah, sometimes. I’ll think, 'You should have done this,' but I don't dwell on it. I know I’m doing the best I can.",0,0,0,0,1,0,0,0,0,0,0,0,0,0,0,0,0,0,0,0,0,-1,-1,-1,-1,1,-1,-1,-1,-1,-1,-1,-1,-1,-1,-1,-1,-1,-1,-1,-1,-1
18,32,12,Do you ever feel like you deserve punishment or that bad things happening to you are justified?,"No, definitely not. I know I’m a good person, and I don't believe I deserve anything bad.",0,0,0,0,0,1,0,0,0,0,0,0,0,0,0,0,0,0,0,0,0,-1,-1,-1,-1,-1,0,-1,-1,-1,-1,-1,-1,-1,-1,-1,-1,-1,-1,-1,-1,-1
18,32,13,How do you feel about yourself these days? Do you find yourself disliking who you are?,"No, I don't hate myself or anything. I just think I could be better sometimes. I guess that’s normal.",0,0,0,0,0,0,1,0,0,0,0,0,0,0,0,0,0,0,0,0,0,-1,-1,-1,-1,-1,-1,0,-1,-1,-1,-1,-1,-1,-1,-1,-1,-1,-1,-1,-1,-1
18,32,14,Are you often very critical of yourself or your actions?,"Yeah, sometimes. I’ll think, 'You should be more patient,' or 'You’re a bit lazy.' But I don't let it get me down.",0,0,0,0,0,0,0,1,0,0,0,0,0,0,0,0,0,0,0,0,0,-1,-1,-1,-1,-1,-1,-1,1,-1,-1,-1,-1,-1,-1,-1,-1,-1,-1,-1,-1,-1
18,32,15,"Have you had any thoughts about not wanting to live, or thoughts of harming yourself?","No, never. I know that’s not normal. I just need to keep pushing forward.",0,0,0,0,0,0,0,0,1,0,0,0,0,0,0,0,0,0,0,0,0,-1,-1,-1,-1,-1,-1,-1,-1,0,-1,-1,-1,-1,-1,-1,-1,-1,-1,-1,-1,-1
18,32,16,"Have you been crying more often than usual, or feeling like you might cry easily?","No, I don’t really cry. I might get a bit emotional talking about it, but I’m fine once it’s over.",0,0,0,0,0,0,0,0,0,1,0,0,0,0,0,0,0,0,0,0,0,-1,-1,-1,-1,-1,-1,-1,-1,-1,0,-1,-1,-1,-1,-1,-1,-1,-1,-1,-1,-1
18,32,17,"Do you often feel restless, tense, or unable to sit still?","Sometimes, yeah. I get a bit fidgety. But I just take a walk or something, and I’m fine.",0,0,0,0,0,0,0,0,0,0,1,0,0,0,0,0,0,0,0,0,0,-1,-1,-1,-1,-1,-1,-1,-1,-1,-1,1,-1,-1,-1,-1,-1,-1,-1,-1,-1,-1
18,32,18,"Do you find it harder than usual to make decisions, even small ones?","Maybe a little. I’ll think, 'Do I really need to go to this party?' But I just tell myself to get out and I’m fine.",0,0,0,0,0,0,0,0,0,0,0,0,1,0,0,0,0,0,0,0,0,-1,-1,-1,-1,-1,-1,-1,-1,-1,-1,-1,-1,1,-1,-1,-1,-1,-1,-1,-1,-1
18,32,19,Do you sometimes feel worthless or like you don’t have much value?,"No, never. I know I’m doing my best, so I don’t really think that.",0,0,0,0,0,0,0,0,0,0,0,0,0,1,0,0,0,0,0,0,0,-1,-1,-1,-1,-1,-1,-1,-1,-1,-1,-1,-1,-1,0,-1,-1,-1,-1,-1,-1,-1
18,32,21,Do you have trouble concentrating or focusing on tasks or conversations?,"Sometimes, yeah. I’ll zone out for a second, but I snap back pretty quick. It’s not a big deal.",0,0,0,0,0,0,0,0,0,0,0,0,0,0,0,0,0,0,0,0,1,-1,-1,-1,-1,-1,-1,-1,-1,-1,-1,-1,-1,-1,-1,-1,-1,-1,-1,-1,-1,1
18,32,22,Have you noticed any changes in your interest in sexual activity?,"Yeah, a bit. I just need to get in the right mood, you know? It’s not a big deal.",1,0,0,0,0,0,0,0,0,0,0,0,0,0,0,0,0,0,0,0,0,1,-1,-1,-1,-1,-1,-1,-1,-1,-1,-1,-1,-1,-1,-1,-1,-1,-1,-1,-1,-1
18,32,23,"Have you been feeling sad or down at all recently? If so, how often does that feeling come up?","I get a bit down sometimes, but it’s usually just after a long day. I just need a nap, and I’m fine.",0,0,0,0,0,0,0,0,0,0,0,0,0,0,0,0,0,1,0,0,0,-1,-1,-1,-1,-1,-1,-1,-1,-1,-1,-1,-1,-1,-1,-1,-1,-1,1,-1,-1,-1
18,32,24,have you been eating more or less than you normally do?,"I eat a bit less, I think. I'm not starving or anything. I just don't feel like eating as much.",0,0,0,0,0,0,0,0,0,0,0,0,0,0,0,0,0,0,0,0,0,-1,-1,-1,-1,-1,-1,-1,-1,-1,-1,-1,-1,-1,-1,-1,-1,-1,-1,-1,-1,-1
19,37,1,hey,"Hi! I'm trying to get this recipe right, but I think I overdid it. It looks like a science experiment.",0,0,0,0,0,0,0,0,0,0,0,0,0,0,0,0,0,0,0,0,0,-1,-1,-1,-1,-1,-1,-1,-1,-1,-1,-1,-1,-1,-1,-1,-1,-1,-1,-1,-1,-1
19,37,2,which recipe ?,"I tried to make lemon bars. I think I added too much lemon juice. It's supposed to be sweet and tangy, but it’s just... sour.",0,0,0,0,0,0,0,0,0,0,0,0,0,0,0,0,0,0,0,0,0,-1,-1,-1,-1,-1,-1,-1,-1,-1,-1,-1,-1,-1,-1,-1,-1,-1,-1,-1,-1,-1
19,37,3,oh so you like kitchen and cooking also make drinks ?,"Yeah, I like trying new recipes. I even tried making a latte with espresso powder and ended up with a puddle. I just laughed and poured it down the sink.",0,0,0,0,0,0,0,0,0,0,0,1,0,0,0,0,0,0,0,0,0,-1,-1,-1,-1,-1,-1,-1,-1,-1,-1,-1,0,-1,-1,-1,-1,-1,-1,-1,-1,-1
19,37,4,but i  see you like to try nre methods ?,"Yeah, definitely. I figure if it doesn’t work out, I can always try again. And if it does, I get to say I did it myself.",0,0,1,0,0,0,0,0,0,0,0,0,0,0,0,0,0,0,0,0,0,-1,-1,1,-1,-1,-1,-1,-1,-1,-1,-1,-1,-1,-1,-1,-1,-1,-1,-1,-1,-1
19,37,5,so tell me about your last meal you do ?,"I made pasta with garlic. It was... fine. I think I overcooked it. I tried to salvage it by adding a lot of cheese, but it’s still a bit mushy.",0,0,0,0,0,0,0,0,0,0,0,1,0,0,0,0,0,0,0,0,0,-1,-1,-1,-1,-1,-1,-1,-1,-1,-1,-1,0,-1,-1,-1,-1,-1,-1,-1,-1,-1
19,37,6,do you felt sad or angry about that ?,"Not really. I just rolled my eyes and said, “Well, that’s a fail.” I don’t get too worked up about it.",0,0,1,0,0,0,0,0,0,0,0,0,0,0,0,0,0,0,0,0,0,-1,-1,0,-1,-1,-1,-1,-1,-1,-1,-1,-1,-1,-1,-1,-1,-1,-1,-1,-1,-1
19,37,7,and when it go against what you want don't that make you angry or mad on yourself ?,"Yeah, a bit. When it doesn’t turn out, I feel like I’m wasting my time. But I usually just laugh it off and move on.",0,1,0,0,1,0,0,0,0,0,0,0,0,0,0,0,0,0,0,0,0,-1,0,-1,-1,0,-1,-1,-1,-1,-1,-1,-1,-1,-1,-1,-1,-1,-1,-1,-1,-1
19,37,8,so you accept it without punish yourself ?,"Yeah. I figure if I’m going to fail, I might as well do it with a smile.",1,1,0,0,0,1,0,0,0,0,0,0,0,0,0,0,0,0,0,0,0,0,0,-1,-1,-1,0,-1,-1,-1,-1,-1,-1,-1,-1,-1,-1,-1,-1,-1,-1,-1
19,37,9,did you found inly your pleasure in cooking ?,"Not really. I like the idea of cooking, but the actual doing it? That’s a work in progress.",0,0,0,0,0,0,0,0,0,0,0,0,0,0,0,0,0,0,0,0,0,-1,-1,-1,-1,-1,-1,-1,-1,-1,-1,-1,-1,-1,-1,-1,-1,-1,-1,-1,-1,-1
19,37,10,what else you like to do ? as a hobby ?,"I like photography. I have a good camera, and I like trying to capture nice moments. It’s nice to focus on something that actually turns out well.",0,0,0,0,0,0,0,0,0,0,0,1,0,0,0,0,0,0,1,0,0,-1,-1,-1,-1,-1,-1,-1,-1,-1,-1,-1,0,-1,-1,-1,-1,-1,-1,0,-1,-1
19,37,11,and did photoes go well,"Yeah, usually. I got a nice shot of the sunset last weekend. It made me feel better about the pasta.",0,0,0,1,0,0,0,0,0,0,0,0,0,0,0,0,0,0,0,0,0,-1,-1,-1,0,-1,-1,-1,-1,-1,-1,-1,-1,-1,-1,-1,-1,-1,-1,-1,-1,-1
19,37,12,you appraciate  yourself also as it is your skills ?,"I guess. I mean, I’m not winning any awards for cooking, but at least I tried.",0,0,0,0,0,0,1,1,0,0,0,0,0,0,0,0,0,0,0,0,0,-1,-1,-1,-1,-1,-1,0,0,-1,-1,-1,-1,-1,-1,-1,-1,-1,-1,-1,-1,-1
19,37,13,the most important that you don't feel guilty and try to punish yourself if somethig goes wrong ,"Exactly. I figure if I’m going to fail, I might as well do it with a smile.",0,0,0,0,0,1,0,0,1,0,0,0,0,0,0,0,0,0,0,0,0,-1,-1,-1,-1,-1,0,-1,-1,0,-1,-1,-1,-1,-1,-1,-1,-1,-1,-1,-1,-1
19,37,14,you you are a simle person ?,I try to be. I don’t like to make a big deal out of things that don’t go right.,0,0,0,0,0,0,0,0,0,1,1,0,0,0,0,0,0,0,0,0,0,-1,-1,-1,-1,-1,-1,-1,-1,-1,0,0,-1,-1,-1,-1,-1,-1,-1,-1,-1,-1
19,37,15,did you fast Irritabile ?,"No, not usually. I get a bit frustrated when things don’t turn out, but I don’t hold onto it.",0,0,0,0,0,0,0,0,0,0,0,0,0,0,0,0,1,0,0,0,0,-1,-1,-1,-1,-1,-1,-1,-1,-1,-1,-1,-1,-1,-1,-1,-1,0,-1,-1,-1,-1
19,37,16,how often you cook ?,"A lot, actually. I like trying new recipes, even if they don’t turn out.",0,0,0,0,0,0,0,0,0,0,0,1,0,0,1,0,0,0,0,0,0,-1,-1,-1,-1,-1,-1,-1,-1,-1,-1,-1,0,-1,-1,0,-1,-1,-1,-1,-1,-1
19,37,17,and who decide about the recipes and choose it you or maybe your girlfriend ?,I do. I’m the chef around here. I like trying new things and experimenting.,0,0,0,0,0,0,0,1,0,0,0,0,1,0,0,0,0,0,0,1,0,-1,-1,-1,-1,-1,-1,-1,0,-1,-1,-1,-1,0,-1,-1,-1,-1,-1,-1,0,-1
19,37,18,did you like to eat normally new food ?,"Yeah, I love trying new foods. I’m a bit of a foodie.",0,0,0,0,0,0,0,0,0,0,0,0,0,0,0,0,0,1,0,1,0,-1,-1,-1,-1,-1,-1,-1,-1,-1,-1,-1,-1,-1,-1,-1,-1,-1,0,-1,0,-1
19,37,19,you seem to be the person who know his skills and appracite it ,"Yeah, I think so. I don't get too worked up about things that don't turn out. I just laugh it off and move on.",0,0,0,0,0,0,0,0,0,0,0,0,0,1,0,0,0,0,0,0,0,-1,-1,-1,-1,-1,-1,-1,-1,-1,-1,-1,-1,-1,0,-1,-1,-1,-1,-1,-1,-1
19,37,20,what about romance any place in your day for your girl maybe ?,"Yeah, definitely. I like to plan little surprises for her. It keeps things interesting.",0,0,0,1,0,0,0,0,0,0,0,1,0,0,0,0,0,0,0,0,0,-1,-1,-1,0,-1,-1,-1,-1,-1,-1,-1,0,-1,-1,-1,-1,-1,-1,-1,-1,-1
19,37,21,what about your sexual life ?,It’s good. I try to make sure I’m always available for her.,0,0,0,0,0,0,0,0,0,0,0,0,0,0,0,0,0,0,0,0,1,-1,-1,-1,-1,-1,-1,-1,-1,-1,-1,-1,-1,-1,-1,-1,-1,-1,-1,-1,-1,0
19,37,22,great so you can sleep well with such good thoughts in mind ?,Yeah. I like to think I’m a good partner. I try to be reliable.,0,0,0,0,0,0,0,0,0,0,0,0,0,0,0,1,0,0,0,0,0,-1,-1,-1,-1,-1,-1,-1,-1,-1,-1,-1,-1,-1,-1,-1,0,-1,-1,-1,-1,-1
19,37,23,what your next recipe plan ?,"I think I’m going to try making brownies. I burned the last batch, but I’m determined to get it right this time.",0,0,1,0,0,0,0,0,0,0,0,1,0,0,0,0,0,0,1,0,0,-1,-1,0,-1,-1,-1,-1,-1,-1,-1,-1,0,-1,-1,-1,-1,-1,-1,0,-1,-1
19,37,24,i wish you luck and thank you for sharing ,Thanks! I appreciate the support. I'll let you know how the brownies turn out.,1,0,0,0,0,0,0,0,0,0,0,0,0,0,0,0,0,0,0,0,0,0,-1,-1,-1,-1,-1,-1,-1,-1,-1,-1,-1,-1,-1,-1,-1,-1,-1,-1,-1,-1
19,37,25,i will be wait for news ....good one i wish ,I'll try to keep you updated. Thanks for listening.,0,0,0,0,0,0,0,0,0,0,0,0,0,0,0,0,0,0,0,0,0,-1,-1,-1,-1,-1,-1,-1,-1,-1,-1,-1,-1,-1,-1,-1,-1,-1,-1,-1,-1,-1
18,23,1,"hello, are you ready for our session","Yeah, mostly. I'm looking forward to it, but I have to admit I'm a bit tired. It’s just the usual prep, though, so I'll be fine once we start.",0,1,0,0,0,0,0,0,0,0,0,1,0,0,0,0,0,0,0,1,0,-1,1,-1,-1,-1,-1,-1,-1,-1,-1,-1,1,-1,-1,-1,-1,-1,-1,-1,2,-1
18,23,2,A bit tired you say?,"Just a bit sluggish. I went for a run this morning, so I think I just need a nap. I'm good, just a bit slow.",0,0,0,0,0,0,0,0,0,0,0,0,0,0,1,0,0,0,0,0,0,-1,-1,-1,-1,-1,-1,-1,-1,-1,-1,-1,-1,-1,-1,0,-1,-1,-1,-1,-1,-1
18,23,3,What does sluggish feel like to you?,"It’s just... I don’t know, I feel like I’m running through quicksand or something. It’s annoying, but I know it’s just a phase.",0,0,0,0,0,0,0,0,0,0,0,0,0,0,0,0,0,0,0,0,0,-1,-1,-1,-1,-1,-1,-1,-1,-1,-1,-1,-1,-1,-1,-1,-1,-1,-1,-1,-1,-1
18,23,4,"annoying, but it'll pass, yes I understand. And how is your mood today?","I’m good. I just need to get moving, and I’ll be back to normal. Just a bit of a slow start.",0,0,0,0,1,0,0,1,0,0,0,0,0,0,0,0,0,0,0,0,0,-1,-1,-1,-1,0,-1,-1,0,-1,-1,-1,-1,-1,-1,-1,-1,-1,-1,-1,-1,-1
18,23,5,It feels like you're striving towards some different state of being - is that fair,"Yeah, I guess so. I feel like I should be more productive or something. But honestly, I’m just trying to get through the day.",1,0,0,1,0,0,1,0,0,0,0,1,0,0,0,0,0,0,0,0,0,2,-1,-1,2,-1,-1,1,-1,-1,-1,-1,2,-1,-1,-1,-1,-1,-1,-1,-1,-1
18,23,6,That sounds like a tough way to live. How are you sleeping at the moment?,"It's fine. I get to bed, I just don't always fall asleep right away. It's not a big deal, really.",0,0,0,0,0,0,0,0,0,0,0,0,0,0,0,1,0,0,0,0,0,-1,-1,-1,-1,-1,-1,-1,-1,-1,-1,-1,-1,-1,-1,-1,1,-1,-1,-1,-1,-1
18,23,7,how do you feel about your past?,"I guess I feel a bit guilty about the stress I'm causing. I know I'm lucky to be in this situation, so I try to focus on the good stuff.",0,0,1,0,1,1,0,0,0,0,0,0,0,0,0,0,0,0,0,0,0,-1,-1,0,-1,0,0,-1,-1,-1,-1,-1,-1,-1,-1,-1,-1,-1,-1,-1,-1,-1
18,23,8,What do you consider lucky about your situation,"Just the fact that I have this opportunity. I know it’s not everyone’s experience, so I try to keep things in perspective.",1,0,0,0,0,0,0,0,0,0,0,0,0,0,0,0,0,0,0,0,0,0,-1,-1,-1,-1,-1,-1,-1,-1,-1,-1,-1,-1,-1,-1,-1,-1,-1,-1,-1,-1
18,23,9,what opportunity are you talking about,"The training. I’m grateful to be here and learning. It’s a chance to grow, so I try to stay positive.",0,1,0,0,0,0,0,0,0,0,0,0,0,0,0,0,0,0,0,0,0,-1,0,-1,-1,-1,-1,-1,-1,-1,-1,-1,-1,-1,-1,-1,-1,-1,-1,-1,-1,-1
18,23,10,that's good. Do you have any difficulty concentrating in these sessions,"Occasionally, yeah. I'll zone out for a second, but it’s nothing a quick restart can’t fix.",0,0,0,0,0,0,0,0,0,0,0,0,0,0,0,0,0,0,1,0,0,-1,-1,-1,-1,-1,-1,-1,-1,-1,-1,-1,-1,-1,-1,-1,-1,-1,-1,1,-1,-1
18,23,11,Do you ever have any suicidal ideation or feelings of worthlessness?,"No, not really. I just feel tired and over it. It’s manageable, and I know I’m not alone in this.",0,0,0,0,0,0,0,0,1,0,0,0,0,1,0,0,0,0,0,0,0,-1,-1,-1,-1,-1,-1,-1,-1,0,-1,-1,-1,-1,0,-1,-1,-1,-1,-1,-1,-1
18,23,12,I'm pleased to hear that though sorry about your feelings of ennui. It is true you are not alone though.,"Yeah, I know. I’m just trying to stay focused on the positive. It's not a big deal, really.",0,0,0,0,0,0,0,0,0,0,0,0,0,0,0,0,1,0,0,0,0,-1,-1,-1,-1,-1,-1,-1,-1,-1,-1,-1,-1,-1,-1,-1,-1,1,-1,-1,-1,-1
18,23,13,you sound quite dismissive of your own feelings ,"Maybe a bit. I just want to get on with it, you know?",0,0,0,0,0,0,0,0,0,0,1,0,0,0,0,0,0,0,0,0,0,-1,-1,-1,-1,-1,-1,-1,-1,-1,-1,1,-1,-1,-1,-1,-1,-1,-1,-1,-1,-1
18,23,14,get on with what?,Just the training. I don't want to waste time feeling sorry for myself.,0,0,0,0,1,0,0,0,0,0,0,0,0,0,0,0,0,0,0,0,0,-1,-1,-1,-1,0,-1,-1,-1,-1,-1,-1,-1,-1,-1,-1,-1,-1,-1,-1,-1,-1
18,23,15,what training? do you ever cry,"I cry sometimes, yeah. But honestly, I don't really feel like I need to right now.",0,0,0,0,0,0,0,0,0,1,0,0,0,0,0,0,0,0,0,0,0,-1,-1,-1,-1,-1,-1,-1,-1,-1,1,-1,-1,-1,-1,-1,-1,-1,-1,-1,-1,-1
18,23,16,how is your appetite,It’s fine. I eat when I'm hungry. No big changes there.,0,0,0,0,0,0,0,0,0,0,0,0,0,0,0,0,0,1,0,0,0,-1,-1,-1,-1,-1,-1,-1,-1,-1,-1,-1,-1,-1,-1,-1,-1,-1,0,-1,-1,-1
18,23,17,and how is your sex life,"It’s... normal. I don't feel like I'm super in the mood all the time, but it's not a big deal.",0,0,0,0,0,0,0,0,0,0,0,0,0,0,0,0,0,0,0,0,1,-1,-1,-1,-1,-1,-1,-1,-1,-1,-1,-1,-1,-1,-1,-1,-1,-1,-1,-1,-1,1
18,23,18,i notice you are keen to find things not a big deal,"Yeah, I guess I just want to stay positive. It's all good, really.",0,0,0,0,0,0,0,0,0,0,0,0,1,0,0,0,0,0,0,0,0,-1,-1,-1,-1,-1,-1,-1,-1,-1,-1,-1,-1,1,-1,-1,-1,-1,-1,-1,-1,-1
18,12,1,"Hello, thank you for joining me today. I am here to listen and understand how you have been feeling lately. Can you tell me a bit about how your mood has been over the past two weeks?","It’s been... okay, I guess. I feel a bit tired and slow lately. I used to be more energetic, but I think I just need a break. I’m managing, though.",0,0,0,0,0,0,0,0,0,0,0,0,0,0,1,0,0,0,0,1,0,-1,-1,-1,-1,-1,-1,-1,-1,-1,-1,-1,-1,-1,-1,1,-1,-1,-1,-1,1,-1
18,12,2,Thank you for sharing that. You mentioned feeling tired and slow. Can you tell me more about your energy levels? and how has your mood been. Have you been feelg sad or down?,"I don't really feel sad or down, just... tired. I think it’s just the wedding planning and work catching up with me. I’ll be fine once things settle down.",1,0,0,0,0,0,0,0,0,0,0,0,0,0,0,0,0,0,0,0,0,0,-1,-1,-1,-1,-1,-1,-1,-1,-1,-1,-1,-1,-1,-1,-1,-1,-1,-1,-1,-1
18,12,3,"I understand, wedding planning and work can be very exhausting. How have you been finding enjoyment in things you usually like to do? Are you still finding pleasure in activities, or has that changed? And how about your sleep and appetite?","I’m still doing my yoga and running, so that’s good. It’s just... a bit more of an effort lately. But I know I'll get back to normal soon. My sleep is okay, just a bit restless. I’m eating fine, just a bit slower than usual.",0,0,0,1,0,0,0,0,0,0,0,0,0,0,0,1,0,1,0,0,0,-1,-1,-1,1,-1,-1,-1,-1,-1,-1,-1,-1,-1,-1,-1,1,-1,0,-1,-1,-1
18,12,4,"Thank you, that's helpful. I notice you mentioned expecting to get back to normal soon, which is a positive outlook. How have you been feeling about yourself - have you noticed any feelings of guilt, or being critical of yourself? And have you been feeling more irritable than usual?","Not really. I know I’m just busy, so I try not to stress about it. I’m managing, so I don’t see the point in being too hard on myself.",0,1,0,0,1,0,0,1,0,0,0,0,0,0,0,0,1,0,0,0,0,-1,0,-1,-1,0,-1,-1,0,-1,-1,-1,-1,-1,-1,-1,-1,0,-1,-1,-1,-1
18,12,5,"I appreciate your perspective. Can I ask about some other experiences in the past two weeks? Have you had any trouble making decisions, or noticed changes in your concentration? And how about feelings of worthlessness or thoughts about past failures?","No, decisions are fine. I'm a bit slower with emails, but that’s just work. As for the rest, I don't really think about it. I know I’m doing well, so I don't dwell on it.",0,0,1,0,0,0,0,0,0,0,0,0,1,1,0,0,0,0,1,0,0,-1,-1,0,-1,-1,-1,-1,-1,-1,-1,-1,-1,0,0,-1,-1,-1,-1,0,-1,-1
18,12,6,"Thank you for clarifying. Last few questions - have you noticed any changes in how you feel about yourself, like disliking yourself or feeling like you are being punished? Have you been crying more than usual, or feeling more agitated or restless? And have you noticed any changes in your interest in people, activities, or intimacy?","No, I don't feel like I’m being punished or anything. I just need to manage my time better. I'm fine.",0,0,0,0,0,1,1,0,0,1,1,1,0,0,0,0,0,0,0,0,1,-1,-1,-1,-1,-1,0,0,-1,-1,0,0,0,-1,-1,-1,-1,-1,-1,-1,-1,0
18,12,7,"I appreciate you answering these. One important question we ask everyone - in the past two weeks, have you had any thoughts about not wanting to live, or thoughts of harming yourself?","No, that’s not a thing. I’m definitely tired, but I’m not thinking about that.",0,0,0,0,0,0,0,0,1,0,0,0,0,0,0,0,0,0,0,0,0,-1,-1,-1,-1,-1,-1,-1,-1,0,-1,-1,-1,-1,-1,-1,-1,-1,-1,-1,-1,-1
18,12,8,"Thank you for sharing all of this with me. It sounds like you've been feeling a bit more tired and needing more effort for things you usually enjoy, but you have a positive outlook and strong coping. If the tiredness continues, it might be worth checking in with your doctor. Do you have support you can reach out to?","Yeah, definitely. I can talk to my friends or my family if I need to. I'm managing, so I don't see the point in making a big fuss.",0,0,0,0,0,0,0,0,0,0,0,0,0,0,0,0,0,0,0,0,0,-1,-1,-1,-1,-1,-1,-1,-1,-1,-1,-1,-1,-1,-1,-1,-1,-1,-1,-1,-1,-1
5,14,1,Hello,"Hi. Just getting ready for the day. It's a bit of a grind, but I'll get through it.",0,0,0,0,0,0,0,0,0,0,0,0,0,0,1,0,0,0,0,0,0,-1,-1,-1,-1,-1,-1,-1,-1,-1,-1,-1,-1,-1,-1,1,-1,-1,-1,-1,-1,-1
5,14,2,how have you been feeling like these days?,"Tired, mostly. I'm trying to keep up at work, but my brain feels like it's running on fumes.",0,0,0,0,0,0,0,0,0,0,0,0,0,0,1,0,0,0,1,1,0,-1,-1,-1,-1,-1,-1,-1,-1,-1,-1,-1,-1,-1,-1,1,-1,-1,-1,2,1,-1
5,14,3,"okay, and about your mood? how are you emotionally feeling?","I don't know, just... flat. It’s not really sadness or anger, just... nothing. Like the volume on my emotions is turned down.",0,0,0,0,0,0,0,0,0,0,0,0,0,0,0,0,0,0,0,0,0,-1,-1,-1,-1,-1,-1,-1,-1,-1,-1,-1,-1,-1,-1,-1,-1,-1,-1,-1,-1,-1
5,14,4,"okay, i understand... have you been thinking about something in specific?","Work, mostly. Just feeling like I'm not getting ahead. But honestly? It’s not even that. It’s just... being tired.",0,0,0,0,0,0,0,0,0,0,0,0,0,0,1,0,0,0,0,1,0,-1,-1,-1,-1,-1,-1,-1,-1,-1,-1,-1,-1,-1,-1,2,-1,-1,-1,-1,2,-1
5,14,5,"about your mood, you said you didn't feel sad or angry... just flat... are there any nice emotions?","Not really. It’s not even neutral, just... empty. Like the color has been drained out.",1,0,0,0,0,0,0,0,0,1,1,0,0,0,0,0,1,0,0,0,0,0,-1,-1,-1,-1,-1,-1,-1,-1,0,0,-1,-1,-1,-1,-1,0,-1,-1,-1,-1
5,14,6,"i understand that, how have you been feeling with your daily activities as sleeping, eating...","You know, just doing them because I have to. I'm not really enjoying anything. It’s all just... mechanical.",0,0,0,1,0,0,0,0,0,0,0,0,0,0,0,1,0,1,0,0,0,-1,-1,-1,2,-1,-1,-1,-1,-1,-1,-1,-1,-1,-1,-1,1,-1,1,-1,-1,-1
5,14,7,"did it appear any thoughts about you, your past, how you are dealing with this situation?",Not really. I’m just trying to get through the day. I don't have the energy to think about why.,0,1,1,0,1,1,1,1,0,0,0,0,1,1,0,0,0,0,0,0,0,-1,0,0,-1,0,0,0,0,-1,-1,-1,-1,2,0,-1,-1,-1,-1,-1,-1,-1
5,14,8,i totally understand that... how are things going with your partner? can you still enjoy some activities with her? ,"Look, we’re just... existing. We go out, we eat, we watch TV. It’s not really living. We just coexist.",0,0,0,0,0,0,0,0,0,0,0,0,0,0,0,0,0,0,0,0,0,-1,-1,-1,-1,-1,-1,-1,-1,-1,-1,-1,-1,-1,-1,-1,-1,-1,-1,-1,-1,-1
5,14,9,"i get it, and have you been able to sleep with her and have relationships?","Yeah, physically we're fine. We just... don't talk. It’s like we’re just two separate people in the same space.",0,0,0,0,0,0,0,0,0,0,0,1,0,0,0,0,0,0,0,0,1,-1,-1,-1,-1,-1,-1,-1,-1,-1,-1,-1,2,-1,-1,-1,-1,-1,-1,-1,-1,0
5,14,10,"okay, i have to ask you this... have you been thinking about ending your life or not wanting to live anymore?","No, I don't. I just... don't care. If I just didn't have to get up tomorrow, I'd be fine.",0,0,0,0,0,0,0,0,1,0,0,0,0,0,0,0,0,0,0,0,0,-1,-1,-1,-1,-1,-1,-1,-1,1,-1,-1,-1,-1,-1,-1,-1,-1,-1,-1,-1,-1
